21:11:46 ==============================================================================
21:11:46 EVENT-PROVENANCE RGAT  |  focal loss  |  neighbourhood sampling
21:11:46 ==============================================================================
21:11:46 ==============================================================================
EVENT-PROVENANCE SCHEMA (KQL contract)
==============================================================================
event types (6):  SignIn, ProcessCreate, NetworkConnection, FileActivity, SystemConfig, DnsQuery
relations   (6):  PROCESS_CHILD, SESSION_ACTION, HOST_SEQUENCE, USER_SEQUENCE, NET_TRIGGER, CONFIG_TRIGGER
------------------------------------------------------------------------------
feature block             offset   dim  kind
etype_onehot                   0     6  onehot
hour_sin_cos                   6     2  dense
dow_sin_cos                    8     2  dense
host_role_onehot              10     6  onehot
os_onehot                     16     2  onehot
user_role_onehot              18     3  onehot
auth_flags                    21     4  dense
integrity_onehot              25     3  onehot
net_flags                     28     2  dense
protocol_onehot               30     3  onehot
port_class_onehot             33     4  onehot
log_bytes                     37     1  dense
process_cat_onehot            38    14  onehot
file_cat_onehot               52     9  onehot
file_action_onehot            61     4  onehot
config_kind_onehot            65     5  onehot
dns_feats                     70     2  dense
cmdline_feats                 72     6  dense
TOTAL node features                 78
edge features: 8  (log_dt_min + dt bucket onehot + log_bytes)
==============================================================================
21:11:46 [run ] run dir: runs\20260809_211146_full_production
21:11:46 [env ] CUDA device: NVIDIA GeForce RTX 5060  VRAM 8.0 GB  torch 2.13.0+cu132
21:11:46 [data] loading cached dataset from data\graph_d34b2d9b067a.pt
21:11:46 [data]   nodes=402,064
[data]   PROCESS_CHILD    edges=   44,696
[data]   SESSION_ACTION   edges=   24,079
[data]   HOST_SEQUENCE    edges=  292,980
[data]   USER_SEQUENCE    edges=  315,563
[data]   NET_TRIGGER      edges=    8,158
[data]   CONFIG_TRIGGER   edges=    4,135
[data]   split train: nodes= 275,273  positive= 2,367  pos_rate=0.86%
[data]   split val  : nodes=  54,356  positive=   769  pos_rate=1.41%
[data]   split test : nodes=  60,664  positive=   779  pos_rate=1.28%
21:11:47 [model] EventProvenanceRGAT  layers=6 hidden=128 heads=4 params=784,497
21:11:47 [loss ] focal loss  gamma=2.0 alpha=0.75
21:11:47 [thr  ] threshold policy: f1
21:11:47 [train] 100 epochs x 19 steps (seeds/batch=512, pos=128/neg=384)
21:11:48 [train] ep 1 step   1/19 | loss 0.0505 (pos 0.129/neg 0.046) | sup 497+/8724- | seedF1 0.582 | subgraph n=9,221 e=29,336 | lr 3.07e-05 | gpu 835MB
21:11:48 [train] ep 1 step   5/19 | loss 0.0438 (pos 0.158/neg 0.038) | sup 516+/9395- | seedF1 0.499 | subgraph n=9,911 e=31,685 | lr 3.34e-05 | gpu 903MB
21:11:49 [train] ep 1 step  10/19 | loss 0.0370 (pos 0.197/neg 0.028) | sup 507+/9071- | seedF1 0.395 | subgraph n=9,578 e=30,809 | lr 3.67e-05 | gpu 921MB
21:11:49 [train] ep 1 step  15/19 | loss 0.0335 (pos 0.258/neg 0.020) | sup 480+/8260- | seedF1 0.309 | subgraph n=8,740 e=27,711 | lr 4.01e-05 | gpu 921MB
21:11:51 ┌────────────────────────────────────────────────────────────────────────────
21:11:51 │ EPOCH   1/100  train_loss 0.0386 (pos 0.208 / neg 0.029)  seedF1 0.261  3.0s  (59034 seeds/s)  eta ~5.0min
21:11:51 │ VAL  AUROC 0.7270 | AUPRC 0.0392 (base 0.0141) | F1 0.0941 (thr 0.368) | P 0.0746 R 0.1274 | MCC 0.0805
21:11:51 │ best AUPRC 0.0392 @ ep1   ** improved **
21:11:51 └────────────────────────────────────────────────────────────────────────────
21:11:51 [train] ep 2 step   1/19 | loss 0.0306 (pos 0.323/neg 0.015) | sup 466+/8727- | seedF1 0.549 | subgraph n=9,193 e=29,521 | lr 4.35e-05 | gpu 921MB
21:11:51 [train] ep 2 step   6/19 | loss 0.0316 (pos 0.373/neg 0.012) | sup 497+/8536- | seedF1 0.494 | subgraph n=9,033 e=28,621 | lr 4.69e-05 | gpu 921MB
21:11:52 [train] ep 2 step  11/19 | loss 0.0304 (pos 0.375/neg 0.011) | sup 484+/8374- | seedF1 0.455 | subgraph n=8,858 e=28,425 | lr 5.03e-05 | gpu 921MB
21:11:52 [train] ep 2 step  16/19 | loss 0.0303 (pos 0.356/neg 0.011) | sup 508+/8423- | seedF1 0.446 | subgraph n=8,931 e=28,831 | lr 5.36e-05 | gpu 921MB
21:11:54 ┌────────────────────────────────────────────────────────────────────────────
21:11:54 │ EPOCH   2/100  train_loss 0.0305 (pos 0.359 / neg 0.012)  seedF1 0.458  2.0s  (89846 seeds/s)  eta ~3.2min
21:11:54 │ VAL  AUROC 0.8107 | AUPRC 0.1330 (base 0.0141) | F1 0.1902 (thr 0.378) | P 0.1844 R 0.1964 | MCC 0.1783
21:11:54 │ best AUPRC 0.1330 @ ep2   ** improved **
21:11:54 └────────────────────────────────────────────────────────────────────────────
21:11:54 [train] ep 3 step   1/19 | loss 0.0278 (pos 0.325/neg 0.011) | sup 531+/9593- | seedF1 0.506 | subgraph n=10,124 e=32,418 | lr 5.63e-05 | gpu 923MB
21:11:54 [train] ep 3 step   2/19 | loss 0.0292 (pos 0.318/neg 0.012) | sup 531+/8667- | seedF1 0.531 | subgraph n=9,198 e=29,637 | lr 5.70e-05 | gpu 923MB
21:11:54 [train] ep 3 step   7/19 | loss 0.0283 (pos 0.290/neg 0.013) | sup 520+/8704- | seedF1 0.594 | subgraph n=9,224 e=29,422 | lr 6.04e-05 | gpu 923MB
21:11:55 [train] ep 3 step  12/19 | loss 0.0276 (pos 0.265/neg 0.013) | sup 510+/8312- | seedF1 0.637 | subgraph n=8,822 e=28,358 | lr 6.38e-05 | gpu 923MB
21:11:55 [train] ep 3 step  17/19 | loss 0.0271 (pos 0.276/neg 0.012) | sup 527+/8599- | seedF1 0.656 | subgraph n=9,126 e=29,850 | lr 6.71e-05 | gpu 923MB
21:11:57 ┌────────────────────────────────────────────────────────────────────────────
21:11:57 │ EPOCH   3/100  train_loss 0.0276 (pos 0.287 / neg 0.012)  seedF1 0.663  2.0s  (90154 seeds/s)  eta ~3.2min
21:11:57 │ VAL  AUROC 0.8374 | AUPRC 0.1444 (base 0.0141) | F1 0.1984 (thr 0.465) | P 0.1487 R 0.2978 | MCC 0.1945
21:11:57 │ best AUPRC 0.1444 @ ep3   ** improved **
21:11:57 └────────────────────────────────────────────────────────────────────────────
21:11:57 [train] ep 4 step   1/19 | loss 0.0252 (pos 0.276/neg 0.011) | sup 504+/9116- | seedF1 0.287 | subgraph n=9,620 e=30,601 | lr 6.92e-05 | gpu 923MB
21:11:57 [train] ep 4 step   3/19 | loss 0.0257 (pos 0.278/neg 0.011) | sup 496+/8397- | seedF1 0.348 | subgraph n=8,893 e=28,578 | lr 7.05e-05 | gpu 923MB
21:11:58 [train] ep 4 step   8/19 | loss 0.0258 (pos 0.285/neg 0.010) | sup 508+/8273- | seedF1 0.381 | subgraph n=8,781 e=27,992 | lr 7.39e-05 | gpu 923MB
21:11:58 [train] ep 4 step  13/19 | loss 0.0230 (pos 0.264/neg 0.010) | sup 482+/8968- | seedF1 0.418 | subgraph n=9,450 e=30,393 | lr 7.72e-05 | gpu 929MB
21:11:59 [train] ep 4 step  18/19 | loss 0.0239 (pos 0.255/neg 0.010) | sup 544+/9022- | seedF1 0.466 | subgraph n=9,566 e=30,534 | lr 8.06e-05 | gpu 929MB
21:12:00 ┌────────────────────────────────────────────────────────────────────────────
21:12:00 │ EPOCH   4/100  train_loss 0.0239 (pos 0.267 / neg 0.010)  seedF1 0.472  2.0s  (90367 seeds/s)  eta ~3.2min
21:12:00 │ VAL  AUROC 0.8856 | AUPRC 0.1801 (base 0.0141) | F1 0.2302 (thr 0.569) | P 0.1741 R 0.3394 | MCC 0.2281
21:12:00 │ best AUPRC 0.1801 @ ep4   ** improved **
21:12:00 └────────────────────────────────────────────────────────────────────────────
21:12:00 [train] ep 5 step   1/19 | loss 0.0230 (pos 0.258/neg 0.009) | sup 519+/8647- | seedF1 0.231 | subgraph n=9,166 e=29,491 | lr 8.20e-05 | gpu 929MB
21:12:00 [train] ep 5 step   4/19 | loss 0.0208 (pos 0.229/neg 0.010) | sup 481+/8836- | seedF1 0.279 | subgraph n=9,317 e=29,735 | lr 8.40e-05 | gpu 929MB
21:12:01 [train] ep 5 step   9/19 | loss 0.0197 (pos 0.227/neg 0.009) | sup 511+/9555- | seedF1 0.337 | subgraph n=10,066 e=32,582 | lr 8.74e-05 | gpu 929MB
21:12:01 [train] ep 5 step  14/19 | loss 0.0201 (pos 0.235/neg 0.008) | sup 464+/8317- | seedF1 0.378 | subgraph n=8,781 e=28,120 | lr 9.07e-05 | gpu 929MB
21:12:02 [train] ep 5 step  19/19 | loss 0.0192 (pos 0.213/neg 0.008) | sup 485+/8743- | seedF1 0.403 | subgraph n=9,228 e=29,807 | lr 9.41e-05 | gpu 929MB
21:12:03 ┌────────────────────────────────────────────────────────────────────────────
21:12:03 │ EPOCH   5/100  train_loss 0.0209 (pos 0.232 / neg 0.009)  seedF1 0.403  2.0s  (88960 seeds/s)  eta ~3.1min
21:12:03 │ VAL  AUROC 0.9193 | AUPRC 0.3078 (base 0.0141) | F1 0.3474 (thr 0.685) | P 0.4024 R 0.3056 | MCC 0.3426
21:12:03 │ best AUPRC 0.3078 @ ep5   ** improved **
21:12:03 └────────────────────────────────────────────────────────────────────────────
21:12:03 [train] ep 6 step   1/19 | loss 0.0198 (pos 0.215/neg 0.008) | sup 520+/8799- | seedF1 0.204 | subgraph n=9,319 e=30,173 | lr 9.48e-05 | gpu 929MB
21:12:03 [train] ep 6 step   5/19 | loss 0.0211 (pos 0.237/neg 0.009) | sup 502+/8621- | seedF1 0.187 | subgraph n=9,123 e=29,082 | lr 9.75e-05 | gpu 929MB
21:12:04 [train] ep 6 step  10/19 | loss 0.0188 (pos 0.208/neg 0.008) | sup 513+/8903- | seedF1 0.220 | subgraph n=9,416 e=30,270 | lr 1.01e-04 | gpu 929MB
21:12:04 [train] ep 6 step  15/19 | loss 0.0172 (pos 0.189/neg 0.008) | sup 493+/8700- | seedF1 0.228 | subgraph n=9,193 e=29,488 | lr 1.04e-04 | gpu 929MB
21:12:06 ┌────────────────────────────────────────────────────────────────────────────
21:12:06 │ EPOCH   6/100  train_loss 0.0185 (pos 0.206 / neg 0.008)  seedF1 0.255  1.9s  (91595 seeds/s)  eta ~3.0min
21:12:06 │ VAL  AUROC 0.9287 | AUPRC 0.3991 (base 0.0141) | F1 0.4137 (thr 0.707) | P 0.4725 R 0.3680 | MCC 0.4096
21:12:06 │ best AUPRC 0.3991 @ ep6   ** improved **
21:12:06 └────────────────────────────────────────────────────────────────────────────
21:12:06 [train] ep 7 step   1/19 | loss 0.0166 (pos 0.200/neg 0.007) | sup 497+/9174- | seedF1 0.279 | subgraph n=9,671 e=31,490 | lr 1.08e-04 | gpu 929MB
21:12:07 [train] ep 7 step   6/19 | loss 0.0177 (pos 0.209/neg 0.007) | sup 498+/8877- | seedF1 0.289 | subgraph n=9,375 e=30,219 | lr 1.11e-04 | gpu 929MB
21:12:07 [train] ep 7 step  11/19 | loss 0.0146 (pos 0.165/neg 0.007) | sup 468+/8864- | seedF1 0.319 | subgraph n=9,332 e=29,557 | lr 1.14e-04 | gpu 929MB
21:12:08 [train] ep 7 step  16/19 | loss 0.0168 (pos 0.174/neg 0.007) | sup 513+/8535- | seedF1 0.321 | subgraph n=9,048 e=29,594 | lr 1.18e-04 | gpu 929MB
21:12:09 ┌────────────────────────────────────────────────────────────────────────────
21:12:09 │ EPOCH   7/100  train_loss 0.0169 (pos 0.191 / neg 0.007)  seedF1 0.336  2.1s  (84401 seeds/s)  eta ~3.2min
21:12:09 │ VAL  AUROC 0.9350 | AUPRC 0.4813 (base 0.0141) | F1 0.4840 (thr 0.705) | P 0.5346 R 0.4421 | MCC 0.4795
21:12:09 │ best AUPRC 0.4813 @ ep7   ** improved **
21:12:09 └────────────────────────────────────────────────────────────────────────────
21:12:09 [train] ep 8 step   1/19 | loss 0.0169 (pos 0.182/neg 0.007) | sup 547+/9383- | seedF1 0.379 | subgraph n=9,930 e=31,579 | lr 1.20e-04 | gpu 929MB
21:12:09 [train] ep 8 step   2/19 | loss 0.0155 (pos 0.165/neg 0.007) | sup 462+/8281- | seedF1 0.409 | subgraph n=8,743 e=28,105 | lr 1.21e-04 | gpu 929MB
21:12:10 [train] ep 8 step   7/19 | loss 0.0144 (pos 0.182/neg 0.006) | sup 430+/8777- | seedF1 0.446 | subgraph n=9,207 e=29,219 | lr 1.24e-04 | gpu 929MB
21:12:10 [train] ep 8 step  12/19 | loss 0.0147 (pos 0.175/neg 0.007) | sup 458+/9123- | seedF1 0.449 | subgraph n=9,581 e=30,591 | lr 1.28e-04 | gpu 929MB
21:12:11 [train] ep 8 step  17/19 | loss 0.0147 (pos 0.181/neg 0.006) | sup 466+/8924- | seedF1 0.457 | subgraph n=9,390 e=29,961 | lr 1.31e-04 | gpu 929MB
21:12:12 ┌────────────────────────────────────────────────────────────────────────────
21:12:12 │ EPOCH   8/100  train_loss 0.0155 (pos 0.179 / neg 0.006)  seedF1 0.459  2.0s  (86497 seeds/s)  eta ~3.1min
21:12:12 │ VAL  AUROC 0.9431 | AUPRC 0.5353 (base 0.0141) | F1 0.5267 (thr 0.725) | P 0.7175 R 0.4161 | MCC 0.5417
21:12:12 │ best AUPRC 0.5353 @ ep8   ** improved **
21:12:12 └────────────────────────────────────────────────────────────────────────────
21:12:13 [train] ep 9 step   1/19 | loss 0.0163 (pos 0.199/neg 0.006) | sup 465+/8208- | seedF1 0.448 | subgraph n=8,673 e=27,800 | lr 1.33e-04 | gpu 929MB
21:12:13 [train] ep 9 step   3/19 | loss 0.0154 (pos 0.171/neg 0.007) | sup 496+/8677- | seedF1 0.419 | subgraph n=9,173 e=29,375 | lr 1.35e-04 | gpu 929MB
21:12:13 [train] ep 9 step   8/19 | loss 0.0130 (pos 0.139/neg 0.006) | sup 453+/8438- | seedF1 0.491 | subgraph n=8,891 e=28,066 | lr 1.38e-04 | gpu 929MB
21:12:14 [train] ep 9 step  13/19 | loss 0.0152 (pos 0.173/neg 0.005) | sup 517+/8424- | seedF1 0.492 | subgraph n=8,941 e=29,114 | lr 1.41e-04 | gpu 929MB
21:12:14 [train] ep 9 step  18/19 | loss 0.0157 (pos 0.171/neg 0.007) | sup 511+/8746- | seedF1 0.511 | subgraph n=9,257 e=29,833 | lr 1.45e-04 | gpu 929MB
21:12:15 ┌────────────────────────────────────────────────────────────────────────────
21:12:15 │ EPOCH   9/100  train_loss 0.0149 (pos 0.164 / neg 0.006)  seedF1 0.512  1.9s  (90275 seeds/s)  eta ~3.0min
21:12:15 │ VAL  AUROC 0.9465 | AUPRC 0.5495 (base 0.0141) | F1 0.5401 (thr 0.751) | P 0.6156 R 0.4811 | MCC 0.5385
21:12:15 │ best AUPRC 0.5495 @ ep9   ** improved **
21:12:15 └────────────────────────────────────────────────────────────────────────────
21:12:16 [train] ep10 step   1/19 | loss 0.0146 (pos 0.152/neg 0.006) | sup 536+/8562- | seedF1 0.488 | subgraph n=9,098 e=29,255 | lr 1.46e-04 | gpu 929MB
21:12:16 [train] ep10 step   4/19 | loss 0.0153 (pos 0.168/neg 0.006) | sup 568+/9204- | seedF1 0.473 | subgraph n=9,772 e=31,120 | lr 1.48e-04 | gpu 929MB
21:12:16 [train] ep10 step   9/19 | loss 0.0139 (pos 0.147/neg 0.007) | sup 473+/9035- | seedF1 0.480 | subgraph n=9,508 e=30,304 | lr 1.51e-04 | gpu 929MB
21:12:17 [train] ep10 step  14/19 | loss 0.0139 (pos 0.171/neg 0.006) | sup 482+/9227- | seedF1 0.479 | subgraph n=9,709 e=30,801 | lr 1.55e-04 | gpu 929MB
21:12:17 [train] ep10 step  19/19 | loss 0.0131 (pos 0.133/neg 0.006) | sup 510+/9004- | seedF1 0.501 | subgraph n=9,514 e=30,252 | lr 1.58e-04 | gpu 929MB
21:12:18 ┌────────────────────────────────────────────────────────────────────────────
21:12:18 │ EPOCH  10/100  train_loss 0.0139 (pos 0.156 / neg 0.006)  seedF1 0.501  2.0s  (91501 seeds/s)  eta ~3.0min
21:12:18 │ VAL  AUROC 0.9481 | AUPRC 0.5729 (base 0.0141) | F1 0.5635 (thr 0.760) | P 0.6673 R 0.4876 | MCC 0.5653
21:12:18 │ best AUPRC 0.5729 @ ep10   ** improved **
21:12:18 └────────────────────────────────────────────────────────────────────────────
21:12:19 [train] ep11 step   1/19 | loss 0.0122 (pos 0.142/neg 0.006) | sup 456+/9149- | seedF1 0.499 | subgraph n=9,605 e=30,603 | lr 1.59e-04 | gpu 929MB
21:12:19 [train] ep11 step   5/19 | loss 0.0140 (pos 0.154/neg 0.005) | sup 549+/8640- | seedF1 0.517 | subgraph n=9,189 e=29,174 | lr 1.62e-04 | gpu 929MB
21:12:19 [train] ep11 step  10/19 | loss 0.0129 (pos 0.129/neg 0.007) | sup 498+/9170- | seedF1 0.536 | subgraph n=9,668 e=30,703 | lr 1.65e-04 | gpu 929MB
21:12:20 [train] ep11 step  15/19 | loss 0.0127 (pos 0.158/neg 0.006) | sup 420+/8643- | seedF1 0.538 | subgraph n=9,063 e=28,859 | lr 1.68e-04 | gpu 929MB
21:12:22 ┌────────────────────────────────────────────────────────────────────────────
21:12:22 │ EPOCH  11/100  train_loss 0.0133 (pos 0.152 / neg 0.005)  seedF1 0.532  2.0s  (89329 seeds/s)  eta ~3.0min
21:12:22 │ VAL  AUROC 0.9478 | AUPRC 0.5886 (base 0.0141) | F1 0.5867 (thr 0.766) | P 0.7391 R 0.4863 | MCC 0.5951
21:12:22 │ best AUPRC 0.5886 @ ep11   ** improved **
21:12:22 └────────────────────────────────────────────────────────────────────────────
21:12:22 [train] ep12 step   1/19 | loss 0.0132 (pos 0.153/neg 0.006) | sup 465+/8963- | seedF1 0.516 | subgraph n=9,428 e=29,908 | lr 1.72e-04 | gpu 929MB
21:12:22 [train] ep12 step   6/19 | loss 0.0135 (pos 0.159/neg 0.005) | sup 483+/8686- | seedF1 0.551 | subgraph n=9,169 e=29,456 | lr 1.75e-04 | gpu 929MB
21:12:23 [train] ep12 step  11/19 | loss 0.0134 (pos 0.153/neg 0.005) | sup 544+/9020- | seedF1 0.552 | subgraph n=9,564 e=30,538 | lr 1.78e-04 | gpu 976MB
21:12:23 [train] ep12 step  16/19 | loss 0.0123 (pos 0.153/neg 0.005) | sup 474+/9084- | seedF1 0.560 | subgraph n=9,558 e=30,778 | lr 1.82e-04 | gpu 976MB
21:12:25 ┌────────────────────────────────────────────────────────────────────────────
21:12:25 │ EPOCH  12/100  train_loss 0.0124 (pos 0.142 / neg 0.005)  seedF1 0.561  2.0s  (89338 seeds/s)  eta ~2.9min
21:12:25 │ VAL  AUROC 0.9547 | AUPRC 0.6076 (base 0.0141) | F1 0.6062 (thr 0.805) | P 0.9023 R 0.4564 | MCC 0.6385
21:12:25 │ best AUPRC 0.6076 @ ep12   ** improved **
21:12:25 └────────────────────────────────────────────────────────────────────────────
21:12:25 [train] ep13 step   1/19 | loss 0.0127 (pos 0.139/neg 0.006) | sup 485+/8655- | seedF1 0.538 | subgraph n=9,140 e=29,718 | lr 1.85e-04 | gpu 976MB
21:12:25 [train] ep13 step   2/19 | loss 0.0126 (pos 0.140/neg 0.006) | sup 490+/9210- | seedF1 0.526 | subgraph n=9,700 e=31,184 | lr 1.85e-04 | gpu 976MB
21:12:25 [train] ep13 step   7/19 | loss 0.0125 (pos 0.138/neg 0.005) | sup 503+/8632- | seedF1 0.512 | subgraph n=9,135 e=29,817 | lr 1.89e-04 | gpu 976MB
21:12:26 [train] ep13 step  12/19 | loss 0.0135 (pos 0.158/neg 0.005) | sup 483+/8434- | seedF1 0.516 | subgraph n=8,917 e=28,526 | lr 1.92e-04 | gpu 976MB
21:12:26 [train] ep13 step  17/19 | loss 0.0120 (pos 0.136/neg 0.005) | sup 516+/8922- | seedF1 0.515 | subgraph n=9,438 e=30,696 | lr 1.95e-04 | gpu 976MB
21:12:28 ┌────────────────────────────────────────────────────────────────────────────
21:12:28 │ EPOCH  13/100  train_loss 0.0123 (pos 0.138 / neg 0.005)  seedF1 0.515  2.0s  (89724 seeds/s)  eta ~2.9min
21:12:28 │ VAL  AUROC 0.9539 | AUPRC 0.6109 (base 0.0141) | F1 0.6058 (thr 0.808) | P 0.9500 R 0.4447 | MCC 0.6470
21:12:28 │ best AUPRC 0.6109 @ ep13   ** improved **
21:12:28 └────────────────────────────────────────────────────────────────────────────
21:12:28 [train] ep14 step   1/19 | loss 0.0129 (pos 0.151/neg 0.004) | sup 526+/8641- | seedF1 0.462 | subgraph n=9,167 e=29,192 | lr 1.97e-04 | gpu 976MB
21:12:28 [train] ep14 step   3/19 | loss 0.0132 (pos 0.130/neg 0.006) | sup 538+/8209- | seedF1 0.506 | subgraph n=8,747 e=28,158 | lr 1.99e-04 | gpu 976MB
21:12:28 [train] ep14 step   8/19 | loss 0.0124 (pos 0.160/neg 0.004) | sup 500+/9233- | seedF1 0.510 | subgraph n=9,733 e=31,086 | lr 2.02e-04 | gpu 976MB
21:12:29 [train] ep14 step  13/19 | loss 0.0132 (pos 0.133/neg 0.006) | sup 520+/8361- | seedF1 0.523 | subgraph n=8,881 e=28,562 | lr 2.05e-04 | gpu 976MB
21:12:30 [train] ep14 step  18/19 | loss 0.0119 (pos 0.141/neg 0.005) | sup 462+/8615- | seedF1 0.535 | subgraph n=9,077 e=29,266 | lr 2.09e-04 | gpu 976MB
21:12:31 ┌────────────────────────────────────────────────────────────────────────────
21:12:31 │ EPOCH  14/100  train_loss 0.0122 (pos 0.135 / neg 0.005)  seedF1 0.533  1.9s  (89734 seeds/s)  eta ~2.8min
21:12:31 │ VAL  AUROC 0.9566 | AUPRC 0.6249 (base 0.0141) | F1 0.6205 (thr 0.785) | P 0.9052 R 0.4720 | MCC 0.6505
21:12:31 │ best AUPRC 0.6249 @ ep14   ** improved **
21:12:31 └────────────────────────────────────────────────────────────────────────────
21:12:31 [train] ep15 step   1/19 | loss 0.0113 (pos 0.118/neg 0.005) | sup 527+/8610- | seedF1 0.614 | subgraph n=9,137 e=28,989 | lr 2.10e-04 | gpu 976MB
21:12:31 [train] ep15 step   4/19 | loss 0.0125 (pos 0.134/neg 0.006) | sup 483+/8505- | seedF1 0.593 | subgraph n=8,988 e=29,100 | lr 2.12e-04 | gpu 976MB
21:12:32 [train] ep15 step   9/19 | loss 0.0119 (pos 0.145/neg 0.004) | sup 535+/9456- | seedF1 0.595 | subgraph n=9,991 e=32,159 | lr 2.16e-04 | gpu 976MB
21:12:32 [train] ep15 step  14/19 | loss 0.0107 (pos 0.115/neg 0.005) | sup 524+/9753- | seedF1 0.595 | subgraph n=10,277 e=32,661 | lr 2.19e-04 | gpu 976MB
21:12:33 [train] ep15 step  19/19 | loss 0.0119 (pos 0.126/neg 0.005) | sup 536+/8733- | seedF1 0.595 | subgraph n=9,269 e=29,697 | lr 2.22e-04 | gpu 976MB
21:12:34 ┌────────────────────────────────────────────────────────────────────────────
21:12:34 │ EPOCH  15/100  train_loss 0.0114 (pos 0.126 / neg 0.005)  seedF1 0.595  2.0s  (91995 seeds/s)  eta ~2.8min
21:12:34 │ VAL  AUROC 0.9575 | AUPRC 0.6256 (base 0.0141) | F1 0.6230 (thr 0.807) | P 0.9256 R 0.4694 | MCC 0.6561
21:12:34 │ best AUPRC 0.6256 @ ep15   ** improved **
21:12:34 └────────────────────────────────────────────────────────────────────────────
21:12:34 [train] ep16 step   1/19 | loss 0.0108 (pos 0.124/neg 0.005) | sup 444+/8508- | seedF1 0.613 | subgraph n=8,952 e=28,794 | lr 2.23e-04 | gpu 976MB
21:12:34 [train] ep16 step   5/19 | loss 0.0118 (pos 0.140/neg 0.005) | sup 505+/8919- | seedF1 0.568 | subgraph n=9,424 e=30,330 | lr 2.26e-04 | gpu 976MB
21:12:35 [train] ep16 step  10/19 | loss 0.0117 (pos 0.116/neg 0.006) | sup 500+/8438- | seedF1 0.559 | subgraph n=8,938 e=28,639 | lr 2.29e-04 | gpu 976MB
21:12:35 [train] ep16 step  15/19 | loss 0.0124 (pos 0.162/neg 0.004) | sup 527+/9037- | seedF1 0.569 | subgraph n=9,564 e=30,745 | lr 2.32e-04 | gpu 976MB
21:12:37 ┌────────────────────────────────────────────────────────────────────────────
21:12:37 │ EPOCH  16/100  train_loss 0.0112 (pos 0.127 / neg 0.005)  seedF1 0.569  1.9s  (93584 seeds/s)  eta ~2.6min
21:12:37 │ VAL  AUROC 0.9598 | AUPRC 0.6491 (base 0.0141) | F1 0.6476 (thr 0.799) | P 0.9209 R 0.4993 | MCC 0.6751
21:12:37 │ best AUPRC 0.6491 @ ep16   ** improved **
21:12:37 └────────────────────────────────────────────────────────────────────────────
21:12:37 [train] ep17 step   1/19 | loss 0.0103 (pos 0.106/neg 0.005) | sup 458+/9066- | seedF1 0.614 | subgraph n=9,524 e=30,588 | lr 2.36e-04 | gpu 976MB
21:12:37 [train] ep17 step   6/19 | loss 0.0112 (pos 0.134/neg 0.004) | sup 489+/8452- | seedF1 0.612 | subgraph n=8,941 e=28,947 | lr 2.39e-04 | gpu 976MB
21:12:38 [train] ep17 step  11/19 | loss 0.0093 (pos 0.095/neg 0.004) | sup 505+/8825- | seedF1 0.621 | subgraph n=9,330 e=29,738 | lr 2.43e-04 | gpu 976MB
21:12:38 [train] ep17 step  16/19 | loss 0.0106 (pos 0.127/neg 0.004) | sup 473+/8408- | seedF1 0.604 | subgraph n=8,881 e=28,721 | lr 2.46e-04 | gpu 976MB
21:12:39 ┌────────────────────────────────────────────────────────────────────────────
21:12:39 │ EPOCH  17/100  train_loss 0.0106 (pos 0.117 / neg 0.005)  seedF1 0.614  1.9s  (92353 seeds/s)  eta ~2.7min
21:12:39 │ VAL  AUROC 0.9605 | AUPRC 0.6675 (base 0.0141) | F1 0.6683 (thr 0.770) | P 0.9065 R 0.5293 | MCC 0.6896
21:12:39 │ best AUPRC 0.6675 @ ep17   ** improved **
21:12:39 └────────────────────────────────────────────────────────────────────────────
21:12:40 [train] ep18 step   1/19 | loss 0.0109 (pos 0.110/neg 0.005) | sup 549+/9401- | seedF1 0.650 | subgraph n=9,950 e=32,005 | lr 2.49e-04 | gpu 976MB
21:12:40 [train] ep18 step   2/19 | loss 0.0111 (pos 0.113/neg 0.005) | sup 534+/8265- | seedF1 0.675 | subgraph n=8,799 e=28,291 | lr 2.49e-04 | gpu 976MB
21:12:40 [train] ep18 step   7/19 | loss 0.0109 (pos 0.137/neg 0.004) | sup 485+/9425- | seedF1 0.658 | subgraph n=9,910 e=31,117 | lr 2.53e-04 | gpu 976MB
21:12:41 [train] ep18 step  12/19 | loss 0.0109 (pos 0.117/neg 0.005) | sup 489+/8319- | seedF1 0.646 | subgraph n=8,808 e=28,373 | lr 2.56e-04 | gpu 976MB
21:12:41 [train] ep18 step  17/19 | loss 0.0105 (pos 0.111/neg 0.004) | sup 516+/8687- | seedF1 0.644 | subgraph n=9,203 e=29,641 | lr 2.59e-04 | gpu 976MB
21:12:42 ┌────────────────────────────────────────────────────────────────────────────
21:12:42 │ EPOCH  18/100  train_loss 0.0105 (pos 0.120 / neg 0.004)  seedF1 0.647  1.9s  (92074 seeds/s)  eta ~2.6min
21:12:42 │ VAL  AUROC 0.9599 | AUPRC 0.6445 (base 0.0141) | F1 0.6431 (thr 0.811) | P 0.9117 R 0.4967 | MCC 0.6698
21:12:42 │ best AUPRC 0.6675 @ ep17   patience 19/20
21:12:42 └────────────────────────────────────────────────────────────────────────────
21:12:43 [train] ep19 step   1/19 | loss 0.0099 (pos 0.096/neg 0.005) | sup 529+/8762- | seedF1 0.601 | subgraph n=9,291 e=29,853 | lr 2.62e-04 | gpu 976MB
21:12:43 [train] ep19 step   3/19 | loss 0.0100 (pos 0.110/neg 0.004) | sup 494+/8438- | seedF1 0.600 | subgraph n=8,932 e=28,844 | lr 2.63e-04 | gpu 976MB
21:12:43 [train] ep19 step   8/19 | loss 0.0099 (pos 0.126/neg 0.004) | sup 467+/9078- | seedF1 0.611 | subgraph n=9,545 e=30,328 | lr 2.66e-04 | gpu 976MB
21:12:44 [train] ep19 step  13/19 | loss 0.0099 (pos 0.101/neg 0.004) | sup 528+/8768- | seedF1 0.625 | subgraph n=9,296 e=29,839 | lr 2.70e-04 | gpu 976MB
21:12:44 [train] ep19 step  18/19 | loss 0.0100 (pos 0.104/neg 0.004) | sup 510+/8545- | seedF1 0.621 | subgraph n=9,055 e=29,200 | lr 2.73e-04 | gpu 976MB
21:12:45 ┌────────────────────────────────────────────────────────────────────────────
21:12:45 │ EPOCH  19/100  train_loss 0.0100 (pos 0.109 / neg 0.004)  seedF1 0.621  1.9s  (93050 seeds/s)  eta ~2.5min
21:12:45 │ VAL  AUROC 0.9664 | AUPRC 0.6757 (base 0.0141) | F1 0.6623 (thr 0.772) | P 0.9072 R 0.5215 | MCC 0.6847
21:12:45 │ best AUPRC 0.6757 @ ep19   ** improved **
21:12:45 └────────────────────────────────────────────────────────────────────────────
21:12:45 [train] ep20 step   1/19 | loss 0.0098 (pos 0.104/neg 0.004) | sup 484+/8428- | seedF1 0.597 | subgraph n=8,912 e=28,621 | lr 2.74e-04 | gpu 976MB
21:12:46 [train] ep20 step   4/19 | loss 0.0098 (pos 0.115/neg 0.004) | sup 511+/8849- | seedF1 0.628 | subgraph n=9,360 e=30,479 | lr 2.76e-04 | gpu 976MB
21:12:46 [train] ep20 step   9/19 | loss 0.0101 (pos 0.108/neg 0.005) | sup 469+/8407- | seedF1 0.650 | subgraph n=8,876 e=28,200 | lr 2.80e-04 | gpu 976MB
21:12:47 [train] ep20 step  14/19 | loss 0.0108 (pos 0.123/neg 0.004) | sup 535+/9163- | seedF1 0.646 | subgraph n=9,698 e=31,140 | lr 2.83e-04 | gpu 976MB
21:12:47 [train] ep20 step  19/19 | loss 0.0107 (pos 0.136/neg 0.004) | sup 475+/8562- | seedF1 0.640 | subgraph n=9,037 e=29,219 | lr 2.86e-04 | gpu 976MB
21:12:48 ┌────────────────────────────────────────────────────────────────────────────
21:12:48 │ EPOCH  20/100  train_loss 0.0101 (pos 0.112 / neg 0.004)  seedF1 0.640  1.9s  (91940 seeds/s)  eta ~2.5min
21:12:48 │ VAL  AUROC 0.9646 | AUPRC 0.6725 (base 0.0141) | F1 0.6705 (thr 0.758) | P 0.9146 R 0.5293 | MCC 0.6927
21:12:48 │ best AUPRC 0.6757 @ ep19   patience 19/20
21:12:48 └────────────────────────────────────────────────────────────────────────────
21:12:48 [train] ep21 step   1/19 | loss 0.0104 (pos 0.124/neg 0.004) | sup 514+/8541- | seedF1 0.641 | subgraph n=9,055 e=29,064 | lr 2.87e-04 | gpu 976MB
21:12:49 [train] ep21 step   5/19 | loss 0.0094 (pos 0.083/neg 0.005) | sup 494+/9190- | seedF1 0.647 | subgraph n=9,684 e=30,779 | lr 2.90e-04 | gpu 976MB
21:12:49 [train] ep21 step  10/19 | loss 0.0107 (pos 0.127/neg 0.004) | sup 543+/8920- | seedF1 0.662 | subgraph n=9,463 e=30,946 | lr 2.93e-04 | gpu 976MB
21:12:50 [train] ep21 step  15/19 | loss 0.0111 (pos 0.113/neg 0.005) | sup 504+/8251- | seedF1 0.666 | subgraph n=8,755 e=27,806 | lr 2.97e-04 | gpu 976MB
21:12:51 ┌────────────────────────────────────────────────────────────────────────────
21:12:51 │ EPOCH  21/100  train_loss 0.0101 (pos 0.107 / neg 0.004)  seedF1 0.670  1.9s  (92659 seeds/s)  eta ~2.5min
21:12:51 │ VAL  AUROC 0.9646 | AUPRC 0.6791 (base 0.0141) | F1 0.6795 (thr 0.788) | P 0.9487 R 0.5293 | MCC 0.7058
21:12:51 │ best AUPRC 0.6791 @ ep21   ** improved **
21:12:51 └────────────────────────────────────────────────────────────────────────────
21:12:51 [train] ep22 step   1/19 | loss 0.0111 (pos 0.133/neg 0.004) | sup 522+/8984- | seedF1 0.620 | subgraph n=9,506 e=30,340 | lr 3.00e-04 | gpu 976MB
21:12:52 [train] ep22 step   6/19 | loss 0.0095 (pos 0.105/neg 0.004) | sup 458+/8585- | seedF1 0.631 | subgraph n=9,043 e=28,884 | lr 3.00e-04 | gpu 976MB
21:12:52 [train] ep22 step  11/19 | loss 0.0093 (pos 0.106/neg 0.004) | sup 487+/9034- | seedF1 0.629 | subgraph n=9,521 e=30,561 | lr 3.00e-04 | gpu 976MB
21:12:53 [train] ep22 step  16/19 | loss 0.0093 (pos 0.102/neg 0.004) | sup 463+/8867- | seedF1 0.635 | subgraph n=9,330 e=29,980 | lr 3.00e-04 | gpu 976MB
21:12:54 ┌────────────────────────────────────────────────────────────────────────────
21:12:54 │ EPOCH  22/100  train_loss 0.0096 (pos 0.107 / neg 0.004)  seedF1 0.632  1.9s  (94846 seeds/s)  eta ~2.5min
21:12:54 │ VAL  AUROC 0.9661 | AUPRC 0.6873 (base 0.0141) | F1 0.6843 (thr 0.769) | P 0.9388 R 0.5384 | MCC 0.7081
21:12:54 │ best AUPRC 0.6873 @ ep22   ** improved **
21:12:54 └────────────────────────────────────────────────────────────────────────────
21:12:54 [train] ep23 step   1/19 | loss 0.0091 (pos 0.110/neg 0.004) | sup 514+/9698- | seedF1 0.640 | subgraph n=10,212 e=32,697 | lr 3.00e-04 | gpu 976MB
21:12:54 [train] ep23 step   2/19 | loss 0.0104 (pos 0.119/neg 0.004) | sup 525+/8989- | seedF1 0.638 | subgraph n=9,514 e=30,279 | lr 3.00e-04 | gpu 976MB
21:12:55 [train] ep23 step   7/19 | loss 0.0084 (pos 0.096/neg 0.003) | sup 503+/8899- | seedF1 0.663 | subgraph n=9,402 e=30,243 | lr 3.00e-04 | gpu 976MB
21:12:55 [train] ep23 step  12/19 | loss 0.0085 (pos 0.095/neg 0.004) | sup 463+/8818- | seedF1 0.668 | subgraph n=9,281 e=29,997 | lr 3.00e-04 | gpu 976MB
21:12:56 [train] ep23 step  17/19 | loss 0.0097 (pos 0.125/neg 0.003) | sup 472+/8632- | seedF1 0.675 | subgraph n=9,104 e=29,113 | lr 3.00e-04 | gpu 976MB
21:12:57 ┌────────────────────────────────────────────────────────────────────────────
21:12:57 │ EPOCH  23/100  train_loss 0.0091 (pos 0.104 / neg 0.004)  seedF1 0.673  1.9s  (94402 seeds/s)  eta ~2.5min
21:12:57 │ VAL  AUROC 0.9657 | AUPRC 0.6749 (base 0.0141) | F1 0.6745 (thr 0.811) | P 0.9592 R 0.5202 | MCC 0.7036
21:12:57 │ best AUPRC 0.6873 @ ep22   patience 19/20
21:12:57 └────────────────────────────────────────────────────────────────────────────
21:12:57 [train] ep24 step   1/19 | loss 0.0090 (pos 0.090/neg 0.004) | sup 474+/8525- | seedF1 0.602 | subgraph n=8,999 e=28,949 | lr 3.00e-04 | gpu 976MB
21:12:57 [train] ep24 step   3/19 | loss 0.0086 (pos 0.077/neg 0.005) | sup 510+/8810- | seedF1 0.621 | subgraph n=9,320 e=30,054 | lr 3.00e-04 | gpu 976MB
21:12:58 [train] ep24 step   8/19 | loss 0.0089 (pos 0.111/neg 0.004) | sup 486+/9174- | seedF1 0.604 | subgraph n=9,660 e=30,799 | lr 2.99e-04 | gpu 976MB
21:12:58 [train] ep24 step  13/19 | loss 0.0074 (pos 0.086/neg 0.003) | sup 501+/9937- | seedF1 0.615 | subgraph n=10,438 e=33,332 | lr 2.99e-04 | gpu 976MB
21:12:59 [train] ep24 step  18/19 | loss 0.0085 (pos 0.114/neg 0.003) | sup 461+/9237- | seedF1 0.618 | subgraph n=9,698 e=31,209 | lr 2.99e-04 | gpu 976MB
21:13:00 ┌────────────────────────────────────────────────────────────────────────────
21:13:00 │ EPOCH  24/100  train_loss 0.0088 (pos 0.100 / neg 0.004)  seedF1 0.618  2.0s  (92916 seeds/s)  eta ~2.5min
21:13:00 │ VAL  AUROC 0.9646 | AUPRC 0.6742 (base 0.0141) | F1 0.6775 (thr 0.797) | P 0.9026 R 0.5423 | MCC 0.6965
21:13:00 │ best AUPRC 0.6873 @ ep22   patience 18/20
21:13:00 └────────────────────────────────────────────────────────────────────────────
21:13:00 [train] ep25 step   1/19 | loss 0.0093 (pos 0.097/neg 0.005) | sup 470+/9181- | seedF1 0.607 | subgraph n=9,651 e=31,151 | lr 2.99e-04 | gpu 976MB
21:13:00 [train] ep25 step   4/19 | loss 0.0077 (pos 0.084/neg 0.004) | sup 488+/9065- | seedF1 0.642 | subgraph n=9,553 e=30,628 | lr 2.99e-04 | gpu 976MB
21:13:01 [train] ep25 step   9/19 | loss 0.0080 (pos 0.086/neg 0.004) | sup 428+/8922- | seedF1 0.632 | subgraph n=9,350 e=30,200 | lr 2.99e-04 | gpu 976MB
21:13:01 [train] ep25 step  14/19 | loss 0.0086 (pos 0.110/neg 0.003) | sup 474+/8914- | seedF1 0.640 | subgraph n=9,388 e=30,346 | lr 2.98e-04 | gpu 976MB
21:13:02 [train] ep25 step  19/19 | loss 0.0091 (pos 0.091/neg 0.004) | sup 514+/8008- | seedF1 0.648 | subgraph n=8,522 e=26,928 | lr 2.98e-04 | gpu 976MB
21:13:03 ┌────────────────────────────────────────────────────────────────────────────
21:13:03 │ EPOCH  25/100  train_loss 0.0088 (pos 0.098 / neg 0.004)  seedF1 0.648  1.9s  (93844 seeds/s)  eta ~2.4min
21:13:03 │ VAL  AUROC 0.9676 | AUPRC 0.6923 (base 0.0141) | F1 0.6939 (thr 0.791) | P 0.9320 R 0.5527 | MCC 0.7149
21:13:03 │ best AUPRC 0.6923 @ ep25   ** improved **
21:13:03 └────────────────────────────────────────────────────────────────────────────
21:13:03 [train] ep26 step   1/19 | loss 0.0089 (pos 0.106/neg 0.004) | sup 500+/9223- | seedF1 0.622 | subgraph n=9,723 e=31,434 | lr 2.98e-04 | gpu 976MB
21:13:03 [train] ep26 step   5/19 | loss 0.0089 (pos 0.104/neg 0.003) | sup 535+/8649- | seedF1 0.651 | subgraph n=9,184 e=29,654 | lr 2.98e-04 | gpu 976MB
21:13:04 [train] ep26 step  10/19 | loss 0.0088 (pos 0.089/neg 0.004) | sup 494+/8819- | seedF1 0.661 | subgraph n=9,313 e=29,871 | lr 2.98e-04 | gpu 976MB
21:13:04 [train] ep26 step  15/19 | loss 0.0089 (pos 0.108/neg 0.003) | sup 482+/8605- | seedF1 0.670 | subgraph n=9,087 e=29,120 | lr 2.97e-04 | gpu 976MB
21:13:06 ┌────────────────────────────────────────────────────────────────────────────
21:13:06 │ EPOCH  26/100  train_loss 0.0086 (pos 0.096 / neg 0.004)  seedF1 0.673  1.9s  (92968 seeds/s)  eta ~2.3min
21:13:06 │ VAL  AUROC 0.9682 | AUPRC 0.6865 (base 0.0141) | F1 0.6854 (thr 0.813) | P 0.9389 R 0.5397 | MCC 0.7090
21:13:06 │ best AUPRC 0.6923 @ ep25   patience 19/20
21:13:06 └────────────────────────────────────────────────────────────────────────────
21:13:06 [train] ep27 step   1/19 | loss 0.0085 (pos 0.081/neg 0.004) | sup 533+/8274- | seedF1 0.652 | subgraph n=8,807 e=28,334 | lr 2.97e-04 | gpu 976MB
21:13:06 [train] ep27 step   6/19 | loss 0.0088 (pos 0.107/neg 0.003) | sup 514+/9306- | seedF1 0.639 | subgraph n=9,820 e=31,310 | lr 2.97e-04 | gpu 976MB
21:13:07 [train] ep27 step  11/19 | loss 0.0073 (pos 0.081/neg 0.003) | sup 457+/8798- | seedF1 0.638 | subgraph n=9,255 e=29,881 | lr 2.97e-04 | gpu 976MB
21:13:07 [train] ep27 step  16/19 | loss 0.0079 (pos 0.083/neg 0.004) | sup 496+/8984- | seedF1 0.632 | subgraph n=9,480 e=30,449 | lr 2.96e-04 | gpu 976MB
21:13:09 ┌────────────────────────────────────────────────────────────────────────────
21:13:09 │ EPOCH  27/100  train_loss 0.0082 (pos 0.089 / neg 0.004)  seedF1 0.635  1.9s  (93199 seeds/s)  eta ~2.3min
21:13:09 │ VAL  AUROC 0.9697 | AUPRC 0.6999 (base 0.0141) | F1 0.6932 (thr 0.786) | P 0.9261 R 0.5540 | MCC 0.7134
21:13:09 │ best AUPRC 0.6999 @ ep27   ** improved **
21:13:09 └────────────────────────────────────────────────────────────────────────────
21:13:09 [train] ep28 step   1/19 | loss 0.0074 (pos 0.082/neg 0.004) | sup 459+/8744- | seedF1 0.661 | subgraph n=9,203 e=29,485 | lr 2.96e-04 | gpu 976MB
21:13:09 [train] ep28 step   2/19 | loss 0.0080 (pos 0.084/neg 0.004) | sup 498+/8541- | seedF1 0.669 | subgraph n=9,039 e=28,674 | lr 2.96e-04 | gpu 976MB
21:13:09 [train] ep28 step   7/19 | loss 0.0069 (pos 0.069/neg 0.004) | sup 483+/9175- | seedF1 0.667 | subgraph n=9,658 e=30,884 | lr 2.96e-04 | gpu 976MB
21:13:10 [train] ep28 step  12/19 | loss 0.0087 (pos 0.104/neg 0.003) | sup 534+/8770- | seedF1 0.680 | subgraph n=9,304 e=29,715 | lr 2.95e-04 | gpu 976MB
21:13:10 [train] ep28 step  17/19 | loss 0.0084 (pos 0.084/neg 0.004) | sup 498+/8346- | seedF1 0.685 | subgraph n=8,844 e=28,606 | lr 2.95e-04 | gpu 976MB
21:13:12 ┌────────────────────────────────────────────────────────────────────────────
21:13:12 │ EPOCH  28/100  train_loss 0.0080 (pos 0.087 / neg 0.004)  seedF1 0.685  2.0s  (89738 seeds/s)  eta ~2.4min
21:13:12 │ VAL  AUROC 0.9699 | AUPRC 0.6958 (base 0.0141) | F1 0.6891 (thr 0.789) | P 0.9333 R 0.5462 | MCC 0.7111
21:13:12 │ best AUPRC 0.6999 @ ep27   patience 19/20
21:13:12 └────────────────────────────────────────────────────────────────────────────
21:13:12 [train] ep29 step   1/19 | loss 0.0087 (pos 0.101/neg 0.003) | sup 492+/8411- | seedF1 0.573 | subgraph n=8,903 e=28,307 | lr 2.95e-04 | gpu 976MB
21:13:12 [train] ep29 step   3/19 | loss 0.0079 (pos 0.087/neg 0.003) | sup 483+/8589- | seedF1 0.625 | subgraph n=9,072 e=29,230 | lr 2.94e-04 | gpu 976MB
21:13:12 [train] ep29 step   8/19 | loss 0.0078 (pos 0.084/neg 0.003) | sup 491+/8427- | seedF1 0.669 | subgraph n=8,918 e=28,316 | lr 2.94e-04 | gpu 976MB
21:13:13 [train] ep29 step  13/19 | loss 0.0073 (pos 0.084/neg 0.003) | sup 552+/9516- | seedF1 0.681 | subgraph n=10,068 e=31,908 | lr 2.93e-04 | gpu 976MB
21:13:13 [train] ep29 step  18/19 | loss 0.0078 (pos 0.085/neg 0.004) | sup 484+/9066- | seedF1 0.675 | subgraph n=9,550 e=30,033 | lr 2.93e-04 | gpu 976MB
21:13:14 ┌────────────────────────────────────────────────────────────────────────────
21:13:14 │ EPOCH  29/100  train_loss 0.0079 (pos 0.087 / neg 0.003)  seedF1 0.679  1.9s  (95032 seeds/s)  eta ~2.2min
21:13:14 │ VAL  AUROC 0.9700 | AUPRC 0.7079 (base 0.0141) | F1 0.6935 (thr 0.765) | P 0.8800 R 0.5722 | MCC 0.7064
21:13:14 │ best AUPRC 0.7079 @ ep29   ** improved **
21:13:14 └────────────────────────────────────────────────────────────────────────────
21:13:15 [train] ep30 step   1/19 | loss 0.0074 (pos 0.082/neg 0.003) | sup 505+/9411- | seedF1 0.747 | subgraph n=9,916 e=31,705 | lr 2.93e-04 | gpu 976MB
21:13:15 [train] ep30 step   4/19 | loss 0.0091 (pos 0.101/neg 0.004) | sup 545+/8978- | seedF1 0.723 | subgraph n=9,523 e=30,871 | lr 2.93e-04 | gpu 976MB
21:13:15 [train] ep30 step   9/19 | loss 0.0070 (pos 0.071/neg 0.003) | sup 550+/9141- | seedF1 0.733 | subgraph n=9,691 e=31,190 | lr 2.92e-04 | gpu 976MB
21:13:16 [train] ep30 step  14/19 | loss 0.0070 (pos 0.069/neg 0.004) | sup 500+/9489- | seedF1 0.725 | subgraph n=9,989 e=32,345 | lr 2.92e-04 | gpu 976MB
21:13:16 [train] ep30 step  19/19 | loss 0.0084 (pos 0.117/neg 0.003) | sup 477+/8883- | seedF1 0.719 | subgraph n=9,360 e=30,166 | lr 2.91e-04 | gpu 976MB
21:13:18 ┌────────────────────────────────────────────────────────────────────────────
21:13:18 │ EPOCH  30/100  train_loss 0.0079 (pos 0.087 / neg 0.003)  seedF1 0.719  2.0s  (90819 seeds/s)  eta ~2.3min
21:13:18 │ VAL  AUROC 0.9693 | AUPRC 0.6832 (base 0.0141) | F1 0.6857 (thr 0.825) | P 0.9691 R 0.5306 | MCC 0.7144
21:13:18 │ best AUPRC 0.7079 @ ep29   patience 19/20
21:13:18 └────────────────────────────────────────────────────────────────────────────
21:13:18 [train] ep31 step   1/19 | loss 0.0064 (pos 0.073/neg 0.003) | sup 507+/9638- | seedF1 0.629 | subgraph n=10,145 e=32,492 | lr 2.91e-04 | gpu 976MB
21:13:18 [train] ep31 step   5/19 | loss 0.0078 (pos 0.088/neg 0.003) | sup 486+/8810- | seedF1 0.650 | subgraph n=9,296 e=29,972 | lr 2.91e-04 | gpu 976MB
21:13:19 [train] ep31 step  10/19 | loss 0.0078 (pos 0.089/neg 0.003) | sup 484+/8229- | seedF1 0.656 | subgraph n=8,713 e=28,256 | lr 2.90e-04 | gpu 976MB
21:13:19 [train] ep31 step  15/19 | loss 0.0079 (pos 0.086/neg 0.003) | sup 498+/8648- | seedF1 0.659 | subgraph n=9,146 e=29,545 | lr 2.89e-04 | gpu 976MB
21:13:21 ┌────────────────────────────────────────────────────────────────────────────
21:13:21 │ EPOCH  31/100  train_loss 0.0077 (pos 0.084 / neg 0.003)  seedF1 0.649  1.9s  (91840 seeds/s)  eta ~2.2min
21:13:21 │ VAL  AUROC 0.9702 | AUPRC 0.7071 (base 0.0141) | F1 0.7066 (thr 0.751) | P 0.9376 R 0.5670 | MCC 0.7264
21:13:21 │ best AUPRC 0.7079 @ ep29   patience 18/20
21:13:21 └────────────────────────────────────────────────────────────────────────────
21:13:21 [train] ep32 step   1/19 | loss 0.0084 (pos 0.092/neg 0.003) | sup 509+/8395- | seedF1 0.693 | subgraph n=8,904 e=28,693 | lr 2.89e-04 | gpu 976MB
21:13:21 [train] ep32 step   6/19 | loss 0.0067 (pos 0.055/neg 0.004) | sup 533+/8645- | seedF1 0.703 | subgraph n=9,178 e=29,270 | lr 2.88e-04 | gpu 976MB
21:13:22 [train] ep32 step  11/19 | loss 0.0063 (pos 0.057/neg 0.003) | sup 470+/8312- | seedF1 0.718 | subgraph n=8,782 e=28,007 | lr 2.88e-04 | gpu 976MB
21:13:22 [train] ep32 step  16/19 | loss 0.0061 (pos 0.062/neg 0.003) | sup 494+/9253- | seedF1 0.742 | subgraph n=9,747 e=31,355 | lr 2.87e-04 | gpu 976MB
21:13:24 ┌────────────────────────────────────────────────────────────────────────────
21:13:24 │ EPOCH  32/100  train_loss 0.0077 (pos 0.085 / neg 0.003)  seedF1 0.733  2.0s  (87944 seeds/s)  eta ~2.3min
21:13:24 │ VAL  AUROC 0.9694 | AUPRC 0.7049 (base 0.0141) | F1 0.7006 (thr 0.768) | P 0.9272 R 0.5631 | MCC 0.7197
21:13:24 │ best AUPRC 0.7079 @ ep29   patience 17/20
21:13:24 └────────────────────────────────────────────────────────────────────────────
21:13:24 [train] ep33 step   1/19 | loss 0.0080 (pos 0.073/neg 0.004) | sup 551+/8427- | seedF1 0.762 | subgraph n=8,978 e=28,675 | lr 2.87e-04 | gpu 976MB
21:13:24 [train] ep33 step   2/19 | loss 0.0077 (pos 0.077/neg 0.004) | sup 498+/8434- | seedF1 0.712 | subgraph n=8,932 e=28,571 | lr 2.86e-04 | gpu 976MB
21:13:24 [train] ep33 step   7/19 | loss 0.0091 (pos 0.119/neg 0.002) | sup 483+/7817- | seedF1 0.705 | subgraph n=8,300 e=26,255 | lr 2.86e-04 | gpu 976MB
21:13:25 [train] ep33 step  12/19 | loss 0.0073 (pos 0.061/neg 0.004) | sup 510+/8948- | seedF1 0.715 | subgraph n=9,458 e=30,330 | lr 2.85e-04 | gpu 976MB
21:13:25 [train] ep33 step  17/19 | loss 0.0075 (pos 0.089/neg 0.003) | sup 500+/8692- | seedF1 0.721 | subgraph n=9,192 e=29,526 | lr 2.84e-04 | gpu 976MB
21:13:27 ┌────────────────────────────────────────────────────────────────────────────
21:13:27 │ EPOCH  33/100  train_loss 0.0076 (pos 0.083 / neg 0.003)  seedF1 0.723  1.9s  (92517 seeds/s)  eta ~2.1min
21:13:27 │ VAL  AUROC 0.9689 | AUPRC 0.6930 (base 0.0141) | F1 0.6839 (thr 0.836) | P 0.9492 R 0.5345 | MCC 0.7095
21:13:27 │ best AUPRC 0.7079 @ ep29   patience 16/20
21:13:27 └────────────────────────────────────────────────────────────────────────────
21:13:27 [train] ep34 step   1/19 | loss 0.0069 (pos 0.068/neg 0.004) | sup 444+/8171- | seedF1 0.677 | subgraph n=8,615 e=27,833 | lr 2.84e-04 | gpu 976MB
21:13:27 [train] ep34 step   3/19 | loss 0.0079 (pos 0.076/neg 0.004) | sup 548+/8681- | seedF1 0.671 | subgraph n=9,229 e=29,408 | lr 2.84e-04 | gpu 976MB
21:13:27 [train] ep34 step   8/19 | loss 0.0062 (pos 0.082/neg 0.002) | sup 460+/8834- | seedF1 0.683 | subgraph n=9,294 e=29,947 | lr 2.83e-04 | gpu 976MB
21:13:28 [train] ep34 step  13/19 | loss 0.0075 (pos 0.065/neg 0.004) | sup 486+/8517- | seedF1 0.681 | subgraph n=9,003 e=29,448 | lr 2.82e-04 | gpu 976MB
21:13:28 [train] ep34 step  18/19 | loss 0.0066 (pos 0.074/neg 0.003) | sup 494+/8581- | seedF1 0.677 | subgraph n=9,075 e=29,130 | lr 2.82e-04 | gpu 976MB
21:13:29 ┌────────────────────────────────────────────────────────────────────────────
21:13:29 │ EPOCH  34/100  train_loss 0.0070 (pos 0.077 / neg 0.003)  seedF1 0.675  1.9s  (94343 seeds/s)  eta ~2.0min
21:13:29 │ VAL  AUROC 0.9719 | AUPRC 0.7219 (base 0.0141) | F1 0.7114 (thr 0.725) | P 0.9038 R 0.5865 | MCC 0.7251
21:13:29 │ best AUPRC 0.7219 @ ep34   ** improved **
21:13:29 └────────────────────────────────────────────────────────────────────────────
21:13:30 [train] ep35 step   1/19 | loss 0.0082 (pos 0.103/neg 0.003) | sup 515+/9166- | seedF1 0.730 | subgraph n=9,681 e=31,284 | lr 2.81e-04 | gpu 976MB
21:13:30 [train] ep35 step   4/19 | loss 0.0072 (pos 0.066/neg 0.004) | sup 559+/9017- | seedF1 0.765 | subgraph n=9,576 e=31,031 | lr 2.81e-04 | gpu 976MB
21:13:30 [train] ep35 step   9/19 | loss 0.0066 (pos 0.075/neg 0.003) | sup 479+/8575- | seedF1 0.772 | subgraph n=9,054 e=28,806 | lr 2.80e-04 | gpu 976MB
21:13:31 [train] ep35 step  14/19 | loss 0.0073 (pos 0.074/neg 0.004) | sup 505+/9721- | seedF1 0.767 | subgraph n=10,226 e=32,744 | lr 2.79e-04 | gpu 976MB
21:13:31 [train] ep35 step  19/19 | loss 0.0067 (pos 0.077/neg 0.003) | sup 533+/9721- | seedF1 0.771 | subgraph n=10,254 e=32,820 | lr 2.79e-04 | gpu 976MB
21:13:32 ┌────────────────────────────────────────────────────────────────────────────
21:13:32 │ EPOCH  35/100  train_loss 0.0072 (pos 0.079 / neg 0.003)  seedF1 0.771  1.9s  (93341 seeds/s)  eta ~2.1min
21:13:32 │ VAL  AUROC 0.9697 | AUPRC 0.6998 (base 0.0141) | F1 0.6980 (thr 0.797) | P 0.9549 R 0.5501 | MCC 0.7220
21:13:32 │ best AUPRC 0.7219 @ ep34   patience 19/20
21:13:32 └────────────────────────────────────────────────────────────────────────────
21:13:32 [train] ep36 step   1/19 | loss 0.0070 (pos 0.074/neg 0.003) | sup 501+/8777- | seedF1 0.656 | subgraph n=9,278 e=29,986 | lr 2.78e-04 | gpu 976MB
21:13:33 [train] ep36 step   5/19 | loss 0.0076 (pos 0.076/neg 0.004) | sup 467+/8219- | seedF1 0.699 | subgraph n=8,686 e=28,031 | lr 2.78e-04 | gpu 976MB
21:13:33 [train] ep36 step  10/19 | loss 0.0071 (pos 0.091/neg 0.003) | sup 488+/9042- | seedF1 0.696 | subgraph n=9,530 e=30,001 | lr 2.77e-04 | gpu 976MB
21:13:34 [train] ep36 step  15/19 | loss 0.0065 (pos 0.066/neg 0.003) | sup 454+/8713- | seedF1 0.689 | subgraph n=9,167 e=29,304 | lr 2.76e-04 | gpu 976MB
21:13:35 ┌────────────────────────────────────────────────────────────────────────────
21:13:35 │ EPOCH  36/100  train_loss 0.0072 (pos 0.079 / neg 0.003)  seedF1 0.699  1.9s  (93057 seeds/s)  eta ~2.0min
21:13:35 │ VAL  AUROC 0.9709 | AUPRC 0.7073 (base 0.0141) | F1 0.7024 (thr 0.801) | P 0.9595 R 0.5540 | MCC 0.7264
21:13:35 │ best AUPRC 0.7219 @ ep34   patience 18/20
21:13:35 └────────────────────────────────────────────────────────────────────────────
21:13:35 [train] ep37 step   1/19 | loss 0.0067 (pos 0.065/neg 0.003) | sup 510+/8643- | seedF1 0.767 | subgraph n=9,153 e=29,296 | lr 2.75e-04 | gpu 976MB
21:13:36 [train] ep37 step   6/19 | loss 0.0072 (pos 0.092/neg 0.003) | sup 487+/8853- | seedF1 0.719 | subgraph n=9,340 e=29,814 | lr 2.75e-04 | gpu 976MB
21:13:36 [train] ep37 step  11/19 | loss 0.0066 (pos 0.066/neg 0.003) | sup 490+/8560- | seedF1 0.713 | subgraph n=9,050 e=28,772 | lr 2.74e-04 | gpu 976MB
21:13:37 [train] ep37 step  16/19 | loss 0.0070 (pos 0.075/neg 0.003) | sup 465+/8212- | seedF1 0.720 | subgraph n=8,677 e=27,876 | lr 2.73e-04 | gpu 976MB
21:13:38 ┌────────────────────────────────────────────────────────────────────────────
21:13:38 │ EPOCH  37/100  train_loss 0.0070 (pos 0.076 / neg 0.003)  seedF1 0.713  1.9s  (92786 seeds/s)  eta ~2.0min
21:13:38 │ VAL  AUROC 0.9701 | AUPRC 0.7000 (base 0.0141) | F1 0.6939 (thr 0.806) | P 0.9674 R 0.5410 | MCC 0.7208
21:13:38 │ best AUPRC 0.7219 @ ep34   patience 17/20
21:13:38 └────────────────────────────────────────────────────────────────────────────
21:13:38 [train] ep38 step   1/19 | loss 0.0087 (pos 0.092/neg 0.004) | sup 532+/8465- | seedF1 0.664 | subgraph n=8,997 e=29,186 | lr 2.72e-04 | gpu 976MB
21:13:38 [train] ep38 step   2/19 | loss 0.0075 (pos 0.069/neg 0.004) | sup 489+/8183- | seedF1 0.676 | subgraph n=8,672 e=27,992 | lr 2.72e-04 | gpu 976MB
21:13:39 [train] ep38 step   7/19 | loss 0.0076 (pos 0.097/neg 0.003) | sup 507+/8938- | seedF1 0.696 | subgraph n=9,445 e=30,642 | lr 2.71e-04 | gpu 976MB
21:13:39 [train] ep38 step  12/19 | loss 0.0072 (pos 0.070/neg 0.004) | sup 502+/8653- | seedF1 0.698 | subgraph n=9,155 e=29,459 | lr 2.70e-04 | gpu 976MB
21:13:40 [train] ep38 step  17/19 | loss 0.0079 (pos 0.092/neg 0.003) | sup 506+/8729- | seedF1 0.695 | subgraph n=9,235 e=29,414 | lr 2.69e-04 | gpu 976MB
21:13:41 ┌────────────────────────────────────────────────────────────────────────────
21:13:41 │ EPOCH  38/100  train_loss 0.0074 (pos 0.078 / neg 0.003)  seedF1 0.693  1.9s  (92185 seeds/s)  eta ~2.0min
21:13:41 │ VAL  AUROC 0.9710 | AUPRC 0.7109 (base 0.0141) | F1 0.7079 (thr 0.795) | P 0.9684 R 0.5579 | MCC 0.7324
21:13:41 │ best AUPRC 0.7219 @ ep34   patience 16/20
21:13:41 └────────────────────────────────────────────────────────────────────────────
21:13:41 [train] ep39 step   1/19 | loss 0.0073 (pos 0.072/neg 0.004) | sup 474+/8839- | seedF1 0.696 | subgraph n=9,313 e=29,863 | lr 2.69e-04 | gpu 976MB
21:13:42 [train] ep39 step   3/19 | loss 0.0073 (pos 0.075/neg 0.003) | sup 542+/9328- | seedF1 0.677 | subgraph n=9,870 e=31,293 | lr 2.68e-04 | gpu 976MB
21:13:42 [train] ep39 step   8/19 | loss 0.0069 (pos 0.071/neg 0.003) | sup 524+/8555- | seedF1 0.695 | subgraph n=9,079 e=29,025 | lr 2.67e-04 | gpu 976MB
21:13:43 [train] ep39 step  13/19 | loss 0.0063 (pos 0.069/neg 0.003) | sup 505+/8658- | seedF1 0.711 | subgraph n=9,163 e=29,417 | lr 2.66e-04 | gpu 976MB
21:13:43 [train] ep39 step  18/19 | loss 0.0072 (pos 0.083/neg 0.003) | sup 499+/9342- | seedF1 0.707 | subgraph n=9,841 e=31,245 | lr 2.65e-04 | gpu 976MB
21:13:44 ┌────────────────────────────────────────────────────────────────────────────
21:13:44 │ EPOCH  39/100  train_loss 0.0071 (pos 0.078 / neg 0.003)  seedF1 0.705  2.0s  (88986 seeds/s)  eta ~2.0min
21:13:44 │ VAL  AUROC 0.9711 | AUPRC 0.7098 (base 0.0141) | F1 0.6993 (thr 0.811) | P 0.9367 R 0.5579 | MCC 0.7201
21:13:44 │ best AUPRC 0.7219 @ ep34   patience 15/20
21:13:44 └────────────────────────────────────────────────────────────────────────────
21:13:44 [train] ep40 step   1/19 | loss 0.0070 (pos 0.075/neg 0.003) | sup 510+/9128- | seedF1 0.691 | subgraph n=9,638 e=30,412 | lr 2.65e-04 | gpu 976MB
21:13:45 [train] ep40 step   4/19 | loss 0.0074 (pos 0.075/neg 0.003) | sup 523+/8404- | seedF1 0.686 | subgraph n=8,927 e=28,660 | lr 2.64e-04 | gpu 976MB
21:13:45 [train] ep40 step   9/19 | loss 0.0074 (pos 0.087/neg 0.003) | sup 502+/8537- | seedF1 0.683 | subgraph n=9,039 e=29,249 | lr 2.63e-04 | gpu 976MB
21:13:46 [train] ep40 step  14/19 | loss 0.0071 (pos 0.068/neg 0.004) | sup 529+/8981- | seedF1 0.687 | subgraph n=9,510 e=30,351 | lr 2.62e-04 | gpu 976MB
21:13:46 [train] ep40 step  19/19 | loss 0.0060 (pos 0.056/neg 0.003) | sup 545+/8952- | seedF1 0.692 | subgraph n=9,497 e=30,680 | lr 2.61e-04 | gpu 976MB
21:13:47 ┌────────────────────────────────────────────────────────────────────────────
21:13:47 │ EPOCH  40/100  train_loss 0.0072 (pos 0.076 / neg 0.003)  seedF1 0.692  2.0s  (90480 seeds/s)  eta ~2.0min
21:13:47 │ VAL  AUROC 0.9700 | AUPRC 0.7094 (base 0.0141) | F1 0.7034 (thr 0.799) | P 0.9333 R 0.5644 | MCC 0.7230
21:13:47 │ best AUPRC 0.7219 @ ep34   patience 14/20
21:13:47 └────────────────────────────────────────────────────────────────────────────
21:13:47 [train] ep41 step   1/19 | loss 0.0064 (pos 0.070/neg 0.003) | sup 469+/9237- | seedF1 0.741 | subgraph n=9,706 e=31,161 | lr 2.61e-04 | gpu 976MB
21:13:48 [train] ep41 step   5/19 | loss 0.0064 (pos 0.070/neg 0.003) | sup 459+/8229- | seedF1 0.721 | subgraph n=8,688 e=27,834 | lr 2.60e-04 | gpu 976MB
21:13:48 [train] ep41 step  10/19 | loss 0.0086 (pos 0.084/neg 0.004) | sup 516+/8124- | seedF1 0.713 | subgraph n=8,640 e=28,071 | lr 2.59e-04 | gpu 976MB
21:13:49 [train] ep41 step  15/19 | loss 0.0072 (pos 0.073/neg 0.003) | sup 518+/8304- | seedF1 0.718 | subgraph n=8,822 e=28,350 | lr 2.58e-04 | gpu 976MB
21:13:50 ┌────────────────────────────────────────────────────────────────────────────
21:13:50 │ EPOCH  41/100  train_loss 0.0070 (pos 0.076 / neg 0.003)  seedF1 0.707  1.9s  (95069 seeds/s)  eta ~1.8min
21:13:50 │ VAL  AUROC 0.9702 | AUPRC 0.7038 (base 0.0141) | F1 0.6976 (thr 0.795) | P 0.9306 R 0.5579 | MCC 0.7177
21:13:50 │ best AUPRC 0.7219 @ ep34   patience 13/20
21:13:50 └────────────────────────────────────────────────────────────────────────────
21:13:50 [train] ep42 step   1/19 | loss 0.0070 (pos 0.079/neg 0.002) | sup 589+/9226- | seedF1 0.737 | subgraph n=9,815 e=31,511 | lr 2.57e-04 | gpu 976MB
21:13:51 [train] ep42 step   6/19 | loss 0.0072 (pos 0.067/neg 0.004) | sup 485+/8539- | seedF1 0.719 | subgraph n=9,024 e=28,824 | lr 2.56e-04 | gpu 976MB
21:13:51 [train] ep42 step  11/19 | loss 0.0066 (pos 0.077/neg 0.003) | sup 457+/8062- | seedF1 0.729 | subgraph n=8,519 e=27,530 | lr 2.55e-04 | gpu 976MB
21:13:52 [train] ep42 step  16/19 | loss 0.0068 (pos 0.080/neg 0.002) | sup 503+/8462- | seedF1 0.724 | subgraph n=8,965 e=29,105 | lr 2.54e-04 | gpu 976MB
21:13:53 ┌────────────────────────────────────────────────────────────────────────────
21:13:53 │ EPOCH  42/100  train_loss 0.0068 (pos 0.074 / neg 0.003)  seedF1 0.719  1.9s  (94016 seeds/s)  eta ~1.8min
21:13:53 │ VAL  AUROC 0.9698 | AUPRC 0.7138 (base 0.0141) | F1 0.7216 (thr 0.803) | P 0.9693 R 0.5748 | MCC 0.7439
21:13:53 │ best AUPRC 0.7219 @ ep34   patience 12/20
21:13:53 └────────────────────────────────────────────────────────────────────────────
21:13:53 [train] ep43 step   1/19 | loss 0.0066 (pos 0.060/neg 0.004) | sup 469+/8614- | seedF1 0.781 | subgraph n=9,083 e=28,941 | lr 2.53e-04 | gpu 976MB
21:13:53 [train] ep43 step   2/19 | loss 0.0067 (pos 0.061/neg 0.004) | sup 498+/8564- | seedF1 0.738 | subgraph n=9,062 e=29,105 | lr 2.53e-04 | gpu 976MB
21:13:54 [train] ep43 step   7/19 | loss 0.0074 (pos 0.112/neg 0.002) | sup 497+/10084- | seedF1 0.727 | subgraph n=10,581 e=34,132 | lr 2.52e-04 | gpu 976MB
21:13:54 [train] ep43 step  12/19 | loss 0.0063 (pos 0.055/neg 0.004) | sup 502+/9274- | seedF1 0.725 | subgraph n=9,776 e=31,270 | lr 2.51e-04 | gpu 976MB
21:13:55 [train] ep43 step  17/19 | loss 0.0069 (pos 0.080/neg 0.003) | sup 526+/9044- | seedF1 0.728 | subgraph n=9,570 e=30,733 | lr 2.49e-04 | gpu 976MB
21:13:56 ┌────────────────────────────────────────────────────────────────────────────
21:13:56 │ EPOCH  43/100  train_loss 0.0066 (pos 0.075 / neg 0.003)  seedF1 0.727  2.0s  (89810 seeds/s)  eta ~1.9min
21:13:56 │ VAL  AUROC 0.9707 | AUPRC 0.7049 (base 0.0141) | F1 0.6977 (thr 0.836) | P 0.9655 R 0.5462 | MCC 0.7236
21:13:56 │ best AUPRC 0.7219 @ ep34   patience 11/20
21:13:56 └────────────────────────────────────────────────────────────────────────────
21:13:56 [train] ep44 step   1/19 | loss 0.0080 (pos 0.103/neg 0.003) | sup 522+/9234- | seedF1 0.701 | subgraph n=9,756 e=31,126 | lr 2.49e-04 | gpu 976MB
21:13:56 [train] ep44 step   3/19 | loss 0.0057 (pos 0.044/neg 0.004) | sup 514+/8988- | seedF1 0.724 | subgraph n=9,502 e=30,502 | lr 2.48e-04 | gpu 976MB
21:13:57 [train] ep44 step   8/19 | loss 0.0065 (pos 0.075/neg 0.003) | sup 527+/9063- | seedF1 0.705 | subgraph n=9,590 e=31,078 | lr 2.47e-04 | gpu 976MB
21:13:57 [train] ep44 step  13/19 | loss 0.0068 (pos 0.061/neg 0.003) | sup 555+/8952- | seedF1 0.697 | subgraph n=9,507 e=30,335 | lr 2.46e-04 | gpu 976MB
21:13:58 [train] ep44 step  18/19 | loss 0.0054 (pos 0.061/neg 0.002) | sup 522+/9137- | seedF1 0.696 | subgraph n=9,659 e=30,839 | lr 2.45e-04 | gpu 976MB
21:13:59 ┌────────────────────────────────────────────────────────────────────────────
21:13:59 │ EPOCH  44/100  train_loss 0.0067 (pos 0.071 / neg 0.003)  seedF1 0.696  1.9s  (96594 seeds/s)  eta ~1.7min
21:13:59 │ VAL  AUROC 0.9712 | AUPRC 0.7203 (base 0.0141) | F1 0.7128 (thr 0.810) | P 0.9522 R 0.5696 | MCC 0.7338
21:13:59 │ best AUPRC 0.7219 @ ep34   patience 10/20
21:13:59 └────────────────────────────────────────────────────────────────────────────
21:13:59 [train] ep45 step   1/19 | loss 0.0051 (pos 0.050/neg 0.003) | sup 493+/9188- | seedF1 0.776 | subgraph n=9,681 e=31,016 | lr 2.44e-04 | gpu 976MB
21:13:59 [train] ep45 step   4/19 | loss 0.0067 (pos 0.077/neg 0.002) | sup 514+/8459- | seedF1 0.735 | subgraph n=8,973 e=29,058 | lr 2.44e-04 | gpu 976MB
21:14:00 [train] ep45 step   9/19 | loss 0.0058 (pos 0.062/neg 0.003) | sup 460+/8393- | seedF1 0.734 | subgraph n=8,853 e=28,101 | lr 2.42e-04 | gpu 976MB
21:14:00 [train] ep45 step  14/19 | loss 0.0056 (pos 0.053/neg 0.003) | sup 535+/9695- | seedF1 0.737 | subgraph n=10,230 e=33,036 | lr 2.41e-04 | gpu 976MB
21:14:01 [train] ep45 step  19/19 | loss 0.0063 (pos 0.083/neg 0.002) | sup 513+/9060- | seedF1 0.736 | subgraph n=9,573 e=30,944 | lr 2.40e-04 | gpu 976MB
21:14:02 ┌────────────────────────────────────────────────────────────────────────────
21:14:02 │ EPOCH  45/100  train_loss 0.0059 (pos 0.066 / neg 0.003)  seedF1 0.736  1.9s  (93248 seeds/s)  eta ~1.8min
21:14:02 │ VAL  AUROC 0.9719 | AUPRC 0.7263 (base 0.0141) | F1 0.7235 (thr 0.771) | P 0.9474 R 0.5852 | MCC 0.7419
21:14:02 │ best AUPRC 0.7263 @ ep45   ** improved **
21:14:02 └────────────────────────────────────────────────────────────────────────────
21:14:02 [train] ep46 step   1/19 | loss 0.0065 (pos 0.083/neg 0.002) | sup 466+/8206- | seedF1 0.713 | subgraph n=8,672 e=27,562 | lr 2.40e-04 | gpu 976MB
21:14:02 [train] ep46 step   5/19 | loss 0.0061 (pos 0.061/neg 0.003) | sup 454+/7922- | seedF1 0.723 | subgraph n=8,376 e=26,999 | lr 2.39e-04 | gpu 976MB
21:14:03 [train] ep46 step  10/19 | loss 0.0065 (pos 0.077/neg 0.003) | sup 471+/8546- | seedF1 0.741 | subgraph n=9,017 e=28,884 | lr 2.38e-04 | gpu 976MB
21:14:03 [train] ep46 step  15/19 | loss 0.0066 (pos 0.071/neg 0.003) | sup 489+/9095- | seedF1 0.744 | subgraph n=9,584 e=30,672 | lr 2.36e-04 | gpu 976MB
21:14:05 ┌────────────────────────────────────────────────────────────────────────────
21:14:05 │ EPOCH  46/100  train_loss 0.0065 (pos 0.071 / neg 0.003)  seedF1 0.743  1.9s  (90610 seeds/s)  eta ~1.7min
21:14:05 │ VAL  AUROC 0.9714 | AUPRC 0.7210 (base 0.0141) | F1 0.7129 (thr 0.790) | P 0.9384 R 0.5748 | MCC 0.7317
21:14:05 │ best AUPRC 0.7263 @ ep45   patience 19/20
21:14:05 └────────────────────────────────────────────────────────────────────────────
21:14:05 [train] ep47 step   1/19 | loss 0.0067 (pos 0.074/neg 0.003) | sup 515+/8471- | seedF1 0.728 | subgraph n=8,986 e=28,878 | lr 2.35e-04 | gpu 976MB
21:14:05 [train] ep47 step   6/19 | loss 0.0064 (pos 0.051/neg 0.003) | sup 523+/8098- | seedF1 0.761 | subgraph n=8,621 e=27,771 | lr 2.34e-04 | gpu 976MB
21:14:06 [train] ep47 step  11/19 | loss 0.0075 (pos 0.095/neg 0.003) | sup 538+/9539- | seedF1 0.746 | subgraph n=10,077 e=31,715 | lr 2.33e-04 | gpu 976MB
21:14:06 [train] ep47 step  16/19 | loss 0.0071 (pos 0.078/neg 0.003) | sup 528+/9635- | seedF1 0.746 | subgraph n=10,163 e=32,746 | lr 2.31e-04 | gpu 976MB
21:14:08 ┌────────────────────────────────────────────────────────────────────────────
21:14:08 │ EPOCH  47/100  train_loss 0.0064 (pos 0.066 / neg 0.003)  seedF1 0.752  1.9s  (92080 seeds/s)  eta ~1.7min
21:14:08 │ VAL  AUROC 0.9717 | AUPRC 0.7274 (base 0.0141) | F1 0.7230 (thr 0.775) | P 0.9632 R 0.5787 | MCC 0.7440
21:14:08 │ best AUPRC 0.7274 @ ep47   ** improved **
21:14:08 └────────────────────────────────────────────────────────────────────────────
21:14:08 [train] ep48 step   1/19 | loss 0.0054 (pos 0.051/neg 0.003) | sup 482+/8285- | seedF1 0.772 | subgraph n=8,767 e=28,206 | lr 2.30e-04 | gpu 976MB
21:14:08 [train] ep48 step   2/19 | loss 0.0068 (pos 0.083/neg 0.002) | sup 527+/9273- | seedF1 0.759 | subgraph n=9,800 e=31,381 | lr 2.30e-04 | gpu 976MB
21:14:08 [train] ep48 step   7/19 | loss 0.0053 (pos 0.055/neg 0.003) | sup 496+/9128- | seedF1 0.749 | subgraph n=9,624 e=30,959 | lr 2.29e-04 | gpu 976MB
21:14:09 [train] ep48 step  12/19 | loss 0.0061 (pos 0.071/neg 0.003) | sup 503+/9397- | seedF1 0.753 | subgraph n=9,900 e=31,491 | lr 2.27e-04 | gpu 976MB
21:14:10 [train] ep48 step  17/19 | loss 0.0063 (pos 0.071/neg 0.003) | sup 495+/9075- | seedF1 0.759 | subgraph n=9,570 e=30,715 | lr 2.26e-04 | gpu 976MB
21:14:11 ┌────────────────────────────────────────────────────────────────────────────
21:14:11 │ EPOCH  48/100  train_loss 0.0061 (pos 0.068 / neg 0.003)  seedF1 0.763  2.0s  (88119 seeds/s)  eta ~1.7min
21:14:11 │ VAL  AUROC 0.9713 | AUPRC 0.7135 (base 0.0141) | F1 0.7030 (thr 0.832) | P 0.9616 R 0.5540 | MCC 0.7272
21:14:11 │ best AUPRC 0.7274 @ ep47   patience 19/20
21:14:11 └────────────────────────────────────────────────────────────────────────────
21:14:11 [train] ep49 step   1/19 | loss 0.0062 (pos 0.068/neg 0.003) | sup 488+/8948- | seedF1 0.673 | subgraph n=9,436 e=30,001 | lr 2.25e-04 | gpu 976MB
21:14:11 [train] ep49 step   3/19 | loss 0.0068 (pos 0.079/neg 0.003) | sup 499+/8385- | seedF1 0.714 | subgraph n=8,884 e=28,826 | lr 2.25e-04 | gpu 976MB
21:14:12 [train] ep49 step   8/19 | loss 0.0055 (pos 0.052/neg 0.003) | sup 485+/8818- | seedF1 0.703 | subgraph n=9,303 e=29,924 | lr 2.24e-04 | gpu 976MB
21:14:12 [train] ep49 step  13/19 | loss 0.0070 (pos 0.077/neg 0.003) | sup 456+/8433- | seedF1 0.695 | subgraph n=8,889 e=28,580 | lr 2.22e-04 | gpu 976MB
21:14:13 [train] ep49 step  18/19 | loss 0.0063 (pos 0.067/neg 0.003) | sup 480+/8421- | seedF1 0.700 | subgraph n=8,901 e=28,490 | lr 2.21e-04 | gpu 976MB
21:14:14 ┌────────────────────────────────────────────────────────────────────────────
21:14:14 │ EPOCH  49/100  train_loss 0.0062 (pos 0.069 / neg 0.003)  seedF1 0.698  1.9s  (91766 seeds/s)  eta ~1.7min
21:14:14 │ VAL  AUROC 0.9703 | AUPRC 0.7204 (base 0.0141) | F1 0.7184 (thr 0.785) | P 0.9172 R 0.5904 | MCC 0.7330
21:14:14 │ best AUPRC 0.7274 @ ep47   patience 18/20
21:14:14 └────────────────────────────────────────────────────────────────────────────
21:14:14 [train] ep50 step   1/19 | loss 0.0064 (pos 0.061/neg 0.003) | sup 525+/8937- | seedF1 0.732 | subgraph n=9,462 e=29,908 | lr 2.20e-04 | gpu 976MB
21:14:14 [train] ep50 step   4/19 | loss 0.0070 (pos 0.067/neg 0.003) | sup 489+/8350- | seedF1 0.749 | subgraph n=8,839 e=28,301 | lr 2.20e-04 | gpu 976MB
21:14:15 [train] ep50 step   9/19 | loss 0.0071 (pos 0.072/neg 0.003) | sup 526+/8494- | seedF1 0.758 | subgraph n=9,020 e=28,988 | lr 2.18e-04 | gpu 976MB
21:14:15 [train] ep50 step  14/19 | loss 0.0066 (pos 0.082/neg 0.002) | sup 522+/9468- | seedF1 0.749 | subgraph n=9,990 e=32,509 | lr 2.17e-04 | gpu 976MB
21:14:16 [train] ep50 step  19/19 | loss 0.0068 (pos 0.067/neg 0.003) | sup 502+/8685- | seedF1 0.753 | subgraph n=9,187 e=29,108 | lr 2.15e-04 | gpu 976MB
21:14:17 ┌────────────────────────────────────────────────────────────────────────────
21:14:17 │ EPOCH  50/100  train_loss 0.0064 (pos 0.069 / neg 0.003)  seedF1 0.753  2.0s  (89979 seeds/s)  eta ~1.6min
21:14:17 │ VAL  AUROC 0.9707 | AUPRC 0.7157 (base 0.0141) | F1 0.7172 (thr 0.806) | P 0.9797 R 0.5657 | MCC 0.7420
21:14:17 │ best AUPRC 0.7274 @ ep47   patience 17/20
21:14:17 └────────────────────────────────────────────────────────────────────────────
21:14:17 [train] ep51 step   1/19 | loss 0.0064 (pos 0.062/neg 0.003) | sup 539+/8897- | seedF1 0.740 | subgraph n=9,436 e=30,078 | lr 2.15e-04 | gpu 976MB
21:14:17 [train] ep51 step   5/19 | loss 0.0055 (pos 0.056/neg 0.002) | sup 548+/8893- | seedF1 0.739 | subgraph n=9,441 e=30,285 | lr 2.14e-04 | gpu 976MB
21:14:18 [train] ep51 step  10/19 | loss 0.0062 (pos 0.075/neg 0.003) | sup 446+/9123- | seedF1 0.741 | subgraph n=9,569 e=29,985 | lr 2.13e-04 | gpu 976MB
21:14:18 [train] ep51 step  15/19 | loss 0.0051 (pos 0.055/neg 0.003) | sup 450+/8619- | seedF1 0.745 | subgraph n=9,069 e=29,100 | lr 2.11e-04 | gpu 976MB
21:14:20 ┌────────────────────────────────────────────────────────────────────────────
21:14:20 │ EPOCH  51/100  train_loss 0.0059 (pos 0.065 / neg 0.003)  seedF1 0.748  1.9s  (94313 seeds/s)  eta ~1.6min
21:14:20 │ VAL  AUROC 0.9709 | AUPRC 0.7129 (base 0.0141) | F1 0.7094 (thr 0.815) | P 0.9438 R 0.5683 | MCC 0.7297
21:14:20 │ best AUPRC 0.7274 @ ep47   patience 16/20
21:14:20 └────────────────────────────────────────────────────────────────────────────
21:14:20 [train] ep52 step   1/19 | loss 0.0050 (pos 0.051/neg 0.003) | sup 480+/9431- | seedF1 0.776 | subgraph n=9,911 e=31,284 | lr 2.10e-04 | gpu 976MB
21:14:20 [train] ep52 step   6/19 | loss 0.0060 (pos 0.066/neg 0.003) | sup 529+/9050- | seedF1 0.720 | subgraph n=9,579 e=30,211 | lr 2.09e-04 | gpu 976MB
21:14:21 [train] ep52 step  11/19 | loss 0.0057 (pos 0.055/neg 0.003) | sup 555+/9173- | seedF1 0.714 | subgraph n=9,728 e=30,850 | lr 2.07e-04 | gpu 976MB
21:14:21 [train] ep52 step  16/19 | loss 0.0056 (pos 0.063/neg 0.002) | sup 501+/9141- | seedF1 0.720 | subgraph n=9,642 e=30,992 | lr 2.06e-04 | gpu 976MB
21:14:23 ┌────────────────────────────────────────────────────────────────────────────
21:14:23 │ EPOCH  52/100  train_loss 0.0060 (pos 0.065 / neg 0.003)  seedF1 0.717  1.9s  (93825 seeds/s)  eta ~1.5min
21:14:23 │ VAL  AUROC 0.9707 | AUPRC 0.7180 (base 0.0141) | F1 0.7094 (thr 0.824) | P 0.9438 R 0.5683 | MCC 0.7297
21:14:23 │ best AUPRC 0.7274 @ ep47   patience 15/20
21:14:23 └────────────────────────────────────────────────────────────────────────────
21:14:23 [train] ep53 step   1/19 | loss 0.0062 (pos 0.063/neg 0.003) | sup 536+/8364- | seedF1 0.735 | subgraph n=8,900 e=28,807 | lr 2.05e-04 | gpu 976MB
21:14:23 [train] ep53 step   2/19 | loss 0.0065 (pos 0.061/neg 0.003) | sup 497+/9018- | seedF1 0.727 | subgraph n=9,515 e=30,351 | lr 2.04e-04 | gpu 976MB
21:14:23 [train] ep53 step   7/19 | loss 0.0063 (pos 0.077/neg 0.003) | sup 475+/8824- | seedF1 0.717 | subgraph n=9,299 e=30,449 | lr 2.03e-04 | gpu 976MB
21:14:24 [train] ep53 step  12/19 | loss 0.0065 (pos 0.065/neg 0.003) | sup 466+/8373- | seedF1 0.713 | subgraph n=8,839 e=28,155 | lr 2.02e-04 | gpu 976MB
21:14:24 [train] ep53 step  17/19 | loss 0.0056 (pos 0.060/neg 0.003) | sup 431+/8271- | seedF1 0.719 | subgraph n=8,702 e=28,117 | lr 2.00e-04 | gpu 976MB
21:14:25 ┌────────────────────────────────────────────────────────────────────────────
21:14:25 │ EPOCH  53/100  train_loss 0.0061 (pos 0.066 / neg 0.003)  seedF1 0.717  1.9s  (94490 seeds/s)  eta ~1.5min
21:14:25 │ VAL  AUROC 0.9703 | AUPRC 0.7141 (base 0.0141) | F1 0.7006 (thr 0.818) | P 0.9489 R 0.5553 | MCC 0.7232
21:14:25 │ best AUPRC 0.7274 @ ep47   patience 14/20
21:14:25 └────────────────────────────────────────────────────────────────────────────
21:14:25 [train] ep54 step   1/19 | loss 0.0054 (pos 0.069/neg 0.002) | sup 467+/8442- | seedF1 0.729 | subgraph n=8,909 e=28,972 | lr 1.99e-04 | gpu 976MB
21:14:26 [train] ep54 step   3/19 | loss 0.0064 (pos 0.070/neg 0.003) | sup 467+/7844- | seedF1 0.737 | subgraph n=8,311 e=26,629 | lr 1.99e-04 | gpu 976MB
21:14:26 [train] ep54 step   8/19 | loss 0.0062 (pos 0.079/neg 0.003) | sup 481+/9540- | seedF1 0.739 | subgraph n=10,021 e=31,980 | lr 1.97e-04 | gpu 976MB
21:14:27 [train] ep54 step  13/19 | loss 0.0060 (pos 0.073/neg 0.002) | sup 510+/9347- | seedF1 0.732 | subgraph n=9,857 e=31,845 | lr 1.96e-04 | gpu 976MB
21:14:27 [train] ep54 step  18/19 | loss 0.0063 (pos 0.065/neg 0.003) | sup 481+/8732- | seedF1 0.739 | subgraph n=9,213 e=29,603 | lr 1.94e-04 | gpu 976MB
21:14:28 ┌────────────────────────────────────────────────────────────────────────────
21:14:28 │ EPOCH  54/100  train_loss 0.0059 (pos 0.065 / neg 0.003)  seedF1 0.738  1.9s  (94056 seeds/s)  eta ~1.4min
21:14:28 │ VAL  AUROC 0.9706 | AUPRC 0.7190 (base 0.0141) | F1 0.7132 (thr 0.822) | P 0.9688 R 0.5644 | MCC 0.7369
21:14:28 │ best AUPRC 0.7274 @ ep47   patience 13/20
21:14:28 └────────────────────────────────────────────────────────────────────────────
21:14:28 [train] ep55 step   1/19 | loss 0.0053 (pos 0.061/neg 0.002) | sup 519+/9084- | seedF1 0.700 | subgraph n=9,603 e=30,852 | lr 1.94e-04 | gpu 976MB
21:14:29 [train] ep55 step   4/19 | loss 0.0059 (pos 0.064/neg 0.003) | sup 528+/9118- | seedF1 0.719 | subgraph n=9,646 e=31,162 | lr 1.93e-04 | gpu 976MB
21:14:29 [train] ep55 step   9/19 | loss 0.0061 (pos 0.063/neg 0.003) | sup 451+/8409- | seedF1 0.730 | subgraph n=8,860 e=28,123 | lr 1.91e-04 | gpu 976MB
21:14:30 [train] ep55 step  14/19 | loss 0.0054 (pos 0.053/neg 0.003) | sup 526+/8694- | seedF1 0.720 | subgraph n=9,220 e=29,462 | lr 1.90e-04 | gpu 976MB
21:14:30 [train] ep55 step  19/19 | loss 0.0062 (pos 0.063/neg 0.003) | sup 492+/8699- | seedF1 0.719 | subgraph n=9,191 e=29,747 | lr 1.89e-04 | gpu 976MB
21:14:31 ┌────────────────────────────────────────────────────────────────────────────
21:14:31 │ EPOCH  55/100  train_loss 0.0059 (pos 0.064 / neg 0.003)  seedF1 0.719  1.9s  (94578 seeds/s)  eta ~1.4min
21:14:31 │ VAL  AUROC 0.9696 | AUPRC 0.7083 (base 0.0141) | F1 0.7033 (thr 0.818) | P 0.9057 R 0.5748 | MCC 0.7186
21:14:31 │ best AUPRC 0.7274 @ ep47   patience 12/20
21:14:31 └────────────────────────────────────────────────────────────────────────────
21:14:31 [train] ep56 step   1/19 | loss 0.0066 (pos 0.069/neg 0.003) | sup 527+/9442- | seedF1 0.716 | subgraph n=9,969 e=32,140 | lr 1.88e-04 | gpu 976MB
21:14:32 [train] ep56 step   5/19 | loss 0.0061 (pos 0.066/neg 0.002) | sup 527+/8786- | seedF1 0.713 | subgraph n=9,313 e=29,446 | lr 1.87e-04 | gpu 976MB
21:14:32 [train] ep56 step  10/19 | loss 0.0055 (pos 0.056/neg 0.003) | sup 498+/9200- | seedF1 0.720 | subgraph n=9,698 e=30,756 | lr 1.86e-04 | gpu 976MB
21:14:33 [train] ep56 step  15/19 | loss 0.0052 (pos 0.054/neg 0.002) | sup 489+/8773- | seedF1 0.716 | subgraph n=9,262 e=29,608 | lr 1.84e-04 | gpu 976MB
21:14:34 ┌────────────────────────────────────────────────────────────────────────────
21:14:34 │ EPOCH  56/100  train_loss 0.0057 (pos 0.063 / neg 0.003)  seedF1 0.725  1.9s  (94112 seeds/s)  eta ~1.4min
21:14:34 │ VAL  AUROC 0.9708 | AUPRC 0.7228 (base 0.0141) | F1 0.7169 (thr 0.791) | P 0.9351 R 0.5813 | MCC 0.7346
21:14:34 │ best AUPRC 0.7274 @ ep47   patience 11/20
21:14:34 └────────────────────────────────────────────────────────────────────────────
21:14:34 [train] ep57 step   1/19 | loss 0.0062 (pos 0.068/neg 0.002) | sup 505+/8425- | seedF1 0.758 | subgraph n=8,930 e=29,008 | lr 1.83e-04 | gpu 976MB
21:14:35 [train] ep57 step   6/19 | loss 0.0054 (pos 0.054/neg 0.003) | sup 481+/8617- | seedF1 0.755 | subgraph n=9,098 e=29,260 | lr 1.81e-04 | gpu 976MB
21:14:35 [train] ep57 step  11/19 | loss 0.0055 (pos 0.062/neg 0.003) | sup 489+/9152- | seedF1 0.761 | subgraph n=9,641 e=30,579 | lr 1.80e-04 | gpu 976MB
21:14:36 [train] ep57 step  16/19 | loss 0.0062 (pos 0.078/neg 0.003) | sup 452+/9188- | seedF1 0.765 | subgraph n=9,640 e=30,914 | lr 1.78e-04 | gpu 976MB
21:14:37 ┌────────────────────────────────────────────────────────────────────────────
21:14:37 │ EPOCH  57/100  train_loss 0.0058 (pos 0.062 / neg 0.003)  seedF1 0.765  1.9s  (92826 seeds/s)  eta ~1.4min
21:14:37 │ VAL  AUROC 0.9705 | AUPRC 0.7263 (base 0.0141) | F1 0.7253 (thr 0.784) | P 0.9271 R 0.5956 | MCC 0.7404
21:14:37 │ best AUPRC 0.7274 @ ep47   patience 10/20
21:14:37 └────────────────────────────────────────────────────────────────────────────
21:14:37 [train] ep58 step   1/19 | loss 0.0055 (pos 0.052/neg 0.003) | sup 483+/8630- | seedF1 0.787 | subgraph n=9,113 e=29,167 | lr 1.77e-04 | gpu 976MB
21:14:37 [train] ep58 step   2/19 | loss 0.0061 (pos 0.069/neg 0.002) | sup 508+/8824- | seedF1 0.775 | subgraph n=9,332 e=29,724 | lr 1.77e-04 | gpu 976MB
21:14:38 [train] ep58 step   7/19 | loss 0.0056 (pos 0.058/neg 0.003) | sup 493+/9401- | seedF1 0.743 | subgraph n=9,894 e=31,318 | lr 1.75e-04 | gpu 976MB
21:14:38 [train] ep58 step  12/19 | loss 0.0062 (pos 0.067/neg 0.002) | sup 555+/8722- | seedF1 0.758 | subgraph n=9,277 e=29,594 | lr 1.74e-04 | gpu 976MB
21:14:39 [train] ep58 step  17/19 | loss 0.0051 (pos 0.054/neg 0.002) | sup 522+/8879- | seedF1 0.760 | subgraph n=9,401 e=30,279 | lr 1.72e-04 | gpu 976MB
21:14:40 ┌────────────────────────────────────────────────────────────────────────────
21:14:40 │ EPOCH  58/100  train_loss 0.0056 (pos 0.063 / neg 0.002)  seedF1 0.762  1.9s  (93214 seeds/s)  eta ~1.4min
21:14:40 │ VAL  AUROC 0.9699 | AUPRC 0.7153 (base 0.0141) | F1 0.7123 (thr 0.840) | P 0.9730 R 0.5618 | MCC 0.7368
21:14:40 │ best AUPRC 0.7274 @ ep47   patience 9/20
21:14:40 └────────────────────────────────────────────────────────────────────────────
21:14:40 [train] ep59 step   1/19 | loss 0.0056 (pos 0.061/neg 0.002) | sup 528+/9271- | seedF1 0.746 | subgraph n=9,799 e=31,716 | lr 1.72e-04 | gpu 976MB
21:14:40 [train] ep59 step   3/19 | loss 0.0060 (pos 0.057/neg 0.003) | sup 479+/8418- | seedF1 0.738 | subgraph n=8,897 e=28,042 | lr 1.71e-04 | gpu 976MB
21:14:41 [train] ep59 step   8/19 | loss 0.0057 (pos 0.062/neg 0.003) | sup 522+/9194- | seedF1 0.724 | subgraph n=9,716 e=30,957 | lr 1.69e-04 | gpu 976MB
21:14:41 [train] ep59 step  13/19 | loss 0.0062 (pos 0.063/neg 0.003) | sup 497+/8852- | seedF1 0.716 | subgraph n=9,349 e=29,311 | lr 1.68e-04 | gpu 976MB
21:14:42 [train] ep59 step  18/19 | loss 0.0063 (pos 0.078/neg 0.002) | sup 512+/9222- | seedF1 0.716 | subgraph n=9,734 e=30,993 | lr 1.66e-04 | gpu 976MB
21:14:43 ┌────────────────────────────────────────────────────────────────────────────
21:14:43 │ EPOCH  59/100  train_loss 0.0058 (pos 0.061 / neg 0.003)  seedF1 0.712  1.9s  (96201 seeds/s)  eta ~1.3min
21:14:43 │ VAL  AUROC 0.9715 | AUPRC 0.7290 (base 0.0141) | F1 0.7228 (thr 0.778) | P 0.9415 R 0.5865 | MCC 0.7404
21:14:43 │ best AUPRC 0.7290 @ ep59   ** improved **
21:14:43 └────────────────────────────────────────────────────────────────────────────
21:14:43 [train] ep60 step   1/19 | loss 0.0056 (pos 0.068/neg 0.002) | sup 460+/8428- | seedF1 0.714 | subgraph n=8,888 e=28,443 | lr 1.66e-04 | gpu 976MB
21:14:43 [train] ep60 step   4/19 | loss 0.0059 (pos 0.070/neg 0.003) | sup 457+/8811- | seedF1 0.777 | subgraph n=9,268 e=29,434 | lr 1.65e-04 | gpu 976MB
21:14:44 [train] ep60 step   9/19 | loss 0.0057 (pos 0.065/neg 0.003) | sup 506+/9678- | seedF1 0.776 | subgraph n=10,184 e=33,148 | lr 1.63e-04 | gpu 976MB
21:14:44 [train] ep60 step  14/19 | loss 0.0054 (pos 0.056/neg 0.002) | sup 505+/8634- | seedF1 0.771 | subgraph n=9,139 e=29,181 | lr 1.62e-04 | gpu 976MB
21:14:45 [train] ep60 step  19/19 | loss 0.0059 (pos 0.065/neg 0.003) | sup 542+/9864- | seedF1 0.776 | subgraph n=10,406 e=33,195 | lr 1.60e-04 | gpu 976MB
21:14:46 ┌────────────────────────────────────────────────────────────────────────────
21:14:46 │ EPOCH  60/100  train_loss 0.0057 (pos 0.062 / neg 0.003)  seedF1 0.776  1.9s  (96000 seeds/s)  eta ~1.2min
21:14:46 │ VAL  AUROC 0.9698 | AUPRC 0.7130 (base 0.0141) | F1 0.7096 (thr 0.810) | P 0.9519 R 0.5657 | MCC 0.7311
21:14:46 │ best AUPRC 0.7290 @ ep59   patience 19/20
21:14:46 └────────────────────────────────────────────────────────────────────────────
21:14:46 [train] ep61 step   1/19 | loss 0.0063 (pos 0.074/neg 0.003) | sup 483+/8938- | seedF1 0.705 | subgraph n=9,421 e=30,012 | lr 1.60e-04 | gpu 976MB
21:14:46 [train] ep61 step   5/19 | loss 0.0058 (pos 0.061/neg 0.002) | sup 521+/8461- | seedF1 0.756 | subgraph n=8,982 e=28,987 | lr 1.59e-04 | gpu 976MB
21:14:47 [train] ep61 step  10/19 | loss 0.0062 (pos 0.081/neg 0.003) | sup 450+/9453- | seedF1 0.755 | subgraph n=9,903 e=31,448 | lr 1.57e-04 | gpu 976MB
21:14:47 [train] ep61 step  15/19 | loss 0.0054 (pos 0.047/neg 0.003) | sup 516+/9196- | seedF1 0.761 | subgraph n=9,712 e=30,856 | lr 1.56e-04 | gpu 976MB
21:14:49 ┌────────────────────────────────────────────────────────────────────────────
21:14:49 │ EPOCH  61/100  train_loss 0.0058 (pos 0.063 / neg 0.003)  seedF1 0.763  1.9s  (93259 seeds/s)  eta ~1.2min
21:14:49 │ VAL  AUROC 0.9710 | AUPRC 0.7318 (base 0.0141) | F1 0.7252 (thr 0.789) | P 0.9675 R 0.5800 | MCC 0.7466
21:14:49 │ best AUPRC 0.7318 @ ep61   ** improved **
21:14:49 └────────────────────────────────────────────────────────────────────────────
21:14:49 [train] ep62 step   1/19 | loss 0.0058 (pos 0.071/neg 0.002) | sup 522+/8963- | seedF1 0.848 | subgraph n=9,485 e=30,454 | lr 1.55e-04 | gpu 976MB
21:14:49 [train] ep62 step   6/19 | loss 0.0058 (pos 0.057/neg 0.003) | sup 496+/8793- | seedF1 0.788 | subgraph n=9,289 e=29,753 | lr 1.53e-04 | gpu 976MB
21:14:50 [train] ep62 step  11/19 | loss 0.0061 (pos 0.067/neg 0.003) | sup 485+/8182- | seedF1 0.771 | subgraph n=8,667 e=27,765 | lr 1.52e-04 | gpu 976MB
21:14:50 [train] ep62 step  16/19 | loss 0.0055 (pos 0.055/neg 0.002) | sup 523+/8232- | seedF1 0.769 | subgraph n=8,755 e=27,913 | lr 1.50e-04 | gpu 976MB
21:14:51 ┌────────────────────────────────────────────────────────────────────────────
21:14:51 │ EPOCH  62/100  train_loss 0.0056 (pos 0.062 / neg 0.002)  seedF1 0.774  1.9s  (92990 seeds/s)  eta ~1.2min
21:14:51 │ VAL  AUROC 0.9710 | AUPRC 0.7252 (base 0.0141) | F1 0.7241 (thr 0.803) | P 0.9361 R 0.5904 | MCC 0.7407
21:14:51 │ best AUPRC 0.7318 @ ep61   patience 19/20
21:14:51 └────────────────────────────────────────────────────────────────────────────
21:14:52 [train] ep63 step   1/19 | loss 0.0046 (pos 0.049/neg 0.002) | sup 427+/8106- | seedF1 0.785 | subgraph n=8,533 e=27,652 | lr 1.49e-04 | gpu 976MB
21:14:52 [train] ep63 step   2/19 | loss 0.0049 (pos 0.052/neg 0.002) | sup 473+/8752- | seedF1 0.786 | subgraph n=9,225 e=29,275 | lr 1.49e-04 | gpu 976MB
21:14:52 [train] ep63 step   7/19 | loss 0.0057 (pos 0.065/neg 0.002) | sup 495+/8804- | seedF1 0.767 | subgraph n=9,299 e=29,684 | lr 1.47e-04 | gpu 976MB
21:14:53 [train] ep63 step  12/19 | loss 0.0055 (pos 0.056/neg 0.002) | sup 577+/9509- | seedF1 0.780 | subgraph n=10,086 e=31,963 | lr 1.46e-04 | gpu 976MB
21:14:53 [train] ep63 step  17/19 | loss 0.0054 (pos 0.054/neg 0.003) | sup 447+/8291- | seedF1 0.776 | subgraph n=8,738 e=28,223 | lr 1.44e-04 | gpu 976MB
21:14:54 ┌────────────────────────────────────────────────────────────────────────────
21:14:54 │ EPOCH  63/100  train_loss 0.0054 (pos 0.057 / neg 0.002)  seedF1 0.775  1.9s  (94762 seeds/s)  eta ~1.2min
21:14:54 │ VAL  AUROC 0.9703 | AUPRC 0.7260 (base 0.0141) | F1 0.7249 (thr 0.822) | P 0.9737 R 0.5774 | MCC 0.7473
21:14:54 │ best AUPRC 0.7318 @ ep61   patience 18/20
21:14:54 └────────────────────────────────────────────────────────────────────────────
21:14:54 [train] ep64 step   1/19 | loss 0.0054 (pos 0.058/neg 0.002) | sup 501+/8553- | seedF1 0.758 | subgraph n=9,054 e=28,588 | lr 1.43e-04 | gpu 976MB
21:14:55 [train] ep64 step   3/19 | loss 0.0058 (pos 0.060/neg 0.003) | sup 555+/9254- | seedF1 0.744 | subgraph n=9,809 e=31,403 | lr 1.43e-04 | gpu 976MB
21:14:55 [train] ep64 step   8/19 | loss 0.0054 (pos 0.061/neg 0.003) | sup 439+/8887- | seedF1 0.735 | subgraph n=9,326 e=30,165 | lr 1.41e-04 | gpu 976MB
21:14:56 [train] ep64 step  13/19 | loss 0.0053 (pos 0.046/neg 0.003) | sup 480+/8740- | seedF1 0.745 | subgraph n=9,220 e=29,868 | lr 1.40e-04 | gpu 976MB
21:14:56 [train] ep64 step  18/19 | loss 0.0051 (pos 0.057/neg 0.002) | sup 493+/8558- | seedF1 0.744 | subgraph n=9,051 e=28,933 | lr 1.38e-04 | gpu 976MB
21:14:57 ┌────────────────────────────────────────────────────────────────────────────
21:14:57 │ EPOCH  64/100  train_loss 0.0056 (pos 0.061 / neg 0.002)  seedF1 0.741  1.8s  (96213 seeds/s)  eta ~1.1min
21:14:57 │ VAL  AUROC 0.9698 | AUPRC 0.7297 (base 0.0141) | F1 0.7279 (thr 0.793) | P 0.9697 R 0.5826 | MCC 0.7491
21:14:57 │ best AUPRC 0.7318 @ ep61   patience 17/20
21:14:57 └────────────────────────────────────────────────────────────────────────────
21:14:57 [train] ep65 step   1/19 | loss 0.0055 (pos 0.071/neg 0.002) | sup 489+/9351- | seedF1 0.770 | subgraph n=9,840 e=31,559 | lr 1.38e-04 | gpu 976MB
21:14:57 [train] ep65 step   4/19 | loss 0.0054 (pos 0.056/neg 0.003) | sup 511+/9247- | seedF1 0.775 | subgraph n=9,758 e=31,123 | lr 1.37e-04 | gpu 976MB
21:14:58 [train] ep65 step   9/19 | loss 0.0052 (pos 0.059/neg 0.002) | sup 514+/9201- | seedF1 0.774 | subgraph n=9,715 e=31,098 | lr 1.35e-04 | gpu 976MB
21:14:59 [train] ep65 step  14/19 | loss 0.0053 (pos 0.056/neg 0.002) | sup 496+/8588- | seedF1 0.780 | subgraph n=9,084 e=28,943 | lr 1.34e-04 | gpu 976MB
21:14:59 [train] ep65 step  19/19 | loss 0.0044 (pos 0.041/neg 0.003) | sup 460+/9232- | seedF1 0.778 | subgraph n=9,692 e=31,261 | lr 1.32e-04 | gpu 976MB
21:15:00 ┌────────────────────────────────────────────────────────────────────────────
21:15:00 │ EPOCH  65/100  train_loss 0.0054 (pos 0.057 / neg 0.002)  seedF1 0.778  2.0s  (90663 seeds/s)  eta ~1.2min
21:15:00 │ VAL  AUROC 0.9692 | AUPRC 0.7238 (base 0.0141) | F1 0.7212 (thr 0.826) | P 0.9714 R 0.5735 | MCC 0.7439
21:15:00 │ best AUPRC 0.7318 @ ep61   patience 16/20
21:15:00 └────────────────────────────────────────────────────────────────────────────
21:15:00 [train] ep66 step   1/19 | loss 0.0053 (pos 0.054/neg 0.002) | sup 529+/8632- | seedF1 0.759 | subgraph n=9,161 e=29,284 | lr 1.32e-04 | gpu 976MB
21:15:01 [train] ep66 step   5/19 | loss 0.0063 (pos 0.063/neg 0.003) | sup 550+/8829- | seedF1 0.752 | subgraph n=9,379 e=30,435 | lr 1.31e-04 | gpu 976MB
21:15:01 [train] ep66 step  10/19 | loss 0.0055 (pos 0.053/neg 0.003) | sup 541+/8791- | seedF1 0.734 | subgraph n=9,332 e=29,804 | lr 1.29e-04 | gpu 976MB
21:15:02 [train] ep66 step  15/19 | loss 0.0060 (pos 0.066/neg 0.003) | sup 489+/8726- | seedF1 0.736 | subgraph n=9,215 e=29,914 | lr 1.28e-04 | gpu 976MB
21:15:03 ┌────────────────────────────────────────────────────────────────────────────
21:15:03 │ EPOCH  66/100  train_loss 0.0057 (pos 0.061 / neg 0.003)  seedF1 0.732  1.9s  (93545 seeds/s)  eta ~1.1min
21:15:03 │ VAL  AUROC 0.9700 | AUPRC 0.7251 (base 0.0141) | F1 0.7223 (thr 0.813) | P 0.9571 R 0.5800 | MCC 0.7425
21:15:03 │ best AUPRC 0.7318 @ ep61   patience 15/20
21:15:03 └────────────────────────────────────────────────────────────────────────────
21:15:03 [train] ep67 step   1/19 | loss 0.0052 (pos 0.059/neg 0.002) | sup 487+/9073- | seedF1 0.751 | subgraph n=9,560 e=30,926 | lr 1.26e-04 | gpu 976MB
21:15:04 [train] ep67 step   6/19 | loss 0.0054 (pos 0.053/neg 0.003) | sup 483+/8259- | seedF1 0.744 | subgraph n=8,742 e=27,790 | lr 1.25e-04 | gpu 976MB
21:15:04 [train] ep67 step  11/19 | loss 0.0057 (pos 0.063/neg 0.002) | sup 512+/8750- | seedF1 0.745 | subgraph n=9,262 e=29,867 | lr 1.24e-04 | gpu 976MB
21:15:05 [train] ep67 step  16/19 | loss 0.0058 (pos 0.073/neg 0.002) | sup 500+/9002- | seedF1 0.754 | subgraph n=9,502 e=30,263 | lr 1.22e-04 | gpu 976MB
21:15:06 ┌────────────────────────────────────────────────────────────────────────────
21:15:06 │ EPOCH  67/100  train_loss 0.0056 (pos 0.060 / neg 0.003)  seedF1 0.756  1.8s  (95105 seeds/s)  eta ~1.0min
21:15:06 │ VAL  AUROC 0.9707 | AUPRC 0.7203 (base 0.0141) | F1 0.7195 (thr 0.834) | P 0.9692 R 0.5722 | MCC 0.7421
21:15:06 │ best AUPRC 0.7318 @ ep61   patience 14/20
21:15:06 └────────────────────────────────────────────────────────────────────────────
21:15:06 [train] ep68 step   1/19 | loss 0.0058 (pos 0.053/neg 0.003) | sup 500+/8334- | seedF1 0.779 | subgraph n=8,834 e=27,943 | lr 1.21e-04 | gpu 976MB
21:15:06 [train] ep68 step   2/19 | loss 0.0041 (pos 0.029/neg 0.003) | sup 498+/8976- | seedF1 0.763 | subgraph n=9,474 e=30,236 | lr 1.21e-04 | gpu 976MB
21:15:07 [train] ep68 step   7/19 | loss 0.0048 (pos 0.061/neg 0.002) | sup 482+/9211- | seedF1 0.744 | subgraph n=9,693 e=31,298 | lr 1.19e-04 | gpu 976MB
21:15:07 [train] ep68 step  12/19 | loss 0.0048 (pos 0.048/neg 0.002) | sup 489+/8464- | seedF1 0.734 | subgraph n=8,953 e=28,774 | lr 1.18e-04 | gpu 976MB
21:15:08 [train] ep68 step  17/19 | loss 0.0062 (pos 0.064/neg 0.003) | sup 484+/8351- | seedF1 0.735 | subgraph n=8,835 e=28,277 | lr 1.16e-04 | gpu 976MB
21:15:09 ┌────────────────────────────────────────────────────────────────────────────
21:15:09 │ EPOCH  68/100  train_loss 0.0054 (pos 0.057 / neg 0.002)  seedF1 0.732  1.9s  (92654 seeds/s)  eta ~1.0min
21:15:09 │ VAL  AUROC 0.9702 | AUPRC 0.7263 (base 0.0141) | F1 0.7262 (thr 0.813) | P 0.9675 R 0.5813 | MCC 0.7474
21:15:09 │ best AUPRC 0.7318 @ ep61   patience 13/20
21:15:09 └────────────────────────────────────────────────────────────────────────────
21:15:09 [train] ep69 step   1/19 | loss 0.0053 (pos 0.064/neg 0.002) | sup 448+/9102- | seedF1 0.722 | subgraph n=9,550 e=30,849 | lr 1.15e-04 | gpu 976MB
21:15:09 [train] ep69 step   3/19 | loss 0.0049 (pos 0.056/neg 0.002) | sup 473+/8764- | seedF1 0.744 | subgraph n=9,237 e=29,723 | lr 1.15e-04 | gpu 976MB
21:15:10 [train] ep69 step   8/19 | loss 0.0048 (pos 0.053/neg 0.002) | sup 489+/9357- | seedF1 0.732 | subgraph n=9,846 e=31,326 | lr 1.13e-04 | gpu 976MB
21:15:10 [train] ep69 step  13/19 | loss 0.0053 (pos 0.058/neg 0.002) | sup 482+/8841- | seedF1 0.738 | subgraph n=9,323 e=29,664 | lr 1.12e-04 | gpu 976MB
21:15:11 [train] ep69 step  18/19 | loss 0.0064 (pos 0.079/neg 0.002) | sup 483+/8748- | seedF1 0.742 | subgraph n=9,231 e=30,260 | lr 1.11e-04 | gpu 976MB
21:15:12 ┌────────────────────────────────────────────────────────────────────────────
21:15:12 │ EPOCH  69/100  train_loss 0.0055 (pos 0.063 / neg 0.002)  seedF1 0.739  2.0s  (91608 seeds/s)  eta ~1.0min
21:15:12 │ VAL  AUROC 0.9700 | AUPRC 0.7262 (base 0.0141) | F1 0.7289 (thr 0.800) | P 0.9698 R 0.5839 | MCC 0.7500
21:15:12 │ best AUPRC 0.7318 @ ep61   patience 12/20
21:15:12 └────────────────────────────────────────────────────────────────────────────
21:15:12 [train] ep70 step   1/19 | loss 0.0055 (pos 0.058/neg 0.002) | sup 536+/8637- | seedF1 0.724 | subgraph n=9,173 e=29,450 | lr 1.10e-04 | gpu 976MB
21:15:12 [train] ep70 step   4/19 | loss 0.0053 (pos 0.051/neg 0.003) | sup 525+/8654- | seedF1 0.762 | subgraph n=9,179 e=29,500 | lr 1.09e-04 | gpu 976MB
21:15:13 [train] ep70 step   9/19 | loss 0.0057 (pos 0.055/neg 0.003) | sup 518+/8549- | seedF1 0.768 | subgraph n=9,067 e=28,964 | lr 1.08e-04 | gpu 976MB
21:15:13 [train] ep70 step  14/19 | loss 0.0051 (pos 0.058/neg 0.002) | sup 502+/8830- | seedF1 0.769 | subgraph n=9,332 e=29,820 | lr 1.06e-04 | gpu 976MB
21:15:14 [train] ep70 step  19/19 | loss 0.0052 (pos 0.054/neg 0.002) | sup 531+/8995- | seedF1 0.771 | subgraph n=9,526 e=30,582 | lr 1.05e-04 | gpu 976MB
21:15:15 ┌────────────────────────────────────────────────────────────────────────────
21:15:15 │ EPOCH  70/100  train_loss 0.0054 (pos 0.057 / neg 0.002)  seedF1 0.771  1.8s  (95296 seeds/s)  eta ~0.9min
21:15:15 │ VAL  AUROC 0.9704 | AUPRC 0.7203 (base 0.0141) | F1 0.7218 (thr 0.840) | P 0.9591 R 0.5787 | MCC 0.7424
21:15:15 │ best AUPRC 0.7318 @ ep61   patience 11/20
21:15:15 └────────────────────────────────────────────────────────────────────────────
21:15:15 [train] ep71 step   1/19 | loss 0.0048 (pos 0.048/neg 0.003) | sup 487+/9092- | seedF1 0.777 | subgraph n=9,579 e=30,833 | lr 1.05e-04 | gpu 976MB
21:15:15 [train] ep71 step   5/19 | loss 0.0056 (pos 0.057/neg 0.003) | sup 526+/9042- | seedF1 0.741 | subgraph n=9,568 e=30,445 | lr 1.04e-04 | gpu 976MB
21:15:16 [train] ep71 step  10/19 | loss 0.0046 (pos 0.050/neg 0.002) | sup 512+/9133- | seedF1 0.735 | subgraph n=9,645 e=30,871 | lr 1.02e-04 | gpu 976MB
21:15:16 [train] ep71 step  15/19 | loss 0.0053 (pos 0.060/neg 0.002) | sup 476+/9287- | seedF1 0.732 | subgraph n=9,763 e=31,160 | lr 1.01e-04 | gpu 976MB
21:15:18 ┌────────────────────────────────────────────────────────────────────────────
21:15:18 │ EPOCH  71/100  train_loss 0.0054 (pos 0.058 / neg 0.002)  seedF1 0.734  1.9s  (92995 seeds/s)  eta ~0.9min
21:15:18 │ VAL  AUROC 0.9699 | AUPRC 0.7236 (base 0.0141) | F1 0.7221 (thr 0.816) | P 0.9531 R 0.5813 | MCC 0.7417
21:15:18 │ best AUPRC 0.7318 @ ep61   patience 10/20
21:15:18 └────────────────────────────────────────────────────────────────────────────
21:15:18 [train] ep72 step   1/19 | loss 0.0056 (pos 0.059/neg 0.003) | sup 524+/8983- | seedF1 0.736 | subgraph n=9,507 e=30,437 | lr 9.95e-05 | gpu 976MB
21:15:18 [train] ep72 step   6/19 | loss 0.0051 (pos 0.060/neg 0.002) | sup 477+/8923- | seedF1 0.712 | subgraph n=9,400 e=30,226 | lr 9.82e-05 | gpu 976MB
21:15:19 [train] ep72 step  11/19 | loss 0.0051 (pos 0.048/neg 0.003) | sup 524+/8826- | seedF1 0.741 | subgraph n=9,350 e=30,128 | lr 9.68e-05 | gpu 976MB
21:15:19 [train] ep72 step  16/19 | loss 0.0055 (pos 0.062/neg 0.002) | sup 553+/9660- | seedF1 0.750 | subgraph n=10,213 e=32,492 | lr 9.55e-05 | gpu 976MB
21:15:20 ┌────────────────────────────────────────────────────────────────────────────
21:15:20 │ EPOCH  72/100  train_loss 0.0053 (pos 0.056 / neg 0.002)  seedF1 0.751  1.9s  (92048 seeds/s)  eta ~0.9min
21:15:20 │ VAL  AUROC 0.9678 | AUPRC 0.7158 (base 0.0141) | F1 0.7096 (thr 0.846) | P 0.9707 R 0.5592 | MCC 0.7342
21:15:20 │ best AUPRC 0.7318 @ ep61   patience 9/20
21:15:20 └────────────────────────────────────────────────────────────────────────────
21:15:21 [train] ep73 step   1/19 | loss 0.0057 (pos 0.059/neg 0.003) | sup 529+/9127- | seedF1 0.729 | subgraph n=9,656 e=30,856 | lr 9.44e-05 | gpu 976MB
21:15:21 [train] ep73 step   2/19 | loss 0.0055 (pos 0.067/neg 0.002) | sup 530+/9799- | seedF1 0.705 | subgraph n=10,329 e=33,272 | lr 9.41e-05 | gpu 976MB
21:15:21 [train] ep73 step   7/19 | loss 0.0046 (pos 0.045/neg 0.002) | sup 486+/9417- | seedF1 0.732 | subgraph n=9,903 e=32,287 | lr 9.28e-05 | gpu 976MB
21:15:22 [train] ep73 step  12/19 | loss 0.0053 (pos 0.056/neg 0.002) | sup 516+/8777- | seedF1 0.724 | subgraph n=9,293 e=29,512 | lr 9.15e-05 | gpu 976MB
21:15:22 [train] ep73 step  17/19 | loss 0.0053 (pos 0.061/neg 0.002) | sup 454+/8349- | seedF1 0.720 | subgraph n=8,803 e=28,126 | lr 9.02e-05 | gpu 976MB
21:15:24 ┌────────────────────────────────────────────────────────────────────────────
21:15:24 │ EPOCH  73/100  train_loss 0.0054 (pos 0.058 / neg 0.002)  seedF1 0.720  2.0s  (89830 seeds/s)  eta ~0.9min
21:15:24 │ VAL  AUROC 0.9697 | AUPRC 0.7252 (base 0.0141) | F1 0.7280 (thr 0.814) | P 0.9739 R 0.5813 | MCC 0.7499
21:15:24 │ best AUPRC 0.7318 @ ep61   patience 8/20
21:15:24 └────────────────────────────────────────────────────────────────────────────
21:15:24 [train] ep74 step   1/19 | loss 0.0054 (pos 0.062/neg 0.002) | sup 516+/8997- | seedF1 0.771 | subgraph n=9,513 e=30,526 | lr 8.94e-05 | gpu 976MB
21:15:24 [train] ep74 step   3/19 | loss 0.0052 (pos 0.053/neg 0.002) | sup 455+/7992- | seedF1 0.753 | subgraph n=8,447 e=27,497 | lr 8.89e-05 | gpu 976MB
21:15:24 [train] ep74 step   8/19 | loss 0.0051 (pos 0.054/neg 0.002) | sup 484+/9134- | seedF1 0.757 | subgraph n=9,618 e=30,967 | lr 8.75e-05 | gpu 976MB
21:15:25 [train] ep74 step  13/19 | loss 0.0062 (pos 0.072/neg 0.002) | sup 528+/9116- | seedF1 0.752 | subgraph n=9,644 e=31,011 | lr 8.63e-05 | gpu 976MB
21:15:25 [train] ep74 step  18/19 | loss 0.0057 (pos 0.060/neg 0.003) | sup 526+/9095- | seedF1 0.759 | subgraph n=9,621 e=30,982 | lr 8.50e-05 | gpu 976MB
21:15:26 ┌────────────────────────────────────────────────────────────────────────────
21:15:26 │ EPOCH  74/100  train_loss 0.0056 (pos 0.062 / neg 0.002)  seedF1 0.757  1.9s  (94177 seeds/s)  eta ~0.8min
21:15:26 │ VAL  AUROC 0.9682 | AUPRC 0.7123 (base 0.0141) | F1 0.7089 (thr 0.827) | P 0.9458 R 0.5670 | MCC 0.7296
21:15:26 │ best AUPRC 0.7318 @ ep61   patience 7/20
21:15:26 └────────────────────────────────────────────────────────────────────────────
21:15:27 [train] ep75 step   1/19 | loss 0.0057 (pos 0.060/neg 0.003) | sup 489+/9119- | seedF1 0.729 | subgraph n=9,608 e=31,165 | lr 8.44e-05 | gpu 976MB
21:15:27 [train] ep75 step   4/19 | loss 0.0059 (pos 0.069/neg 0.002) | sup 516+/9024- | seedF1 0.720 | subgraph n=9,540 e=30,119 | lr 8.37e-05 | gpu 976MB
21:15:27 [train] ep75 step   9/19 | loss 0.0050 (pos 0.062/neg 0.002) | sup 451+/9438- | seedF1 0.731 | subgraph n=9,889 e=32,013 | lr 8.24e-05 | gpu 976MB
21:15:28 [train] ep75 step  14/19 | loss 0.0061 (pos 0.060/neg 0.003) | sup 475+/7793- | seedF1 0.731 | subgraph n=8,268 e=27,266 | lr 8.11e-05 | gpu 976MB
21:15:28 [train] ep75 step  19/19 | loss 0.0046 (pos 0.046/neg 0.002) | sup 510+/9253- | seedF1 0.736 | subgraph n=9,763 e=31,246 | lr 7.99e-05 | gpu 976MB
21:15:29 ┌────────────────────────────────────────────────────────────────────────────
21:15:29 │ EPOCH  75/100  train_loss 0.0053 (pos 0.058 / neg 0.002)  seedF1 0.736  1.9s  (94150 seeds/s)  eta ~0.8min
21:15:29 │ VAL  AUROC 0.9686 | AUPRC 0.7160 (base 0.0141) | F1 0.7170 (thr 0.843) | P 0.9711 R 0.5683 | MCC 0.7404
21:15:29 │ best AUPRC 0.7318 @ ep61   patience 6/20
21:15:29 └────────────────────────────────────────────────────────────────────────────
21:15:29 [train] ep76 step   1/19 | loss 0.0058 (pos 0.069/neg 0.002) | sup 483+/8913- | seedF1 0.695 | subgraph n=9,396 e=30,038 | lr 7.96e-05 | gpu 976MB
21:15:30 [train] ep76 step   5/19 | loss 0.0061 (pos 0.069/neg 0.002) | sup 495+/8414- | seedF1 0.731 | subgraph n=8,909 e=28,746 | lr 7.86e-05 | gpu 976MB
21:15:30 [train] ep76 step  10/19 | loss 0.0057 (pos 0.072/neg 0.002) | sup 545+/9526- | seedF1 0.726 | subgraph n=10,071 e=32,554 | lr 7.74e-05 | gpu 976MB
21:15:31 [train] ep76 step  15/19 | loss 0.0058 (pos 0.058/neg 0.003) | sup 506+/8356- | seedF1 0.728 | subgraph n=8,862 e=28,256 | lr 7.62e-05 | gpu 976MB
21:15:32 ┌────────────────────────────────────────────────────────────────────────────
21:15:32 │ EPOCH  76/100  train_loss 0.0054 (pos 0.059 / neg 0.002)  seedF1 0.722  1.9s  (93262 seeds/s)  eta ~0.8min
21:15:32 │ VAL  AUROC 0.9692 | AUPRC 0.7209 (base 0.0141) | F1 0.7273 (thr 0.817) | P 0.9536 R 0.5878 | MCC 0.7461
21:15:32 │ best AUPRC 0.7318 @ ep61   patience 5/20
21:15:32 └────────────────────────────────────────────────────────────────────────────
21:15:32 [train] ep77 step   1/19 | loss 0.0056 (pos 0.059/neg 0.003) | sup 505+/8966- | seedF1 0.769 | subgraph n=9,471 e=30,480 | lr 7.50e-05 | gpu 976MB
21:15:33 [train] ep77 step   6/19 | loss 0.0054 (pos 0.049/neg 0.003) | sup 493+/8609- | seedF1 0.748 | subgraph n=9,102 e=29,260 | lr 7.37e-05 | gpu 976MB
21:15:33 [train] ep77 step  11/19 | loss 0.0050 (pos 0.053/neg 0.002) | sup 508+/8866- | seedF1 0.749 | subgraph n=9,374 e=30,094 | lr 7.25e-05 | gpu 976MB
21:15:34 [train] ep77 step  16/19 | loss 0.0055 (pos 0.062/neg 0.002) | sup 496+/8788- | seedF1 0.753 | subgraph n=9,284 e=29,924 | lr 7.13e-05 | gpu 976MB
21:15:35 ┌────────────────────────────────────────────────────────────────────────────
21:15:35 │ EPOCH  77/100  train_loss 0.0053 (pos 0.056 / neg 0.002)  seedF1 0.753  1.9s  (93192 seeds/s)  eta ~0.7min
21:15:35 │ VAL  AUROC 0.9690 | AUPRC 0.7158 (base 0.0141) | F1 0.7173 (thr 0.843) | P 0.9648 R 0.5709 | MCC 0.7396
21:15:35 │ best AUPRC 0.7318 @ ep61   patience 4/20
21:15:35 └────────────────────────────────────────────────────────────────────────────
21:15:35 [train] ep78 step   1/19 | loss 0.0048 (pos 0.054/neg 0.002) | sup 483+/8566- | seedF1 0.756 | subgraph n=9,049 e=28,610 | lr 7.04e-05 | gpu 976MB
21:15:35 [train] ep78 step   2/19 | loss 0.0055 (pos 0.059/neg 0.003) | sup 473+/8689- | seedF1 0.758 | subgraph n=9,162 e=29,468 | lr 7.02e-05 | gpu 976MB
21:15:36 [train] ep78 step   7/19 | loss 0.0048 (pos 0.052/neg 0.002) | sup 441+/8157- | seedF1 0.734 | subgraph n=8,598 e=27,256 | lr 6.90e-05 | gpu 976MB
21:15:36 [train] ep78 step  12/19 | loss 0.0061 (pos 0.073/neg 0.002) | sup 534+/9150- | seedF1 0.731 | subgraph n=9,684 e=30,940 | lr 6.78e-05 | gpu 976MB
21:15:37 [train] ep78 step  17/19 | loss 0.0054 (pos 0.064/neg 0.002) | sup 468+/9023- | seedF1 0.727 | subgraph n=9,491 e=30,359 | lr 6.67e-05 | gpu 976MB
21:15:38 ┌────────────────────────────────────────────────────────────────────────────
21:15:38 │ EPOCH  78/100  train_loss 0.0054 (pos 0.058 / neg 0.002)  seedF1 0.726  1.9s  (90031 seeds/s)  eta ~0.7min
21:15:38 │ VAL  AUROC 0.9680 | AUPRC 0.7203 (base 0.0141) | F1 0.7213 (thr 0.839) | P 0.9756 R 0.5722 | MCC 0.7447
21:15:38 │ best AUPRC 0.7318 @ ep61   patience 3/20
21:15:38 └────────────────────────────────────────────────────────────────────────────
21:15:38 [train] ep79 step   1/19 | loss 0.0052 (pos 0.059/neg 0.002) | sup 517+/8532- | seedF1 0.789 | subgraph n=9,049 e=28,604 | lr 6.60e-05 | gpu 976MB
21:15:38 [train] ep79 step   3/19 | loss 0.0056 (pos 0.061/neg 0.002) | sup 480+/8473- | seedF1 0.756 | subgraph n=8,953 e=28,688 | lr 6.55e-05 | gpu 976MB
21:15:39 [train] ep79 step   8/19 | loss 0.0051 (pos 0.053/neg 0.002) | sup 513+/8837- | seedF1 0.741 | subgraph n=9,350 e=29,868 | lr 6.44e-05 | gpu 976MB
21:15:39 [train] ep79 step  13/19 | loss 0.0058 (pos 0.062/neg 0.002) | sup 524+/8673- | seedF1 0.744 | subgraph n=9,197 e=29,630 | lr 6.33e-05 | gpu 976MB
21:15:40 [train] ep79 step  18/19 | loss 0.0052 (pos 0.060/neg 0.002) | sup 472+/8681- | seedF1 0.744 | subgraph n=9,153 e=28,799 | lr 6.21e-05 | gpu 976MB
21:15:41 ┌────────────────────────────────────────────────────────────────────────────
21:15:41 │ EPOCH  79/100  train_loss 0.0053 (pos 0.058 / neg 0.002)  seedF1 0.742  2.0s  (91528 seeds/s)  eta ~0.7min
21:15:41 │ VAL  AUROC 0.9689 | AUPRC 0.7270 (base 0.0141) | F1 0.7253 (thr 0.825) | P 0.9716 R 0.5787 | MCC 0.7474
21:15:41 │ best AUPRC 0.7318 @ ep61   patience 2/20
21:15:41 └────────────────────────────────────────────────────────────────────────────
21:15:41 [train] ep80 step   1/19 | loss 0.0057 (pos 0.058/neg 0.003) | sup 490+/8284- | seedF1 0.755 | subgraph n=8,774 e=27,899 | lr 6.17e-05 | gpu 976MB
21:15:41 [train] ep80 step   4/19 | loss 0.0058 (pos 0.067/neg 0.002) | sup 499+/8549- | seedF1 0.743 | subgraph n=9,048 e=28,482 | lr 6.10e-05 | gpu 976MB
21:15:42 [train] ep80 step   9/19 | loss 0.0053 (pos 0.054/neg 0.002) | sup 494+/8581- | seedF1 0.745 | subgraph n=9,075 e=29,432 | lr 6.00e-05 | gpu 976MB
21:15:42 [train] ep80 step  14/19 | loss 0.0050 (pos 0.054/neg 0.002) | sup 507+/9368- | seedF1 0.747 | subgraph n=9,875 e=31,839 | lr 5.89e-05 | gpu 976MB
21:15:43 [train] ep80 step  19/19 | loss 0.0054 (pos 0.066/neg 0.002) | sup 481+/9216- | seedF1 0.742 | subgraph n=9,697 e=31,010 | lr 5.78e-05 | gpu 976MB
21:15:44 ┌────────────────────────────────────────────────────────────────────────────
21:15:44 │ EPOCH  80/100  train_loss 0.0054 (pos 0.056 / neg 0.002)  seedF1 0.742  1.9s  (91641 seeds/s)  eta ~0.6min
21:15:44 │ VAL  AUROC 0.9697 | AUPRC 0.7230 (base 0.0141) | F1 0.7216 (thr 0.825) | P 0.9693 R 0.5748 | MCC 0.7439
21:15:44 │ best AUPRC 0.7318 @ ep61   patience 1/20
21:15:44 └────────────────────────────────────────────────────────────────────────────
21:15:44 [train] ep81 step   1/19 | loss 0.0060 (pos 0.072/neg 0.002) | sup 485+/8502- | seedF1 0.742 | subgraph n=8,987 e=28,632 | lr 5.76e-05 | gpu 976MB
21:15:45 [train] ep81 step   5/19 | loss 0.0054 (pos 0.058/neg 0.003) | sup 498+/8900- | seedF1 0.750 | subgraph n=9,398 e=30,504 | lr 5.67e-05 | gpu 976MB
21:15:45 [train] ep81 step  10/19 | loss 0.0055 (pos 0.064/neg 0.002) | sup 480+/8728- | seedF1 0.745 | subgraph n=9,208 e=29,814 | lr 5.57e-05 | gpu 976MB
21:15:46 [train] ep81 step  15/19 | loss 0.0051 (pos 0.056/neg 0.002) | sup 517+/9205- | seedF1 0.747 | subgraph n=9,722 e=30,708 | lr 5.46e-05 | gpu 976MB
21:15:47 ┌────────────────────────────────────────────────────────────────────────────
21:15:47 │ EPOCH  81/100  train_loss 0.0052 (pos 0.057 / neg 0.002)  seedF1 0.745  1.9s  (93055 seeds/s)  eta ~0.6min
21:15:47 │ VAL  AUROC 0.9692 | AUPRC 0.7268 (base 0.0141) | F1 0.7289 (thr 0.814) | P 0.9698 R 0.5839 | MCC 0.7500
21:15:47 │ best AUPRC 0.7318 @ ep61   patience 0/20
21:15:47 └────────────────────────────────────────────────────────────────────────────
21:15:47 [train] early stopping: no AUPRC improvement for 20 epochs.
21:15:48 [eval] loaded checkpoint runs\20260809_211146_full_production\best.pt (epoch 61)
21:15:49 ── VALIDATION ────────────────────────────────────────────────────
  events=54,356  positives=769  pos_rate=1.41%
  ranking:   AUROC=0.9710   AUPRC=0.7318   (baseline AP=0.0141, lift x51.7)
  @thr=0.789:  F1=0.7252   P=0.9675   R=0.5800   MCC=0.7466
  @thr=0.50:  F1=0.4485
  confusion: TN=53,572  FP=15  FN=323  TP=446
  triage:    precision@K(=n_pos)=0.6632  (lift x46.9 over random)
──────────────────────────────────────────────────────────────────
21:15:50 ── TEST ──────────────────────────────────────────────────────────
  events=60,664  positives=779  pos_rate=1.28%
  ranking:   AUROC=0.9829   AUPRC=0.7622   (baseline AP=0.0128, lift x59.4)
  @thr=0.789:  F1=0.7504   P=0.9563   R=0.6175   MCC=0.7662
  @thr=0.50:  F1=0.4623
  confusion: TN=59,863  FP=22  FN=298  TP=481
  triage:    precision@K(=n_pos)=0.6714  (lift x52.3 over random)
──────────────────────────────────────────────────────────────────
21:15:50 [eval] mean attention per edge, per provenance relation (what the model leans on, normalised for edge volume):
21:15:50 [eval]   NET_TRIGGER       19.0%  #######
21:15:50 [eval]   CONFIG_TRIGGER    18.5%  #######
21:15:50 [eval]   PROCESS_CHILD     17.4%  ######
21:15:50 [eval]   SESSION_ACTION    15.6%  ######
21:15:50 [eval]   HOST_SEQUENCE     15.2%  ######
21:15:50 [eval]   USER_SEQUENCE     14.3%  #####
21:15:51 ── TEST (alt operating point: recall) ────────────────────────────
  events=60,664  positives=779  pos_rate=1.28%
  ranking:   AUROC=0.9829   AUPRC=0.7622   (baseline AP=0.0128, lift x59.4)
  @thr=0.238:  F1=0.2396   P=0.1375   R=0.9320   MCC=0.3419
  @thr=0.50:  F1=0.4623
  confusion: TN=55,331  FP=4,554  FN=53  TP=726
  triage:    precision@K(=n_pos)=0.6714  (lift x52.3 over random)
──────────────────────────────────────────────────────────────────
21:15:51 [eval] rewire ablation: permuting edge destinations (degrees kept, topology destroyed) ...
21:17:45 ── TEST (REWIRE ablation) ────────────────────────────────────────
  events=60,664  positives=779  pos_rate=1.28%
  ranking:   AUROC=0.7857   AUPRC=0.3005   (baseline AP=0.0128, lift x23.4)
  @thr=0.789:  F1=0.3251   P=0.7130   R=0.2105   MCC=0.3837
  @thr=0.50:  F1=0.2856
  confusion: TN=59,819  FP=66  FN=615  TP=164
  triage:    precision@K(=n_pos)=0.3261  (lift x25.4 over random)
──────────────────────────────────────────────────────────────────
21:17:45 [eval] AUPRC drop from rewiring: 0.7622 -> 0.3005  (delta +0.4617). Model depends on graph structure as intended.
21:17:45 [eval] report -> runs\20260809_211146_full_production\eval_report.json
21:17:45 [mlp ] training feature-only baseline (no edges) ...
21:17:48 [mlp ] ep 1 val AUPRC 0.3462  AUROC 0.8918  F1 0.3923
21:17:57 [mlp ] ep 5 val AUPRC 0.4521  AUROC 0.8921  F1 0.4806
21:18:09 [mlp ] ep10 val AUPRC 0.4827  AUROC 0.8750  F1 0.5250
21:18:23 [mlp ] ep15 val AUPRC 0.4771  AUROC 0.8664  F1 0.5230
21:18:35 [mlp ] ep20 val AUPRC 0.4612  AUROC 0.8569  F1 0.5151
21:18:47 [mlp ] ep25 val AUPRC 0.4508  AUROC 0.8575  F1 0.5036
21:18:48 ── TEST (MLP feature-only baseline) ──────────────────────────────
  events=60,664  positives=779  pos_rate=1.28%
  ranking:   AUROC=0.8885   AUPRC=0.5366   (baseline AP=0.0128, lift x41.8)
  @thr=0.889:  F1=0.5441   P=0.9124   R=0.3877   MCC=0.5918
  @thr=0.50:  F1=0.0579
  confusion: TN=59,856  FP=29  FN=477  TP=302
  triage:    precision@K(=n_pos)=0.5212  (lift x40.6 over random)
──────────────────────────────────────────────────────────────────
21:18:48 ── TEST (MLP baseline, alt operating point: recall) ──────────────
  events=60,664  positives=779  pos_rate=1.28%
  ranking:   AUROC=0.8885   AUPRC=0.5366   (baseline AP=0.0128, lift x41.8)
  @thr=0.459:  F1=0.0502   P=0.0258   R=0.9217   MCC=0.1059
  @thr=0.50:  F1=0.0579
  confusion: TN=32,751  FP=27,134  FN=61  TP=718
  triage:    precision@K(=n_pos)=0.5212  (lift x40.6 over random)
──────────────────────────────────────────────────────────────────
21:18:48 [run ] Compare: if RGAT test AUPRC >> MLP AUPRC, the model is reading TOPOLOGY, not just features — exactly the point of event-centric provenance graphs.
21:18:48 [run ] done.
