13:21:03 ==============================================================================
13:21:03 EVENT-PROVENANCE RGAT  |  focal loss  |  neighbourhood sampling
13:21:03 ==============================================================================
13:21:03 ==============================================================================
EVENT-PROVENANCE SCHEMA (KQL contract)
==============================================================================
event types (6):  SignIn, ProcessCreate, NetworkConnection, FileActivity, SystemConfig, DnsQuery
relations   (6):  PROCESS_CHILD, SESSION_ACTION, HOST_SEQUENCE, USER_SEQUENCE, NET_TRIGGER, CONFIG_TRIGGER
------------------------------------------------------------------------------
feature block             offset   dim  kind
etype_onehot                   0     6  onehot
hour_sin_cos                   6     2  dense
dow_sin_cos                    8     2  dense
host_role_onehot              10     6  onehot
os_onehot                     16     2  onehot
user_role_onehot              18     3  onehot
auth_flags                    21     4  dense
integrity_onehot              25     3  onehot
net_flags                     28     2  dense
protocol_onehot               30     3  onehot
port_class_onehot             33     4  onehot
log_bytes                     37     1  dense
process_cat_onehot            38    14  onehot
file_cat_onehot               52     9  onehot
file_action_onehot            61     4  onehot
config_kind_onehot            65     5  onehot
dns_feats                     70     2  dense
cmdline_feats                 72     6  dense
TOTAL node features                 78
edge features: 8  (log_dt_min + dt bucket onehot + log_bytes)
==============================================================================
13:21:03 [run ] run dir: runs\20260807_132103_exp4_bidir_alpha85
13:21:03 [env ] CUDA device: NVIDIA GeForce RTX 5060  VRAM 8.0 GB  torch 2.13.0+cu132
13:21:03 [data] loading cached dataset from data\graph_d34b2d9b067a.pt
13:21:03 [data]   nodes=402,064
[data]   PROCESS_CHILD    edges=   44,696
[data]   SESSION_ACTION   edges=   24,079
[data]   HOST_SEQUENCE    edges=  292,980
[data]   USER_SEQUENCE    edges=  315,563
[data]   NET_TRIGGER      edges=    8,158
[data]   CONFIG_TRIGGER   edges=    4,135
[data]   split train: nodes= 275,273  positive= 2,367  pos_rate=0.86%
[data]   split val  : nodes=  54,356  positive=   769  pos_rate=1.41%
[data]   split test : nodes=  60,664  positive=   779  pos_rate=1.28%
13:21:04 [model] EventProvenanceRGAT  layers=4 hidden=96 heads=4 params=281,041
13:21:04 [loss ] focal loss  gamma=2.0 alpha=0.85
13:21:04 [thr  ] threshold policy: f1
13:21:04 [train] 80 epochs x 19 steps (seeds/batch=512, pos=128/neg=384)
13:21:04 [train] ep 1 step   1/19 | loss 0.0340 (pos 0.174/neg 0.023) | sup 466+/5755- | seedF1 0.369 | subgraph n=6,221 e=17,983 | lr 3.07e-05 | gpu 319MB
13:21:04 [train] ep 1 step   5/19 | loss 0.0345 (pos 0.179/neg 0.022) | sup 459+/5182- | seedF1 0.389 | subgraph n=5,641 e=16,312 | lr 3.34e-05 | gpu 319MB
13:21:05 [train] ep 1 step  10/19 | loss 0.0326 (pos 0.182/neg 0.021) | sup 446+/5611- | seedF1 0.351 | subgraph n=6,057 e=17,750 | lr 3.67e-05 | gpu 327MB
13:21:05 [train] ep 1 step  15/19 | loss 0.0326 (pos 0.186/neg 0.020) | sup 463+/5594- | seedF1 0.333 | subgraph n=6,057 e=17,795 | lr 4.01e-05 | gpu 327MB
13:21:06 ┌────────────────────────────────────────────────────────────────────────────
13:21:06 │ EPOCH   1/80  train_loss 0.0327 (pos 0.184 / neg 0.021)  seedF1 0.319  1.6s  (70703 seeds/s)  eta ~2.1min
13:21:06 │ VAL  AUROC 0.7419 | AUPRC 0.0549 (base 0.0141) | F1 0.1261 (thr 0.503) | P 0.1275 R 0.1248 | MCC 0.1137
13:21:06 │ best AUPRC 0.0549 @ ep1   ** improved **
13:21:06 └────────────────────────────────────────────────────────────────────────────
13:21:06 [train] ep 2 step   1/19 | loss 0.0312 (pos 0.192/neg 0.019) | sup 425+/5403- | seedF1 0.254 | subgraph n=5,828 e=16,935 | lr 4.35e-05 | gpu 327MB
13:21:06 [train] ep 2 step   6/19 | loss 0.0316 (pos 0.200/neg 0.018) | sup 433+/5257- | seedF1 0.229 | subgraph n=5,690 e=16,523 | lr 4.69e-05 | gpu 327MB
13:21:06 [train] ep 2 step  11/19 | loss 0.0307 (pos 0.200/neg 0.017) | sup 452+/5533- | seedF1 0.215 | subgraph n=5,985 e=17,381 | lr 5.03e-05 | gpu 327MB
13:21:07 [train] ep 2 step  16/19 | loss 0.0303 (pos 0.206/neg 0.016) | sup 441+/5457- | seedF1 0.216 | subgraph n=5,898 e=17,117 | lr 5.36e-05 | gpu 327MB
13:21:08 ┌────────────────────────────────────────────────────────────────────────────
13:21:08 │ EPOCH   2/80  train_loss 0.0306 (pos 0.200 / neg 0.017)  seedF1 0.223  1.0s  (116708 seeds/s)  eta ~1.2min
13:21:08 │ VAL  AUROC 0.8246 | AUPRC 0.1245 (base 0.0141) | F1 0.1859 (thr 0.501) | P 0.1424 R 0.2679 | MCC 0.1795
13:21:08 │ best AUPRC 0.1245 @ ep2   ** improved **
13:21:08 └────────────────────────────────────────────────────────────────────────────
13:21:08 [train] ep 3 step   1/19 | loss 0.0296 (pos 0.205/neg 0.016) | sup 437+/5592- | seedF1 0.246 | subgraph n=6,029 e=17,362 | lr 5.63e-05 | gpu 327MB
13:21:08 [train] ep 3 step   2/19 | loss 0.0281 (pos 0.202/neg 0.016) | sup 412+/5716- | seedF1 0.272 | subgraph n=6,128 e=18,101 | lr 5.70e-05 | gpu 327MB
13:21:08 [train] ep 3 step   7/19 | loss 0.0278 (pos 0.193/neg 0.015) | sup 438+/5702- | seedF1 0.318 | subgraph n=6,140 e=17,981 | lr 6.04e-05 | gpu 327MB
13:21:08 [train] ep 3 step  12/19 | loss 0.0276 (pos 0.203/neg 0.014) | sup 433+/5728- | seedF1 0.341 | subgraph n=6,161 e=17,890 | lr 6.38e-05 | gpu 327MB
13:21:08 [train] ep 3 step  17/19 | loss 0.0272 (pos 0.197/neg 0.014) | sup 431+/5505- | seedF1 0.368 | subgraph n=5,936 e=17,418 | lr 6.71e-05 | gpu 327MB
13:21:09 ┌────────────────────────────────────────────────────────────────────────────
13:21:09 │ EPOCH   3/80  train_loss 0.0280 (pos 0.199 / neg 0.015)  seedF1 0.381  1.0s  (118588 seeds/s)  eta ~1.2min
13:21:09 │ VAL  AUROC 0.8462 | AUPRC 0.0923 (base 0.0141) | F1 0.1815 (thr 0.544) | P 0.1295 R 0.3030 | MCC 0.1807
13:21:09 │ best AUPRC 0.1245 @ ep2   patience 19/20
13:21:09 └────────────────────────────────────────────────────────────────────────────
13:21:09 [train] ep 4 step   1/19 | loss 0.0264 (pos 0.198/neg 0.014) | sup 407+/5439- | seedF1 0.165 | subgraph n=5,846 e=16,888 | lr 6.92e-05 | gpu 327MB
13:21:09 [train] ep 4 step   3/19 | loss 0.0272 (pos 0.195/neg 0.013) | sup 448+/5436- | seedF1 0.205 | subgraph n=5,884 e=17,189 | lr 7.05e-05 | gpu 327MB
13:21:10 [train] ep 4 step   8/19 | loss 0.0247 (pos 0.180/neg 0.013) | sup 443+/5679- | seedF1 0.271 | subgraph n=6,122 e=17,895 | lr 7.39e-05 | gpu 327MB
13:21:10 [train] ep 4 step  13/19 | loss 0.0261 (pos 0.180/neg 0.013) | sup 462+/5393- | seedF1 0.313 | subgraph n=5,855 e=17,199 | lr 7.72e-05 | gpu 327MB
13:21:10 [train] ep 4 step  18/19 | loss 0.0267 (pos 0.186/neg 0.012) | sup 494+/5445- | seedF1 0.355 | subgraph n=5,939 e=17,126 | lr 8.06e-05 | gpu 327MB
13:21:11 ┌────────────────────────────────────────────────────────────────────────────
13:21:11 │ EPOCH   4/80  train_loss 0.0259 (pos 0.190 / neg 0.013)  seedF1 0.361  1.0s  (119413 seeds/s)  eta ~1.2min
13:21:11 │ VAL  AUROC 0.8640 | AUPRC 0.1076 (base 0.0141) | F1 0.1862 (thr 0.627) | P 0.1508 R 0.2432 | MCC 0.1768
13:21:11 │ best AUPRC 0.1245 @ ep2   patience 18/20
13:21:11 └────────────────────────────────────────────────────────────────────────────
13:21:11 [train] ep 5 step   1/19 | loss 0.0242 (pos 0.179/neg 0.012) | sup 446+/5558- | seedF1 0.100 | subgraph n=6,004 e=17,701 | lr 8.20e-05 | gpu 327MB
13:21:11 [train] ep 5 step   4/19 | loss 0.0235 (pos 0.176/neg 0.012) | sup 432+/5744- | seedF1 0.138 | subgraph n=6,176 e=17,888 | lr 8.40e-05 | gpu 327MB
13:21:11 [train] ep 5 step   9/19 | loss 0.0226 (pos 0.172/neg 0.011) | sup 427+/5696- | seedF1 0.157 | subgraph n=6,123 e=17,647 | lr 8.74e-05 | gpu 327MB
13:21:12 [train] ep 5 step  14/19 | loss 0.0226 (pos 0.171/neg 0.011) | sup 407+/5145- | seedF1 0.199 | subgraph n=5,552 e=16,102 | lr 9.07e-05 | gpu 327MB
13:21:12 [train] ep 5 step  19/19 | loss 0.0208 (pos 0.161/neg 0.010) | sup 422+/5717- | seedF1 0.237 | subgraph n=6,139 e=17,598 | lr 9.41e-05 | gpu 327MB
13:21:13 ┌────────────────────────────────────────────────────────────────────────────
13:21:13 │ EPOCH   5/80  train_loss 0.0230 (pos 0.174 / neg 0.011)  seedF1 0.237  0.9s  (120740 seeds/s)  eta ~1.2min
13:21:13 │ VAL  AUROC 0.8923 | AUPRC 0.1985 (base 0.0141) | F1 0.2257 (thr 0.676) | P 0.1886 R 0.2809 | MCC 0.2167
13:21:13 │ best AUPRC 0.1985 @ ep5   ** improved **
13:21:13 └────────────────────────────────────────────────────────────────────────────
13:21:13 [train] ep 6 step   1/19 | loss 0.0220 (pos 0.169/neg 0.010) | sup 434+/5480- | seedF1 0.115 | subgraph n=5,914 e=17,223 | lr 9.48e-05 | gpu 327MB
13:21:13 [train] ep 6 step   5/19 | loss 0.0232 (pos 0.162/neg 0.011) | sup 463+/5115- | seedF1 0.154 | subgraph n=5,578 e=15,992 | lr 9.75e-05 | gpu 327MB
13:21:13 [train] ep 6 step  10/19 | loss 0.0207 (pos 0.160/neg 0.010) | sup 437+/5850- | seedF1 0.179 | subgraph n=6,287 e=18,157 | lr 1.01e-04 | gpu 327MB
13:21:13 [train] ep 6 step  15/19 | loss 0.0213 (pos 0.154/neg 0.010) | sup 434+/5026- | seedF1 0.217 | subgraph n=5,460 e=16,106 | lr 1.04e-04 | gpu 327MB
13:21:14 ┌────────────────────────────────────────────────────────────────────────────
13:21:14 │ EPOCH   6/80  train_loss 0.0211 (pos 0.158 / neg 0.010)  seedF1 0.245  0.9s  (121028 seeds/s)  eta ~1.2min
13:21:14 │ VAL  AUROC 0.9193 | AUPRC 0.2875 (base 0.0141) | F1 0.3011 (thr 0.705) | P 0.2730 R 0.3355 | MCC 0.2916
13:21:14 │ best AUPRC 0.2875 @ ep6   ** improved **
13:21:14 └────────────────────────────────────────────────────────────────────────────
13:21:14 [train] ep 7 step   1/19 | loss 0.0214 (pos 0.164/neg 0.009) | sup 465+/5535- | seedF1 0.225 | subgraph n=6,000 e=17,192 | lr 1.08e-04 | gpu 327MB
13:21:14 [train] ep 7 step   6/19 | loss 0.0198 (pos 0.138/neg 0.010) | sup 477+/5649- | seedF1 0.256 | subgraph n=6,126 e=17,697 | lr 1.11e-04 | gpu 327MB
13:21:15 [train] ep 7 step  11/19 | loss 0.0187 (pos 0.151/neg 0.009) | sup 429+/5902- | seedF1 0.293 | subgraph n=6,331 e=18,277 | lr 1.14e-04 | gpu 327MB
13:21:15 [train] ep 7 step  16/19 | loss 0.0185 (pos 0.150/neg 0.008) | sup 458+/5675- | seedF1 0.325 | subgraph n=6,133 e=17,753 | lr 1.18e-04 | gpu 327MB
13:21:16 ┌────────────────────────────────────────────────────────────────────────────
13:21:16 │ EPOCH   7/80  train_loss 0.0187 (pos 0.145 / neg 0.009)  seedF1 0.330  0.9s  (121119 seeds/s)  eta ~1.1min
13:21:16 │ VAL  AUROC 0.9300 | AUPRC 0.3356 (base 0.0141) | F1 0.3429 (thr 0.742) | P 0.3171 R 0.3732 | MCC 0.3338
13:21:16 │ best AUPRC 0.3356 @ ep7   ** improved **
13:21:16 └────────────────────────────────────────────────────────────────────────────
13:21:16 [train] ep 8 step   1/19 | loss 0.0192 (pos 0.149/neg 0.008) | sup 442+/5315- | seedF1 0.229 | subgraph n=5,757 e=16,839 | lr 1.20e-04 | gpu 327MB
13:21:16 [train] ep 8 step   2/19 | loss 0.0177 (pos 0.130/neg 0.008) | sup 475+/5592- | seedF1 0.235 | subgraph n=6,067 e=17,628 | lr 1.21e-04 | gpu 327MB
13:21:16 [train] ep 8 step   7/19 | loss 0.0182 (pos 0.140/neg 0.008) | sup 439+/5458- | seedF1 0.288 | subgraph n=5,897 e=17,298 | lr 1.24e-04 | gpu 328MB
13:21:16 [train] ep 8 step  12/19 | loss 0.0179 (pos 0.151/neg 0.009) | sup 401+/5717- | seedF1 0.311 | subgraph n=6,118 e=17,827 | lr 1.28e-04 | gpu 328MB
13:21:17 [train] ep 8 step  17/19 | loss 0.0167 (pos 0.119/neg 0.009) | sup 419+/5423- | seedF1 0.315 | subgraph n=5,842 e=17,195 | lr 1.31e-04 | gpu 328MB
13:21:17 ┌────────────────────────────────────────────────────────────────────────────
13:21:17 │ EPOCH   8/80  train_loss 0.0174 (pos 0.134 / neg 0.008)  seedF1 0.313  0.9s  (120931 seeds/s)  eta ~1.1min
13:21:17 │ VAL  AUROC 0.9379 | AUPRC 0.4183 (base 0.0141) | F1 0.4333 (thr 0.769) | P 0.4832 R 0.3927 | MCC 0.4284
13:21:17 │ best AUPRC 0.4183 @ ep8   ** improved **
13:21:17 └────────────────────────────────────────────────────────────────────────────
13:21:18 [train] ep 9 step   1/19 | loss 0.0173 (pos 0.119/neg 0.008) | sup 464+/5336- | seedF1 0.298 | subgraph n=5,800 e=16,767 | lr 1.33e-04 | gpu 328MB
13:21:18 [train] ep 9 step   3/19 | loss 0.0165 (pos 0.117/neg 0.008) | sup 454+/5580- | seedF1 0.303 | subgraph n=6,034 e=17,457 | lr 1.35e-04 | gpu 328MB
13:21:18 [train] ep 9 step   8/19 | loss 0.0180 (pos 0.128/neg 0.009) | sup 449+/5502- | seedF1 0.306 | subgraph n=5,951 e=17,169 | lr 1.38e-04 | gpu 328MB
13:21:18 [train] ep 9 step  13/19 | loss 0.0167 (pos 0.127/neg 0.008) | sup 450+/5544- | seedF1 0.317 | subgraph n=5,994 e=17,855 | lr 1.41e-04 | gpu 328MB
13:21:18 [train] ep 9 step  18/19 | loss 0.0168 (pos 0.124/neg 0.008) | sup 447+/5150- | seedF1 0.318 | subgraph n=5,597 e=16,550 | lr 1.45e-04 | gpu 328MB
13:21:19 ┌────────────────────────────────────────────────────────────────────────────
13:21:19 │ EPOCH   9/80  train_loss 0.0168 (pos 0.126 / neg 0.008)  seedF1 0.318  1.0s  (118201 seeds/s)  eta ~1.1min
13:21:19 │ VAL  AUROC 0.9406 | AUPRC 0.4611 (base 0.0141) | F1 0.4627 (thr 0.789) | P 0.6050 R 0.3745 | MCC 0.4703
13:21:19 │ best AUPRC 0.4611 @ ep9   ** improved **
13:21:19 └────────────────────────────────────────────────────────────────────────────
13:21:19 [train] ep10 step   1/19 | loss 0.0149 (pos 0.108/neg 0.008) | sup 453+/5738- | seedF1 0.299 | subgraph n=6,191 e=18,070 | lr 1.46e-04 | gpu 328MB
13:21:19 [train] ep10 step   4/19 | loss 0.0147 (pos 0.106/neg 0.007) | sup 455+/5652- | seedF1 0.325 | subgraph n=6,107 e=17,858 | lr 1.48e-04 | gpu 328MB
13:21:20 [train] ep10 step   9/19 | loss 0.0163 (pos 0.125/neg 0.008) | sup 418+/5352- | seedF1 0.313 | subgraph n=5,770 e=16,693 | lr 1.51e-04 | gpu 328MB
13:21:20 [train] ep10 step  14/19 | loss 0.0158 (pos 0.116/neg 0.008) | sup 451+/5537- | seedF1 0.318 | subgraph n=5,988 e=17,578 | lr 1.55e-04 | gpu 328MB
13:21:20 [train] ep10 step  19/19 | loss 0.0148 (pos 0.113/neg 0.007) | sup 427+/5697- | seedF1 0.322 | subgraph n=6,124 e=17,774 | lr 1.58e-04 | gpu 328MB
13:21:21 ┌────────────────────────────────────────────────────────────────────────────
13:21:21 │ EPOCH  10/80  train_loss 0.0157 (pos 0.118 / neg 0.008)  seedF1 0.322  0.9s  (120334 seeds/s)  eta ~1.1min
13:21:21 │ VAL  AUROC 0.9406 | AUPRC 0.4854 (base 0.0141) | F1 0.4905 (thr 0.806) | P 0.6263 R 0.4031 | MCC 0.4969
13:21:21 │ best AUPRC 0.4854 @ ep10   ** improved **
13:21:21 └────────────────────────────────────────────────────────────────────────────
13:21:21 [train] ep11 step   1/19 | loss 0.0150 (pos 0.108/neg 0.007) | sup 445+/5363- | seedF1 0.377 | subgraph n=5,808 e=16,883 | lr 1.59e-04 | gpu 328MB
13:21:21 [train] ep11 step   5/19 | loss 0.0140 (pos 0.104/neg 0.007) | sup 397+/5400- | seedF1 0.351 | subgraph n=5,797 e=16,824 | lr 1.62e-04 | gpu 328MB
13:21:21 [train] ep11 step  10/19 | loss 0.0143 (pos 0.102/neg 0.007) | sup 430+/5225- | seedF1 0.353 | subgraph n=5,655 e=16,542 | lr 1.65e-04 | gpu 328MB
13:21:22 [train] ep11 step  15/19 | loss 0.0149 (pos 0.105/neg 0.008) | sup 457+/5665- | seedF1 0.362 | subgraph n=6,122 e=17,631 | lr 1.68e-04 | gpu 328MB
13:21:22 ┌────────────────────────────────────────────────────────────────────────────
13:21:22 │ EPOCH  11/80  train_loss 0.0150 (pos 0.110 / neg 0.007)  seedF1 0.368  1.0s  (119008 seeds/s)  eta ~1.1min
13:21:22 │ VAL  AUROC 0.9482 | AUPRC 0.5279 (base 0.0141) | F1 0.5238 (thr 0.801) | P 0.6241 R 0.4512 | MCC 0.5250
13:21:22 │ best AUPRC 0.5279 @ ep11   ** improved **
13:21:22 └────────────────────────────────────────────────────────────────────────────
13:21:23 [train] ep12 step   1/19 | loss 0.0160 (pos 0.140/neg 0.007) | sup 421+/5706- | seedF1 0.414 | subgraph n=6,127 e=17,908 | lr 1.72e-04 | gpu 328MB
13:21:23 [train] ep12 step   6/19 | loss 0.0151 (pos 0.125/neg 0.007) | sup 409+/5366- | seedF1 0.381 | subgraph n=5,775 e=16,840 | lr 1.75e-04 | gpu 329MB
13:21:23 [train] ep12 step  11/19 | loss 0.0152 (pos 0.100/neg 0.008) | sup 444+/5573- | seedF1 0.398 | subgraph n=6,017 e=17,382 | lr 1.78e-04 | gpu 329MB
13:21:23 [train] ep12 step  16/19 | loss 0.0132 (pos 0.091/neg 0.007) | sup 420+/5572- | seedF1 0.415 | subgraph n=5,992 e=17,370 | lr 1.82e-04 | gpu 329MB
13:21:24 ┌────────────────────────────────────────────────────────────────────────────
13:21:24 │ EPOCH  12/80  train_loss 0.0147 (pos 0.115 / neg 0.007)  seedF1 0.420  0.9s  (121402 seeds/s)  eta ~1.1min
13:21:24 │ VAL  AUROC 0.9488 | AUPRC 0.5450 (base 0.0141) | F1 0.5349 (thr 0.814) | P 0.7571 R 0.4135 | MCC 0.5552
13:21:24 │ best AUPRC 0.5450 @ ep12   ** improved **
13:21:24 └────────────────────────────────────────────────────────────────────────────
13:21:24 [train] ep13 step   1/19 | loss 0.0131 (pos 0.101/neg 0.006) | sup 428+/5590- | seedF1 0.407 | subgraph n=6,018 e=17,570 | lr 1.85e-04 | gpu 329MB
13:21:24 [train] ep13 step   2/19 | loss 0.0135 (pos 0.103/neg 0.006) | sup 446+/5473- | seedF1 0.401 | subgraph n=5,919 e=17,278 | lr 1.85e-04 | gpu 329MB
13:21:24 [train] ep13 step   7/19 | loss 0.0149 (pos 0.123/neg 0.007) | sup 399+/5341- | seedF1 0.401 | subgraph n=5,740 e=16,893 | lr 1.89e-04 | gpu 329MB
13:21:25 [train] ep13 step  12/19 | loss 0.0148 (pos 0.113/neg 0.007) | sup 463+/5603- | seedF1 0.423 | subgraph n=6,066 e=17,409 | lr 1.92e-04 | gpu 329MB
13:21:25 [train] ep13 step  17/19 | loss 0.0145 (pos 0.101/neg 0.007) | sup 428+/5271- | seedF1 0.436 | subgraph n=5,699 e=16,692 | lr 1.95e-04 | gpu 329MB
13:21:26 ┌────────────────────────────────────────────────────────────────────────────
13:21:26 │ EPOCH  13/80  train_loss 0.0142 (pos 0.108 / neg 0.007)  seedF1 0.437  1.0s  (119049 seeds/s)  eta ~1.1min
13:21:26 │ VAL  AUROC 0.9501 | AUPRC 0.5445 (base 0.0141) | F1 0.5428 (thr 0.843) | P 0.8249 R 0.4044 | MCC 0.5737
13:21:26 │ best AUPRC 0.5450 @ ep12   patience 19/20
13:21:26 └────────────────────────────────────────────────────────────────────────────
13:21:26 [train] ep14 step   1/19 | loss 0.0130 (pos 0.093/neg 0.007) | sup 424+/5596- | seedF1 0.452 | subgraph n=6,020 e=17,409 | lr 1.97e-04 | gpu 329MB
13:21:26 [train] ep14 step   3/19 | loss 0.0137 (pos 0.101/neg 0.007) | sup 413+/5368- | seedF1 0.403 | subgraph n=5,781 e=16,896 | lr 1.99e-04 | gpu 329MB
13:21:26 [train] ep14 step   8/19 | loss 0.0129 (pos 0.098/neg 0.006) | sup 439+/5676- | seedF1 0.396 | subgraph n=6,115 e=17,974 | lr 2.02e-04 | gpu 329MB
13:21:26 [train] ep14 step  13/19 | loss 0.0131 (pos 0.102/neg 0.006) | sup 408+/5463- | seedF1 0.409 | subgraph n=5,871 e=16,948 | lr 2.05e-04 | gpu 329MB
13:21:27 [train] ep14 step  18/19 | loss 0.0137 (pos 0.100/neg 0.007) | sup 448+/5400- | seedF1 0.406 | subgraph n=5,848 e=16,844 | lr 2.09e-04 | gpu 329MB
13:21:27 ┌────────────────────────────────────────────────────────────────────────────
13:21:27 │ EPOCH  14/80  train_loss 0.0135 (pos 0.106 / neg 0.006)  seedF1 0.410  1.0s  (119413 seeds/s)  eta ~1.1min
13:21:27 │ VAL  AUROC 0.9534 | AUPRC 0.5626 (base 0.0141) | F1 0.5494 (thr 0.830) | P 0.8234 R 0.4122 | MCC 0.5787
13:21:27 │ best AUPRC 0.5626 @ ep14   ** improved **
13:21:27 └────────────────────────────────────────────────────────────────────────────
13:21:28 [train] ep15 step   1/19 | loss 0.0144 (pos 0.117/neg 0.006) | sup 421+/5454- | seedF1 0.471 | subgraph n=5,875 e=16,998 | lr 2.10e-04 | gpu 329MB
13:21:28 [train] ep15 step   4/19 | loss 0.0141 (pos 0.095/neg 0.007) | sup 518+/5779- | seedF1 0.486 | subgraph n=6,297 e=18,376 | lr 2.12e-04 | gpu 329MB
13:21:28 [train] ep15 step   9/19 | loss 0.0138 (pos 0.097/neg 0.007) | sup 442+/5376- | seedF1 0.483 | subgraph n=5,818 e=16,989 | lr 2.16e-04 | gpu 329MB
13:21:28 [train] ep15 step  14/19 | loss 0.0133 (pos 0.109/neg 0.006) | sup 413+/5147- | seedF1 0.466 | subgraph n=5,560 e=16,059 | lr 2.19e-04 | gpu 329MB
13:21:28 [train] ep15 step  19/19 | loss 0.0133 (pos 0.090/neg 0.007) | sup 452+/5413- | seedF1 0.478 | subgraph n=5,865 e=17,210 | lr 2.22e-04 | gpu 329MB
13:21:29 ┌────────────────────────────────────────────────────────────────────────────
13:21:29 │ EPOCH  15/80  train_loss 0.0133 (pos 0.100 / neg 0.006)  seedF1 0.478  0.9s  (118585 seeds/s)  eta ~1.0min
13:21:29 │ VAL  AUROC 0.9508 | AUPRC 0.5488 (base 0.0141) | F1 0.5450 (thr 0.867) | P 0.8298 R 0.4057 | MCC 0.5764
13:21:29 │ best AUPRC 0.5626 @ ep14   patience 19/20
13:21:29 └────────────────────────────────────────────────────────────────────────────
13:21:29 [train] ep16 step   1/19 | loss 0.0116 (pos 0.079/neg 0.007) | sup 411+/5501- | seedF1 0.410 | subgraph n=5,912 e=17,522 | lr 2.23e-04 | gpu 329MB
13:21:29 [train] ep16 step   5/19 | loss 0.0130 (pos 0.102/neg 0.006) | sup 426+/5577- | seedF1 0.388 | subgraph n=6,003 e=17,370 | lr 2.26e-04 | gpu 329MB
13:21:30 [train] ep16 step  10/19 | loss 0.0124 (pos 0.091/neg 0.006) | sup 469+/5694- | seedF1 0.409 | subgraph n=6,163 e=17,789 | lr 2.29e-04 | gpu 329MB
13:21:30 [train] ep16 step  15/19 | loss 0.0144 (pos 0.123/neg 0.006) | sup 455+/5845- | seedF1 0.408 | subgraph n=6,300 e=18,422 | lr 2.32e-04 | gpu 329MB
13:21:31 ┌────────────────────────────────────────────────────────────────────────────
13:21:31 │ EPOCH  16/80  train_loss 0.0129 (pos 0.097 / neg 0.006)  seedF1 0.411  1.0s  (113955 seeds/s)  eta ~1.1min
13:21:31 │ VAL  AUROC 0.9525 | AUPRC 0.5667 (base 0.0141) | F1 0.5639 (thr 0.852) | P 0.8743 R 0.4161 | MCC 0.5997
13:21:31 │ best AUPRC 0.5667 @ ep16   ** improved **
13:21:31 └────────────────────────────────────────────────────────────────────────────
13:21:31 [train] ep17 step   1/19 | loss 0.0141 (pos 0.113/neg 0.006) | sup 402+/5243- | seedF1 0.402 | subgraph n=5,645 e=16,609 | lr 2.36e-04 | gpu 329MB
13:21:31 [train] ep17 step   6/19 | loss 0.0140 (pos 0.113/neg 0.006) | sup 386+/4993- | seedF1 0.447 | subgraph n=5,379 e=15,559 | lr 2.39e-04 | gpu 329MB
13:21:31 [train] ep17 step  11/19 | loss 0.0114 (pos 0.070/neg 0.006) | sup 460+/5277- | seedF1 0.453 | subgraph n=5,737 e=16,954 | lr 2.43e-04 | gpu 329MB
13:21:32 [train] ep17 step  16/19 | loss 0.0122 (pos 0.101/neg 0.005) | sup 422+/5573- | seedF1 0.457 | subgraph n=5,995 e=17,783 | lr 2.46e-04 | gpu 329MB
13:21:33 ┌────────────────────────────────────────────────────────────────────────────
13:21:33 │ EPOCH  17/80  train_loss 0.0129 (pos 0.099 / neg 0.006)  seedF1 0.457  1.0s  (115434 seeds/s)  eta ~1.0min
13:21:33 │ VAL  AUROC 0.9575 | AUPRC 0.5896 (base 0.0141) | F1 0.5797 (thr 0.830) | P 0.7260 R 0.4824 | MCC 0.5872
13:21:33 │ best AUPRC 0.5896 @ ep17   ** improved **
13:21:33 └────────────────────────────────────────────────────────────────────────────
13:21:33 [train] ep18 step   1/19 | loss 0.0140 (pos 0.113/neg 0.006) | sup 442+/5502- | seedF1 0.523 | subgraph n=5,944 e=17,051 | lr 2.49e-04 | gpu 329MB
13:21:33 [train] ep18 step   2/19 | loss 0.0113 (pos 0.088/neg 0.006) | sup 384+/5504- | seedF1 0.528 | subgraph n=5,888 e=17,374 | lr 2.49e-04 | gpu 329MB
13:21:33 [train] ep18 step   7/19 | loss 0.0119 (pos 0.094/neg 0.006) | sup 404+/5747- | seedF1 0.534 | subgraph n=6,151 e=17,640 | lr 2.53e-04 | gpu 329MB
13:21:33 [train] ep18 step  12/19 | loss 0.0115 (pos 0.086/neg 0.006) | sup 439+/5724- | seedF1 0.527 | subgraph n=6,163 e=17,770 | lr 2.56e-04 | gpu 329MB
13:21:33 [train] ep18 step  17/19 | loss 0.0132 (pos 0.094/neg 0.006) | sup 473+/5512- | seedF1 0.529 | subgraph n=5,985 e=17,422 | lr 2.59e-04 | gpu 329MB
13:21:34 ┌────────────────────────────────────────────────────────────────────────────
13:21:34 │ EPOCH  18/80  train_loss 0.0123 (pos 0.093 / neg 0.006)  seedF1 0.536  0.9s  (120965 seeds/s)  eta ~1.0min
13:21:34 │ VAL  AUROC 0.9552 | AUPRC 0.5886 (base 0.0141) | F1 0.5822 (thr 0.844) | P 0.7841 R 0.4629 | MCC 0.5984
13:21:34 │ best AUPRC 0.5896 @ ep17   patience 19/20
13:21:34 └────────────────────────────────────────────────────────────────────────────
13:21:34 [train] ep19 step   1/19 | loss 0.0125 (pos 0.087/neg 0.006) | sup 456+/5375- | seedF1 0.500 | subgraph n=5,831 e=17,030 | lr 2.62e-04 | gpu 329MB
13:21:34 [train] ep19 step   3/19 | loss 0.0123 (pos 0.100/neg 0.006) | sup 416+/5439- | seedF1 0.483 | subgraph n=5,855 e=16,730 | lr 2.63e-04 | gpu 329MB
13:21:35 [train] ep19 step   8/19 | loss 0.0120 (pos 0.098/neg 0.006) | sup 438+/5754- | seedF1 0.508 | subgraph n=6,192 e=17,997 | lr 2.66e-04 | gpu 329MB
13:21:35 [train] ep19 step  13/19 | loss 0.0127 (pos 0.102/neg 0.006) | sup 423+/5671- | seedF1 0.535 | subgraph n=6,094 e=17,370 | lr 2.70e-04 | gpu 329MB
13:21:35 [train] ep19 step  18/19 | loss 0.0106 (pos 0.091/neg 0.005) | sup 423+/5858- | seedF1 0.540 | subgraph n=6,281 e=18,186 | lr 2.73e-04 | gpu 329MB
13:21:36 ┌────────────────────────────────────────────────────────────────────────────
13:21:36 │ EPOCH  19/80  train_loss 0.0117 (pos 0.091 / neg 0.006)  seedF1 0.537  0.9s  (121247 seeds/s)  eta ~1.0min
13:21:36 │ VAL  AUROC 0.9584 | AUPRC 0.5928 (base 0.0141) | F1 0.5759 (thr 0.852) | P 0.7113 R 0.4837 | MCC 0.5818
13:21:36 │ best AUPRC 0.5928 @ ep19   ** improved **
13:21:36 └────────────────────────────────────────────────────────────────────────────
13:21:36 [train] ep20 step   1/19 | loss 0.0109 (pos 0.097/neg 0.005) | sup 395+/5928- | seedF1 0.430 | subgraph n=6,323 e=18,404 | lr 2.74e-04 | gpu 329MB
13:21:36 [train] ep20 step   4/19 | loss 0.0132 (pos 0.102/neg 0.006) | sup 472+/5634- | seedF1 0.512 | subgraph n=6,106 e=17,485 | lr 2.76e-04 | gpu 329MB
13:21:36 [train] ep20 step   9/19 | loss 0.0116 (pos 0.086/neg 0.006) | sup 435+/5612- | seedF1 0.528 | subgraph n=6,047 e=17,720 | lr 2.80e-04 | gpu 329MB
13:21:37 [train] ep20 step  14/19 | loss 0.0130 (pos 0.098/neg 0.006) | sup 430+/5211- | seedF1 0.526 | subgraph n=5,641 e=16,605 | lr 2.83e-04 | gpu 329MB
13:21:37 [train] ep20 step  19/19 | loss 0.0117 (pos 0.085/neg 0.006) | sup 441+/5519- | seedF1 0.524 | subgraph n=5,960 e=17,603 | lr 2.86e-04 | gpu 329MB
13:21:38 ┌────────────────────────────────────────────────────────────────────────────
13:21:38 │ EPOCH  20/80  train_loss 0.0118 (pos 0.089 / neg 0.006)  seedF1 0.524  0.9s  (121557 seeds/s)  eta ~0.9min
13:21:38 │ VAL  AUROC 0.9572 | AUPRC 0.5954 (base 0.0141) | F1 0.5869 (thr 0.857) | P 0.8677 R 0.4434 | MCC 0.6168
13:21:38 │ best AUPRC 0.5954 @ ep20   ** improved **
13:21:38 └────────────────────────────────────────────────────────────────────────────
13:21:38 [train] ep21 step   1/19 | loss 0.0129 (pos 0.099/neg 0.006) | sup 446+/5319- | seedF1 0.476 | subgraph n=5,765 e=16,347 | lr 2.87e-04 | gpu 329MB
13:21:38 [train] ep21 step   5/19 | loss 0.0116 (pos 0.095/neg 0.005) | sup 432+/5496- | seedF1 0.531 | subgraph n=5,928 e=17,206 | lr 2.90e-04 | gpu 329MB
13:21:38 [train] ep21 step  10/19 | loss 0.0092 (pos 0.062/neg 0.005) | sup 424+/5452- | seedF1 0.557 | subgraph n=5,876 e=16,837 | lr 2.93e-04 | gpu 329MB
13:21:38 [train] ep21 step  15/19 | loss 0.0107 (pos 0.078/neg 0.005) | sup 438+/5449- | seedF1 0.556 | subgraph n=5,887 e=17,060 | lr 2.97e-04 | gpu 329MB
13:21:39 ┌────────────────────────────────────────────────────────────────────────────
13:21:39 │ EPOCH  21/80  train_loss 0.0113 (pos 0.084 / neg 0.005)  seedF1 0.557  0.9s  (121238 seeds/s)  eta ~0.9min
13:21:39 │ VAL  AUROC 0.9563 | AUPRC 0.5995 (base 0.0141) | F1 0.6000 (thr 0.867) | P 0.8900 R 0.4525 | MCC 0.6313
13:21:39 │ best AUPRC 0.5995 @ ep21   ** improved **
13:21:39 └────────────────────────────────────────────────────────────────────────────
13:21:39 [train] ep22 step   1/19 | loss 0.0109 (pos 0.074/neg 0.006) | sup 417+/5163- | seedF1 0.525 | subgraph n=5,580 e=16,426 | lr 3.00e-04 | gpu 329MB
13:21:39 [train] ep22 step   6/19 | loss 0.0097 (pos 0.080/neg 0.004) | sup 434+/5826- | seedF1 0.523 | subgraph n=6,260 e=18,054 | lr 3.00e-04 | gpu 329MB
13:21:40 [train] ep22 step  11/19 | loss 0.0114 (pos 0.086/neg 0.006) | sup 412+/5477- | seedF1 0.540 | subgraph n=5,889 e=17,129 | lr 3.00e-04 | gpu 329MB
13:21:40 [train] ep22 step  16/19 | loss 0.0121 (pos 0.088/neg 0.006) | sup 450+/5604- | seedF1 0.539 | subgraph n=6,054 e=17,598 | lr 3.00e-04 | gpu 329MB
13:21:41 ┌────────────────────────────────────────────────────────────────────────────
13:21:41 │ EPOCH  22/80  train_loss 0.0111 (pos 0.082 / neg 0.005)  seedF1 0.545  0.9s  (120978 seeds/s)  eta ~0.9min
13:21:41 │ VAL  AUROC 0.9585 | AUPRC 0.6048 (base 0.0141) | F1 0.5986 (thr 0.860) | P 0.9098 R 0.4460 | MCC 0.6338
13:21:41 │ best AUPRC 0.6048 @ ep22   ** improved **
13:21:41 └────────────────────────────────────────────────────────────────────────────
13:21:41 [train] ep23 step   1/19 | loss 0.0108 (pos 0.083/neg 0.005) | sup 440+/5398- | seedF1 0.546 | subgraph n=5,838 e=17,052 | lr 3.00e-04 | gpu 329MB
13:21:41 [train] ep23 step   2/19 | loss 0.0116 (pos 0.079/neg 0.006) | sup 477+/5524- | seedF1 0.533 | subgraph n=6,001 e=17,452 | lr 3.00e-04 | gpu 329MB
13:21:41 [train] ep23 step   7/19 | loss 0.0114 (pos 0.078/neg 0.006) | sup 453+/5292- | seedF1 0.531 | subgraph n=5,745 e=16,886 | lr 3.00e-04 | gpu 329MB
13:21:41 [train] ep23 step  12/19 | loss 0.0099 (pos 0.070/neg 0.005) | sup 421+/5671- | seedF1 0.536 | subgraph n=6,092 e=17,818 | lr 2.99e-04 | gpu 329MB
13:21:42 [train] ep23 step  17/19 | loss 0.0108 (pos 0.087/neg 0.005) | sup 443+/5715- | seedF1 0.548 | subgraph n=6,158 e=18,000 | lr 2.99e-04 | gpu 329MB
13:21:42 ┌────────────────────────────────────────────────────────────────────────────
13:21:42 │ EPOCH  23/80  train_loss 0.0111 (pos 0.084 / neg 0.005)  seedF1 0.547  0.9s  (120723 seeds/s)  eta ~0.9min
13:21:42 │ VAL  AUROC 0.9592 | AUPRC 0.6048 (base 0.0141) | F1 0.5992 (thr 0.864) | P 0.8161 R 0.4733 | MCC 0.6177
13:21:42 │ best AUPRC 0.6048 @ ep22   patience 19/20
13:21:42 └────────────────────────────────────────────────────────────────────────────
13:21:43 [train] ep24 step   1/19 | loss 0.0104 (pos 0.067/neg 0.006) | sup 441+/5584- | seedF1 0.584 | subgraph n=6,025 e=17,398 | lr 2.99e-04 | gpu 329MB
13:21:43 [train] ep24 step   3/19 | loss 0.0109 (pos 0.074/neg 0.006) | sup 434+/5575- | seedF1 0.602 | subgraph n=6,009 e=17,247 | lr 2.99e-04 | gpu 329MB
13:21:43 [train] ep24 step   8/19 | loss 0.0117 (pos 0.109/neg 0.005) | sup 373+/5436- | seedF1 0.566 | subgraph n=5,809 e=16,566 | lr 2.99e-04 | gpu 329MB
13:21:43 [train] ep24 step  13/19 | loss 0.0103 (pos 0.063/neg 0.006) | sup 436+/5227- | seedF1 0.571 | subgraph n=5,663 e=16,590 | lr 2.99e-04 | gpu 329MB
13:21:43 [train] ep24 step  18/19 | loss 0.0110 (pos 0.087/neg 0.005) | sup 468+/5616- | seedF1 0.570 | subgraph n=6,084 e=17,617 | lr 2.98e-04 | gpu 329MB
13:21:44 ┌────────────────────────────────────────────────────────────────────────────
13:21:44 │ EPOCH  24/80  train_loss 0.0108 (pos 0.081 / neg 0.005)  seedF1 0.569  1.0s  (117931 seeds/s)  eta ~0.9min
13:21:44 │ VAL  AUROC 0.9628 | AUPRC 0.6385 (base 0.0141) | F1 0.6343 (thr 0.837) | P 0.8652 R 0.5007 | MCC 0.6547
13:21:44 │ best AUPRC 0.6385 @ ep24   ** improved **
13:21:44 └────────────────────────────────────────────────────────────────────────────
13:21:44 [train] ep25 step   1/19 | loss 0.0102 (pos 0.080/neg 0.005) | sup 412+/5714- | seedF1 0.649 | subgraph n=6,126 e=17,662 | lr 2.98e-04 | gpu 329MB
13:21:44 [train] ep25 step   4/19 | loss 0.0116 (pos 0.089/neg 0.005) | sup 468+/5380- | seedF1 0.608 | subgraph n=5,848 e=17,054 | lr 2.98e-04 | gpu 329MB
13:21:45 [train] ep25 step   9/19 | loss 0.0113 (pos 0.081/neg 0.006) | sup 447+/5652- | seedF1 0.630 | subgraph n=6,099 e=17,814 | lr 2.98e-04 | gpu 329MB
13:21:45 [train] ep25 step  14/19 | loss 0.0100 (pos 0.083/neg 0.005) | sup 421+/5678- | seedF1 0.622 | subgraph n=6,099 e=17,751 | lr 2.97e-04 | gpu 329MB
13:21:45 [train] ep25 step  19/19 | loss 0.0100 (pos 0.070/neg 0.005) | sup 437+/5161- | seedF1 0.625 | subgraph n=5,598 e=16,353 | lr 2.97e-04 | gpu 329MB
13:21:46 ┌────────────────────────────────────────────────────────────────────────────
13:21:46 │ EPOCH  25/80  train_loss 0.0108 (pos 0.081 / neg 0.005)  seedF1 0.625  0.9s  (119178 seeds/s)  eta ~0.9min
13:21:46 │ VAL  AUROC 0.9604 | AUPRC 0.6164 (base 0.0141) | F1 0.6183 (thr 0.859) | P 0.8446 R 0.4876 | MCC 0.6381
13:21:46 │ best AUPRC 0.6385 @ ep24   patience 19/20
13:21:46 └────────────────────────────────────────────────────────────────────────────
13:21:46 [train] ep26 step   1/19 | loss 0.0107 (pos 0.081/neg 0.005) | sup 443+/5835- | seedF1 0.647 | subgraph n=6,278 e=18,223 | lr 2.97e-04 | gpu 329MB
13:21:46 [train] ep26 step   5/19 | loss 0.0104 (pos 0.074/neg 0.005) | sup 439+/5407- | seedF1 0.628 | subgraph n=5,846 e=17,195 | lr 2.96e-04 | gpu 329MB
13:21:46 [train] ep26 step  10/19 | loss 0.0100 (pos 0.083/neg 0.004) | sup 444+/5843- | seedF1 0.612 | subgraph n=6,287 e=18,339 | lr 2.96e-04 | gpu 329MB
13:21:47 [train] ep26 step  15/19 | loss 0.0099 (pos 0.070/neg 0.005) | sup 409+/5361- | seedF1 0.595 | subgraph n=5,770 e=16,857 | lr 2.95e-04 | gpu 329MB
13:21:47 ┌────────────────────────────────────────────────────────────────────────────
13:21:47 │ EPOCH  26/80  train_loss 0.0103 (pos 0.078 / neg 0.005)  seedF1 0.592  0.9s  (121504 seeds/s)  eta ~0.9min
13:21:47 │ VAL  AUROC 0.9638 | AUPRC 0.6488 (base 0.0141) | F1 0.6411 (thr 0.830) | P 0.8951 R 0.4993 | MCC 0.6653
13:21:47 │ best AUPRC 0.6488 @ ep26   ** improved **
13:21:47 └────────────────────────────────────────────────────────────────────────────
13:21:48 [train] ep27 step   1/19 | loss 0.0111 (pos 0.089/neg 0.005) | sup 443+/5379- | seedF1 0.560 | subgraph n=5,822 e=17,016 | lr 2.95e-04 | gpu 329MB
13:21:48 [train] ep27 step   6/19 | loss 0.0114 (pos 0.096/neg 0.005) | sup 456+/5886- | seedF1 0.655 | subgraph n=6,342 e=18,505 | lr 2.94e-04 | gpu 329MB
13:21:48 [train] ep27 step  11/19 | loss 0.0106 (pos 0.068/neg 0.006) | sup 474+/5648- | seedF1 0.644 | subgraph n=6,122 e=17,990 | lr 2.94e-04 | gpu 329MB
13:21:48 [train] ep27 step  16/19 | loss 0.0090 (pos 0.064/neg 0.005) | sup 441+/5839- | seedF1 0.647 | subgraph n=6,280 e=17,906 | lr 2.93e-04 | gpu 329MB
13:21:49 ┌────────────────────────────────────────────────────────────────────────────
13:21:49 │ EPOCH  27/80  train_loss 0.0102 (pos 0.079 / neg 0.005)  seedF1 0.650  0.9s  (121506 seeds/s)  eta ~0.8min
13:21:49 │ VAL  AUROC 0.9612 | AUPRC 0.6358 (base 0.0141) | F1 0.6341 (thr 0.835) | P 0.8056 R 0.5228 | MCC 0.6451
13:21:49 │ best AUPRC 0.6488 @ ep26   patience 19/20
13:21:49 └────────────────────────────────────────────────────────────────────────────
13:21:49 [train] ep28 step   1/19 | loss 0.0096 (pos 0.073/neg 0.005) | sup 395+/5554- | seedF1 0.579 | subgraph n=5,949 e=17,299 | lr 2.93e-04 | gpu 329MB
13:21:49 [train] ep28 step   2/19 | loss 0.0112 (pos 0.083/neg 0.005) | sup 460+/5541- | seedF1 0.598 | subgraph n=6,001 e=17,799 | lr 2.93e-04 | gpu 329MB
13:21:50 [train] ep28 step   7/19 | loss 0.0100 (pos 0.085/neg 0.005) | sup 406+/5725- | seedF1 0.614 | subgraph n=6,131 e=17,648 | lr 2.92e-04 | gpu 329MB
13:21:50 [train] ep28 step  12/19 | loss 0.0106 (pos 0.082/neg 0.005) | sup 456+/5499- | seedF1 0.621 | subgraph n=5,955 e=17,417 | lr 2.91e-04 | gpu 329MB
13:21:50 [train] ep28 step  17/19 | loss 0.0099 (pos 0.068/neg 0.005) | sup 427+/5326- | seedF1 0.637 | subgraph n=5,753 e=16,727 | lr 2.91e-04 | gpu 329MB
13:21:51 ┌────────────────────────────────────────────────────────────────────────────
13:21:51 │ EPOCH  28/80  train_loss 0.0102 (pos 0.078 / neg 0.005)  seedF1 0.639  1.0s  (119374 seeds/s)  eta ~0.8min
13:21:51 │ VAL  AUROC 0.9649 | AUPRC 0.6531 (base 0.0141) | F1 0.6488 (thr 0.839) | P 0.8655 R 0.5189 | MCC 0.6667
13:21:51 │ best AUPRC 0.6531 @ ep28   ** improved **
13:21:51 └────────────────────────────────────────────────────────────────────────────
13:21:51 [train] ep29 step   1/19 | loss 0.0095 (pos 0.067/neg 0.005) | sup 438+/5412- | seedF1 0.678 | subgraph n=5,850 e=16,619 | lr 2.90e-04 | gpu 329MB
13:21:51 [train] ep29 step   3/19 | loss 0.0105 (pos 0.083/neg 0.005) | sup 437+/5387- | seedF1 0.654 | subgraph n=5,824 e=17,071 | lr 2.90e-04 | gpu 329MB
13:21:51 [train] ep29 step   8/19 | loss 0.0096 (pos 0.065/neg 0.005) | sup 421+/5521- | seedF1 0.643 | subgraph n=5,942 e=17,081 | lr 2.89e-04 | gpu 329MB
13:21:51 [train] ep29 step  13/19 | loss 0.0094 (pos 0.070/neg 0.005) | sup 415+/5487- | seedF1 0.636 | subgraph n=5,902 e=17,379 | lr 2.88e-04 | gpu 329MB
13:21:52 [train] ep29 step  18/19 | loss 0.0101 (pos 0.076/neg 0.005) | sup 444+/5647- | seedF1 0.645 | subgraph n=6,091 e=17,800 | lr 2.88e-04 | gpu 329MB
13:21:52 ┌────────────────────────────────────────────────────────────────────────────
13:21:52 │ EPOCH  29/80  train_loss 0.0101 (pos 0.076 / neg 0.005)  seedF1 0.640  1.0s  (119226 seeds/s)  eta ~0.8min
13:21:52 │ VAL  AUROC 0.9633 | AUPRC 0.6503 (base 0.0141) | F1 0.6422 (thr 0.831) | P 0.8292 R 0.5241 | MCC 0.6555
13:21:52 │ best AUPRC 0.6531 @ ep28   patience 19/20
13:21:52 └────────────────────────────────────────────────────────────────────────────
13:21:53 [train] ep30 step   1/19 | loss 0.0103 (pos 0.075/neg 0.005) | sup 453+/5492- | seedF1 0.595 | subgraph n=5,945 e=17,105 | lr 2.87e-04 | gpu 329MB
13:21:53 [train] ep30 step   4/19 | loss 0.0100 (pos 0.074/neg 0.005) | sup 433+/5514- | seedF1 0.630 | subgraph n=5,947 e=17,058 | lr 2.87e-04 | gpu 329MB
13:21:53 [train] ep30 step   9/19 | loss 0.0101 (pos 0.072/neg 0.005) | sup 474+/5924- | seedF1 0.643 | subgraph n=6,398 e=18,512 | lr 2.86e-04 | gpu 329MB
13:21:53 [train] ep30 step  14/19 | loss 0.0110 (pos 0.095/neg 0.005) | sup 412+/5277- | seedF1 0.639 | subgraph n=5,689 e=16,574 | lr 2.85e-04 | gpu 329MB
13:21:53 [train] ep30 step  19/19 | loss 0.0105 (pos 0.094/neg 0.004) | sup 411+/5588- | seedF1 0.637 | subgraph n=5,999 e=17,236 | lr 2.84e-04 | gpu 329MB
13:21:54 ┌────────────────────────────────────────────────────────────────────────────
13:21:54 │ EPOCH  30/80  train_loss 0.0103 (pos 0.079 / neg 0.005)  seedF1 0.637  0.9s  (122150 seeds/s)  eta ~0.8min
13:21:54 │ VAL  AUROC 0.9629 | AUPRC 0.6471 (base 0.0141) | F1 0.6392 (thr 0.850) | P 0.9048 R 0.4941 | MCC 0.6655
13:21:54 │ best AUPRC 0.6531 @ ep28   patience 18/20
13:21:54 └────────────────────────────────────────────────────────────────────────────
13:21:54 [train] ep31 step   1/19 | loss 0.0115 (pos 0.096/neg 0.005) | sup 419+/5725- | seedF1 0.577 | subgraph n=6,144 e=18,042 | lr 2.84e-04 | gpu 329MB
13:21:54 [train] ep31 step   5/19 | loss 0.0093 (pos 0.062/neg 0.005) | sup 423+/5643- | seedF1 0.623 | subgraph n=6,066 e=17,811 | lr 2.83e-04 | gpu 329MB
13:21:55 [train] ep31 step  10/19 | loss 0.0101 (pos 0.081/neg 0.005) | sup 421+/5327- | seedF1 0.637 | subgraph n=5,748 e=17,009 | lr 2.82e-04 | gpu 329MB
13:21:55 [train] ep31 step  15/19 | loss 0.0109 (pos 0.087/neg 0.005) | sup 461+/5790- | seedF1 0.621 | subgraph n=6,251 e=18,050 | lr 2.81e-04 | gpu 329MB
13:21:56 ┌────────────────────────────────────────────────────────────────────────────
13:21:56 │ EPOCH  31/80  train_loss 0.0102 (pos 0.077 / neg 0.005)  seedF1 0.621  1.0s  (119168 seeds/s)  eta ~0.8min
13:21:56 │ VAL  AUROC 0.9583 | AUPRC 0.6365 (base 0.0141) | F1 0.6405 (thr 0.861) | P 0.9284 R 0.4889 | MCC 0.6707
13:21:56 │ best AUPRC 0.6531 @ ep28   patience 17/20
13:21:56 └────────────────────────────────────────────────────────────────────────────
13:21:56 [train] ep32 step   1/19 | loss 0.0108 (pos 0.073/neg 0.006) | sup 395+/5220- | seedF1 0.636 | subgraph n=5,615 e=16,376 | lr 2.80e-04 | gpu 329MB
13:21:56 [train] ep32 step   6/19 | loss 0.0102 (pos 0.084/neg 0.004) | sup 442+/5351- | seedF1 0.601 | subgraph n=5,793 e=16,700 | lr 2.79e-04 | gpu 329MB
13:21:56 [train] ep32 step  11/19 | loss 0.0101 (pos 0.074/neg 0.005) | sup 454+/5791- | seedF1 0.595 | subgraph n=6,245 e=18,189 | lr 2.78e-04 | gpu 329MB
13:21:57 [train] ep32 step  16/19 | loss 0.0104 (pos 0.069/neg 0.005) | sup 478+/5353- | seedF1 0.596 | subgraph n=5,831 e=17,383 | lr 2.77e-04 | gpu 329MB
13:21:57 ┌────────────────────────────────────────────────────────────────────────────
13:21:57 │ EPOCH  32/80  train_loss 0.0100 (pos 0.075 / neg 0.005)  seedF1 0.597  0.9s  (119290 seeds/s)  eta ~0.8min
13:21:57 │ VAL  AUROC 0.9641 | AUPRC 0.6611 (base 0.0141) | F1 0.6584 (thr 0.832) | P 0.9085 R 0.5163 | MCC 0.6817
13:21:57 │ best AUPRC 0.6611 @ ep32   ** improved **
13:21:57 └────────────────────────────────────────────────────────────────────────────
13:21:58 [train] ep33 step   1/19 | loss 0.0081 (pos 0.069/neg 0.004) | sup 389+/5752- | seedF1 0.612 | subgraph n=6,141 e=17,827 | lr 2.76e-04 | gpu 329MB
13:21:58 [train] ep33 step   2/19 | loss 0.0094 (pos 0.101/neg 0.003) | sup 361+/5590- | seedF1 0.610 | subgraph n=5,951 e=17,355 | lr 2.76e-04 | gpu 329MB
13:21:58 [train] ep33 step   7/19 | loss 0.0091 (pos 0.075/neg 0.004) | sup 437+/5693- | seedF1 0.660 | subgraph n=6,130 e=18,145 | lr 2.75e-04 | gpu 329MB
13:21:58 [train] ep33 step  12/19 | loss 0.0091 (pos 0.064/neg 0.005) | sup 424+/5605- | seedF1 0.669 | subgraph n=6,029 e=17,487 | lr 2.74e-04 | gpu 329MB
13:21:58 [train] ep33 step  17/19 | loss 0.0092 (pos 0.067/neg 0.005) | sup 440+/5409- | seedF1 0.663 | subgraph n=5,849 e=17,196 | lr 2.73e-04 | gpu 329MB
13:21:59 ┌────────────────────────────────────────────────────────────────────────────
13:21:59 │ EPOCH  33/80  train_loss 0.0095 (pos 0.075 / neg 0.005)  seedF1 0.664  0.9s  (120228 seeds/s)  eta ~0.7min
13:21:59 │ VAL  AUROC 0.9653 | AUPRC 0.6640 (base 0.0141) | F1 0.6595 (thr 0.851) | P 0.9126 R 0.5163 | MCC 0.6833
13:21:59 │ best AUPRC 0.6640 @ ep33   ** improved **
13:21:59 └────────────────────────────────────────────────────────────────────────────
13:21:59 [train] ep34 step   1/19 | loss 0.0088 (pos 0.065/neg 0.004) | sup 432+/5410- | seedF1 0.619 | subgraph n=5,842 e=17,020 | lr 2.72e-04 | gpu 329MB
13:21:59 [train] ep34 step   3/19 | loss 0.0105 (pos 0.075/neg 0.005) | sup 452+/5114- | seedF1 0.670 | subgraph n=5,566 e=16,149 | lr 2.71e-04 | gpu 329MB
13:22:00 [train] ep34 step   8/19 | loss 0.0099 (pos 0.076/neg 0.005) | sup 425+/5249- | seedF1 0.651 | subgraph n=5,674 e=16,580 | lr 2.70e-04 | gpu 329MB
13:22:00 [train] ep34 step  13/19 | loss 0.0093 (pos 0.063/neg 0.005) | sup 464+/5622- | seedF1 0.637 | subgraph n=6,086 e=17,548 | lr 2.69e-04 | gpu 329MB
13:22:00 [train] ep34 step  18/19 | loss 0.0098 (pos 0.078/neg 0.005) | sup 440+/5834- | seedF1 0.640 | subgraph n=6,274 e=17,856 | lr 2.68e-04 | gpu 329MB
13:22:01 ┌────────────────────────────────────────────────────────────────────────────
13:22:01 │ EPOCH  34/80  train_loss 0.0094 (pos 0.070 / neg 0.005)  seedF1 0.641  1.0s  (118093 seeds/s)  eta ~0.7min
13:22:01 │ VAL  AUROC 0.9647 | AUPRC 0.6570 (base 0.0141) | F1 0.6539 (thr 0.859) | P 0.9076 R 0.5111 | MCC 0.6779
13:22:01 │ best AUPRC 0.6640 @ ep33   patience 19/20
13:22:01 └────────────────────────────────────────────────────────────────────────────
13:22:01 [train] ep35 step   1/19 | loss 0.0092 (pos 0.065/neg 0.005) | sup 439+/5299- | seedF1 0.629 | subgraph n=5,738 e=16,867 | lr 2.67e-04 | gpu 329MB
13:22:01 [train] ep35 step   4/19 | loss 0.0103 (pos 0.094/neg 0.004) | sup 403+/5487- | seedF1 0.614 | subgraph n=5,890 e=17,087 | lr 2.66e-04 | gpu 329MB
13:22:01 [train] ep35 step   9/19 | loss 0.0104 (pos 0.088/neg 0.004) | sup 410+/5314- | seedF1 0.634 | subgraph n=5,724 e=17,017 | lr 2.65e-04 | gpu 329MB
13:22:01 [train] ep35 step  14/19 | loss 0.0098 (pos 0.077/neg 0.005) | sup 449+/5651- | seedF1 0.637 | subgraph n=6,100 e=17,561 | lr 2.64e-04 | gpu 329MB
13:22:02 [train] ep35 step  19/19 | loss 0.0087 (pos 0.065/neg 0.004) | sup 450+/5513- | seedF1 0.637 | subgraph n=5,963 e=17,715 | lr 2.62e-04 | gpu 329MB
13:22:02 ┌────────────────────────────────────────────────────────────────────────────
13:22:02 │ EPOCH  35/80  train_loss 0.0091 (pos 0.068 / neg 0.004)  seedF1 0.637  1.0s  (119925 seeds/s)  eta ~0.7min
13:22:02 │ VAL  AUROC 0.9644 | AUPRC 0.6566 (base 0.0141) | F1 0.6556 (thr 0.847) | P 0.8411 R 0.5371 | MCC 0.6686
13:22:02 │ best AUPRC 0.6640 @ ep33   patience 18/20
13:22:02 └────────────────────────────────────────────────────────────────────────────
13:22:02 [train] ep36 step   1/19 | loss 0.0098 (pos 0.081/neg 0.005) | sup 425+/5758- | seedF1 0.594 | subgraph n=6,183 e=18,297 | lr 2.62e-04 | gpu 329MB
13:22:03 [train] ep36 step   5/19 | loss 0.0110 (pos 0.090/neg 0.005) | sup 451+/5576- | seedF1 0.622 | subgraph n=6,027 e=17,632 | lr 2.61e-04 | gpu 329MB
13:22:03 [train] ep36 step  10/19 | loss 0.0091 (pos 0.069/neg 0.004) | sup 422+/5521- | seedF1 0.646 | subgraph n=5,943 e=17,227 | lr 2.60e-04 | gpu 329MB
13:22:03 [train] ep36 step  15/19 | loss 0.0106 (pos 0.081/neg 0.005) | sup 417+/5390- | seedF1 0.641 | subgraph n=5,807 e=16,872 | lr 2.58e-04 | gpu 329MB
13:22:04 ┌────────────────────────────────────────────────────────────────────────────
13:22:04 │ EPOCH  36/80  train_loss 0.0095 (pos 0.073 / neg 0.005)  seedF1 0.644  0.9s  (122311 seeds/s)  eta ~0.7min
13:22:04 │ VAL  AUROC 0.9632 | AUPRC 0.6521 (base 0.0141) | F1 0.6491 (thr 0.848) | P 0.8891 R 0.5111 | MCC 0.6708
13:22:04 │ best AUPRC 0.6640 @ ep33   patience 17/20
13:22:04 └────────────────────────────────────────────────────────────────────────────
13:22:04 [train] ep37 step   1/19 | loss 0.0096 (pos 0.066/neg 0.005) | sup 418+/5373- | seedF1 0.621 | subgraph n=5,791 e=16,844 | lr 2.57e-04 | gpu 329MB
13:22:04 [train] ep37 step   6/19 | loss 0.0084 (pos 0.057/neg 0.004) | sup 471+/5539- | seedF1 0.621 | subgraph n=6,010 e=17,115 | lr 2.55e-04 | gpu 329MB
13:22:05 [train] ep37 step  11/19 | loss 0.0079 (pos 0.053/neg 0.005) | sup 421+/5694- | seedF1 0.633 | subgraph n=6,115 e=17,831 | lr 2.54e-04 | gpu 329MB
13:22:05 [train] ep37 step  16/19 | loss 0.0097 (pos 0.084/neg 0.005) | sup 394+/5818- | seedF1 0.632 | subgraph n=6,212 e=17,974 | lr 2.52e-04 | gpu 329MB
13:22:06 ┌────────────────────────────────────────────────────────────────────────────
13:22:06 │ EPOCH  37/80  train_loss 0.0094 (pos 0.070 / neg 0.005)  seedF1 0.635  1.0s  (117251 seeds/s)  eta ~0.7min
13:22:06 │ VAL  AUROC 0.9666 | AUPRC 0.6730 (base 0.0141) | F1 0.6718 (thr 0.861) | P 0.9752 R 0.5124 | MCC 0.7042
13:22:06 │ best AUPRC 0.6730 @ ep37   ** improved **
13:22:06 └────────────────────────────────────────────────────────────────────────────
13:22:06 [train] ep38 step   1/19 | loss 0.0095 (pos 0.073/neg 0.005) | sup 423+/5424- | seedF1 0.589 | subgraph n=5,847 e=16,905 | lr 2.51e-04 | gpu 329MB
13:22:06 [train] ep38 step   2/19 | loss 0.0089 (pos 0.076/neg 0.004) | sup 414+/5880- | seedF1 0.630 | subgraph n=6,294 e=18,345 | lr 2.51e-04 | gpu 329MB
13:22:06 [train] ep38 step   7/19 | loss 0.0082 (pos 0.063/neg 0.004) | sup 402+/5481- | seedF1 0.615 | subgraph n=5,883 e=17,244 | lr 2.49e-04 | gpu 329MB
13:22:06 [train] ep38 step  12/19 | loss 0.0090 (pos 0.073/neg 0.004) | sup 403+/5660- | seedF1 0.614 | subgraph n=6,063 e=17,657 | lr 2.48e-04 | gpu 329MB
13:22:07 [train] ep38 step  17/19 | loss 0.0099 (pos 0.092/neg 0.004) | sup 415+/5815- | seedF1 0.624 | subgraph n=6,230 e=18,183 | lr 2.46e-04 | gpu 329MB
13:22:07 ┌────────────────────────────────────────────────────────────────────────────
13:22:07 │ EPOCH  38/80  train_loss 0.0089 (pos 0.070 / neg 0.004)  seedF1 0.625  1.0s  (119563 seeds/s)  eta ~0.7min
13:22:07 │ VAL  AUROC 0.9651 | AUPRC 0.6688 (base 0.0141) | F1 0.6661 (thr 0.847) | P 0.9259 R 0.5202 | MCC 0.6910
13:22:07 │ best AUPRC 0.6730 @ ep37   patience 19/20
13:22:07 └────────────────────────────────────────────────────────────────────────────
13:22:07 [train] ep39 step   1/19 | loss 0.0085 (pos 0.062/neg 0.004) | sup 449+/5430- | seedF1 0.647 | subgraph n=5,879 e=17,334 | lr 2.45e-04 | gpu 329MB
13:22:08 [train] ep39 step   3/19 | loss 0.0088 (pos 0.069/neg 0.004) | sup 439+/5519- | seedF1 0.673 | subgraph n=5,958 e=17,413 | lr 2.45e-04 | gpu 329MB
13:22:08 [train] ep39 step   8/19 | loss 0.0091 (pos 0.070/neg 0.005) | sup 405+/5893- | seedF1 0.677 | subgraph n=6,298 e=18,309 | lr 2.43e-04 | gpu 329MB
13:22:08 [train] ep39 step  13/19 | loss 0.0085 (pos 0.059/neg 0.005) | sup 457+/5726- | seedF1 0.678 | subgraph n=6,183 e=18,098 | lr 2.42e-04 | gpu 329MB
13:22:08 [train] ep39 step  18/19 | loss 0.0095 (pos 0.078/neg 0.004) | sup 450+/5541- | seedF1 0.673 | subgraph n=5,991 e=17,409 | lr 2.40e-04 | gpu 329MB
13:22:09 ┌────────────────────────────────────────────────────────────────────────────
13:22:09 │ EPOCH  39/80  train_loss 0.0089 (pos 0.067 / neg 0.004)  seedF1 0.674  0.9s  (122203 seeds/s)  eta ~0.6min
13:22:09 │ VAL  AUROC 0.9657 | AUPRC 0.6756 (base 0.0141) | F1 0.6726 (thr 0.835) | P 0.8784 R 0.5449 | MCC 0.6886
13:22:09 │ best AUPRC 0.6756 @ ep39   ** improved **
13:22:09 └────────────────────────────────────────────────────────────────────────────
13:22:09 [train] ep40 step   1/19 | loss 0.0090 (pos 0.067/neg 0.004) | sup 453+/5601- | seedF1 0.672 | subgraph n=6,054 e=17,727 | lr 2.39e-04 | gpu 329MB
13:22:09 [train] ep40 step   4/19 | loss 0.0088 (pos 0.066/neg 0.005) | sup 425+/5924- | seedF1 0.681 | subgraph n=6,349 e=18,474 | lr 2.38e-04 | gpu 329MB
13:22:10 [train] ep40 step   9/19 | loss 0.0087 (pos 0.062/neg 0.004) | sup 449+/5448- | seedF1 0.666 | subgraph n=5,897 e=17,279 | lr 2.37e-04 | gpu 329MB
13:22:10 [train] ep40 step  14/19 | loss 0.0096 (pos 0.081/neg 0.004) | sup 444+/5743- | seedF1 0.678 | subgraph n=6,187 e=17,736 | lr 2.35e-04 | gpu 329MB
13:22:10 [train] ep40 step  19/19 | loss 0.0085 (pos 0.059/neg 0.005) | sup 438+/5761- | seedF1 0.677 | subgraph n=6,199 e=18,171 | lr 2.33e-04 | gpu 329MB
13:22:11 ┌────────────────────────────────────────────────────────────────────────────
13:22:11 │ EPOCH  40/80  train_loss 0.0090 (pos 0.067 / neg 0.004)  seedF1 0.677  0.9s  (120609 seeds/s)  eta ~0.6min
13:22:11 │ VAL  AUROC 0.9659 | AUPRC 0.6758 (base 0.0141) | F1 0.6738 (thr 0.846) | P 0.9113 R 0.5345 | MCC 0.6949
13:22:11 │ best AUPRC 0.6758 @ ep40   ** improved **
13:22:11 └────────────────────────────────────────────────────────────────────────────
13:22:11 [train] ep41 step   1/19 | loss 0.0093 (pos 0.061/neg 0.005) | sup 465+/5708- | seedF1 0.699 | subgraph n=6,173 e=18,059 | lr 2.33e-04 | gpu 329MB
13:22:11 [train] ep41 step   5/19 | loss 0.0090 (pos 0.075/neg 0.004) | sup 451+/5773- | seedF1 0.688 | subgraph n=6,224 e=18,426 | lr 2.32e-04 | gpu 329MB
13:22:11 [train] ep41 step  10/19 | loss 0.0088 (pos 0.063/neg 0.005) | sup 433+/5631- | seedF1 0.672 | subgraph n=6,064 e=17,897 | lr 2.30e-04 | gpu 329MB
13:22:11 [train] ep41 step  15/19 | loss 0.0098 (pos 0.080/neg 0.004) | sup 445+/5703- | seedF1 0.672 | subgraph n=6,148 e=18,239 | lr 2.28e-04 | gpu 329MB
13:22:12 ┌────────────────────────────────────────────────────────────────────────────
13:22:12 │ EPOCH  41/80  train_loss 0.0092 (pos 0.068 / neg 0.005)  seedF1 0.662  0.9s  (121437 seeds/s)  eta ~0.6min
13:22:12 │ VAL  AUROC 0.9663 | AUPRC 0.6752 (base 0.0141) | F1 0.6700 (thr 0.840) | P 0.9087 R 0.5306 | MCC 0.6913
13:22:12 │ best AUPRC 0.6758 @ ep40   patience 19/20
13:22:12 └────────────────────────────────────────────────────────────────────────────
13:22:12 [train] ep42 step   1/19 | loss 0.0087 (pos 0.067/neg 0.004) | sup 449+/5971- | seedF1 0.686 | subgraph n=6,420 e=18,435 | lr 2.26e-04 | gpu 329MB
13:22:13 [train] ep42 step   6/19 | loss 0.0090 (pos 0.069/neg 0.005) | sup 408+/5534- | seedF1 0.662 | subgraph n=5,942 e=17,324 | lr 2.25e-04 | gpu 329MB
13:22:13 [train] ep42 step  11/19 | loss 0.0095 (pos 0.078/neg 0.005) | sup 407+/5682- | seedF1 0.665 | subgraph n=6,089 e=17,681 | lr 2.23e-04 | gpu 329MB
13:22:13 [train] ep42 step  16/19 | loss 0.0081 (pos 0.068/neg 0.004) | sup 384+/5508- | seedF1 0.674 | subgraph n=5,892 e=17,302 | lr 2.21e-04 | gpu 329MB
13:22:14 ┌────────────────────────────────────────────────────────────────────────────
13:22:14 │ EPOCH  42/80  train_loss 0.0088 (pos 0.068 / neg 0.004)  seedF1 0.679  1.0s  (121402 seeds/s)  eta ~0.6min
13:22:14 │ VAL  AUROC 0.9668 | AUPRC 0.6773 (base 0.0141) | F1 0.6735 (thr 0.835) | P 0.8495 R 0.5579 | MCC 0.6850
13:22:14 │ best AUPRC 0.6773 @ ep42   ** improved **
13:22:14 └────────────────────────────────────────────────────────────────────────────
13:22:14 [train] ep43 step   1/19 | loss 0.0083 (pos 0.062/neg 0.004) | sup 426+/5344- | seedF1 0.737 | subgraph n=5,770 e=16,746 | lr 2.20e-04 | gpu 329MB
13:22:14 [train] ep43 step   2/19 | loss 0.0084 (pos 0.067/neg 0.004) | sup 452+/5861- | seedF1 0.733 | subgraph n=6,313 e=18,233 | lr 2.19e-04 | gpu 329MB
13:22:14 [train] ep43 step   7/19 | loss 0.0083 (pos 0.059/neg 0.004) | sup 453+/5491- | seedF1 0.695 | subgraph n=5,944 e=17,001 | lr 2.18e-04 | gpu 329MB
13:22:15 [train] ep43 step  12/19 | loss 0.0082 (pos 0.057/neg 0.004) | sup 445+/5357- | seedF1 0.696 | subgraph n=5,802 e=16,994 | lr 2.16e-04 | gpu 329MB
13:22:15 [train] ep43 step  17/19 | loss 0.0081 (pos 0.066/neg 0.004) | sup 403+/5509- | seedF1 0.689 | subgraph n=5,912 e=17,139 | lr 2.14e-04 | gpu 329MB
13:22:16 ┌────────────────────────────────────────────────────────────────────────────
13:22:16 │ EPOCH  43/80  train_loss 0.0084 (pos 0.064 / neg 0.004)  seedF1 0.690  0.9s  (119597 seeds/s)  eta ~0.6min
13:22:16 │ VAL  AUROC 0.9671 | AUPRC 0.6761 (base 0.0141) | F1 0.6717 (thr 0.847) | P 0.9350 R 0.5241 | MCC 0.6971
13:22:16 │ best AUPRC 0.6773 @ ep42   patience 19/20
13:22:16 └────────────────────────────────────────────────────────────────────────────
13:22:16 [train] ep44 step   1/19 | loss 0.0088 (pos 0.066/neg 0.004) | sup 443+/5303- | seedF1 0.662 | subgraph n=5,746 e=16,761 | lr 2.13e-04 | gpu 329MB
13:22:16 [train] ep44 step   3/19 | loss 0.0095 (pos 0.085/neg 0.004) | sup 405+/5742- | seedF1 0.667 | subgraph n=6,147 e=17,857 | lr 2.12e-04 | gpu 329MB
13:22:16 [train] ep44 step   8/19 | loss 0.0094 (pos 0.066/neg 0.005) | sup 442+/5852- | seedF1 0.683 | subgraph n=6,294 e=18,271 | lr 2.10e-04 | gpu 329MB
13:22:16 [train] ep44 step  13/19 | loss 0.0077 (pos 0.060/neg 0.004) | sup 432+/5557- | seedF1 0.671 | subgraph n=5,989 e=17,557 | lr 2.08e-04 | gpu 329MB
13:22:17 [train] ep44 step  18/19 | loss 0.0079 (pos 0.062/neg 0.004) | sup 437+/5738- | seedF1 0.667 | subgraph n=6,175 e=18,095 | lr 2.06e-04 | gpu 329MB
13:22:17 ┌────────────────────────────────────────────────────────────────────────────
13:22:17 │ EPOCH  44/80  train_loss 0.0088 (pos 0.066 / neg 0.004)  seedF1 0.666  0.9s  (121178 seeds/s)  eta ~0.6min
13:22:17 │ VAL  AUROC 0.9648 | AUPRC 0.6722 (base 0.0141) | F1 0.6749 (thr 0.852) | P 0.9233 R 0.5319 | MCC 0.6978
13:22:17 │ best AUPRC 0.6773 @ ep42   patience 18/20
13:22:17 └────────────────────────────────────────────────────────────────────────────
13:22:17 [train] ep45 step   1/19 | loss 0.0086 (pos 0.061/neg 0.004) | sup 422+/5425- | seedF1 0.702 | subgraph n=5,847 e=17,174 | lr 2.06e-04 | gpu 329MB
13:22:18 [train] ep45 step   4/19 | loss 0.0083 (pos 0.069/neg 0.004) | sup 390+/5580- | seedF1 0.686 | subgraph n=5,970 e=17,636 | lr 2.05e-04 | gpu 329MB
13:22:18 [train] ep45 step   9/19 | loss 0.0091 (pos 0.067/neg 0.004) | sup 427+/5294- | seedF1 0.670 | subgraph n=5,721 e=16,709 | lr 2.03e-04 | gpu 329MB
13:22:18 [train] ep45 step  14/19 | loss 0.0097 (pos 0.075/neg 0.004) | sup 462+/5342- | seedF1 0.671 | subgraph n=5,804 e=16,659 | lr 2.01e-04 | gpu 329MB
13:22:18 [train] ep45 step  19/19 | loss 0.0088 (pos 0.065/neg 0.004) | sup 455+/5694- | seedF1 0.670 | subgraph n=6,149 e=17,702 | lr 1.99e-04 | gpu 329MB
13:22:19 ┌────────────────────────────────────────────────────────────────────────────
13:22:19 │ EPOCH  45/80  train_loss 0.0089 (pos 0.065 / neg 0.004)  seedF1 0.670  0.9s  (119382 seeds/s)  eta ~0.6min
13:22:19 │ VAL  AUROC 0.9649 | AUPRC 0.6650 (base 0.0141) | F1 0.6633 (thr 0.870) | P 0.9194 R 0.5189 | MCC 0.6876
13:22:19 │ best AUPRC 0.6773 @ ep42   patience 17/20
13:22:19 └────────────────────────────────────────────────────────────────────────────
13:22:19 [train] ep46 step   1/19 | loss 0.0083 (pos 0.051/neg 0.005) | sup 466+/5507- | seedF1 0.690 | subgraph n=5,973 e=17,409 | lr 1.98e-04 | gpu 329MB
13:22:19 [train] ep46 step   5/19 | loss 0.0085 (pos 0.063/neg 0.004) | sup 463+/5726- | seedF1 0.630 | subgraph n=6,189 e=17,849 | lr 1.97e-04 | gpu 329MB
13:22:20 [train] ep46 step  10/19 | loss 0.0074 (pos 0.058/neg 0.004) | sup 436+/5888- | seedF1 0.634 | subgraph n=6,324 e=18,170 | lr 1.95e-04 | gpu 329MB
13:22:20 [train] ep46 step  15/19 | loss 0.0095 (pos 0.074/neg 0.004) | sup 472+/5488- | seedF1 0.636 | subgraph n=5,960 e=17,497 | lr 1.93e-04 | gpu 329MB
13:22:21 ┌────────────────────────────────────────────────────────────────────────────
13:22:21 │ EPOCH  46/80  train_loss 0.0087 (pos 0.064 / neg 0.004)  seedF1 0.635  0.9s  (121712 seeds/s)  eta ~0.5min
13:22:21 │ VAL  AUROC 0.9651 | AUPRC 0.6715 (base 0.0141) | F1 0.6727 (thr 0.858) | P 0.9150 R 0.5319 | MCC 0.6946
13:22:21 │ best AUPRC 0.6773 @ ep42   patience 16/20
13:22:21 └────────────────────────────────────────────────────────────────────────────
13:22:21 [train] ep47 step   1/19 | loss 0.0079 (pos 0.062/neg 0.004) | sup 420+/5587- | seedF1 0.670 | subgraph n=6,007 e=17,688 | lr 1.91e-04 | gpu 329MB
13:22:21 [train] ep47 step   6/19 | loss 0.0082 (pos 0.063/neg 0.004) | sup 436+/5532- | seedF1 0.672 | subgraph n=5,968 e=17,633 | lr 1.89e-04 | gpu 329MB
13:22:21 [train] ep47 step  11/19 | loss 0.0092 (pos 0.080/neg 0.004) | sup 398+/5720- | seedF1 0.669 | subgraph n=6,118 e=17,510 | lr 1.87e-04 | gpu 329MB
13:22:21 [train] ep47 step  16/19 | loss 0.0092 (pos 0.068/neg 0.005) | sup 436+/5468- | seedF1 0.674 | subgraph n=5,904 e=17,376 | lr 1.85e-04 | gpu 329MB
13:22:22 ┌────────────────────────────────────────────────────────────────────────────
13:22:22 │ EPOCH  47/80  train_loss 0.0086 (pos 0.066 / neg 0.004)  seedF1 0.670  1.0s  (120345 seeds/s)  eta ~0.5min
13:22:22 │ VAL  AUROC 0.9665 | AUPRC 0.6832 (base 0.0141) | F1 0.6827 (thr 0.837) | P 0.8894 R 0.5540 | MCC 0.6988
13:22:22 │ best AUPRC 0.6832 @ ep47   ** improved **
13:22:22 └────────────────────────────────────────────────────────────────────────────
13:22:22 [train] ep48 step   1/19 | loss 0.0072 (pos 0.045/neg 0.004) | sup 414+/5668- | seedF1 0.724 | subgraph n=6,082 e=17,493 | lr 1.84e-04 | gpu 329MB
13:22:22 [train] ep48 step   2/19 | loss 0.0079 (pos 0.055/neg 0.005) | sup 413+/5677- | seedF1 0.719 | subgraph n=6,090 e=17,756 | lr 1.83e-04 | gpu 329MB
13:22:23 [train] ep48 step   7/19 | loss 0.0075 (pos 0.060/neg 0.004) | sup 444+/5929- | seedF1 0.693 | subgraph n=6,373 e=18,277 | lr 1.81e-04 | gpu 329MB
13:22:23 [train] ep48 step  12/19 | loss 0.0089 (pos 0.074/neg 0.004) | sup 443+/5704- | seedF1 0.688 | subgraph n=6,147 e=17,916 | lr 1.79e-04 | gpu 329MB
13:22:23 [train] ep48 step  17/19 | loss 0.0082 (pos 0.052/neg 0.005) | sup 425+/5376- | seedF1 0.691 | subgraph n=5,801 e=17,158 | lr 1.77e-04 | gpu 329MB
13:22:24 ┌────────────────────────────────────────────────────────────────────────────
13:22:24 │ EPOCH  48/80  train_loss 0.0082 (pos 0.062 / neg 0.004)  seedF1 0.692  0.9s  (121136 seeds/s)  eta ~0.5min
13:22:24 │ VAL  AUROC 0.9658 | AUPRC 0.6788 (base 0.0141) | F1 0.6779 (thr 0.865) | P 0.9640 R 0.5228 | MCC 0.7072
13:22:24 │ best AUPRC 0.6832 @ ep47   patience 19/20
13:22:24 └────────────────────────────────────────────────────────────────────────────
13:22:24 [train] ep49 step   1/19 | loss 0.0091 (pos 0.071/neg 0.004) | sup 461+/5657- | seedF1 0.578 | subgraph n=6,118 e=17,903 | lr 1.76e-04 | gpu 329MB
13:22:24 [train] ep49 step   3/19 | loss 0.0099 (pos 0.069/neg 0.005) | sup 473+/5429- | seedF1 0.612 | subgraph n=5,902 e=17,308 | lr 1.75e-04 | gpu 329MB
13:22:24 [train] ep49 step   8/19 | loss 0.0092 (pos 0.068/neg 0.004) | sup 459+/5487- | seedF1 0.636 | subgraph n=5,946 e=17,413 | lr 1.73e-04 | gpu 329MB
13:22:25 [train] ep49 step  13/19 | loss 0.0079 (pos 0.053/neg 0.004) | sup 459+/5424- | seedF1 0.645 | subgraph n=5,883 e=17,428 | lr 1.71e-04 | gpu 329MB
13:22:25 [train] ep49 step  18/19 | loss 0.0095 (pos 0.073/neg 0.004) | sup 463+/5366- | seedF1 0.647 | subgraph n=5,829 e=17,006 | lr 1.69e-04 | gpu 329MB
13:22:26 ┌────────────────────────────────────────────────────────────────────────────
13:22:26 │ EPOCH  49/80  train_loss 0.0086 (pos 0.065 / neg 0.004)  seedF1 0.645  1.0s  (119081 seeds/s)  eta ~0.5min
13:22:26 │ VAL  AUROC 0.9661 | AUPRC 0.6760 (base 0.0141) | F1 0.6732 (thr 0.857) | P 0.9017 R 0.5371 | MCC 0.6928
13:22:26 │ best AUPRC 0.6832 @ ep47   patience 18/20
13:22:26 └────────────────────────────────────────────────────────────────────────────
13:22:26 [train] ep50 step   1/19 | loss 0.0090 (pos 0.058/neg 0.005) | sup 423+/5286- | seedF1 0.650 | subgraph n=5,709 e=16,794 | lr 1.69e-04 | gpu 329MB
13:22:26 [train] ep50 step   4/19 | loss 0.0092 (pos 0.065/neg 0.005) | sup 439+/5667- | seedF1 0.655 | subgraph n=6,106 e=17,684 | lr 1.67e-04 | gpu 329MB
13:22:26 [train] ep50 step   9/19 | loss 0.0092 (pos 0.071/neg 0.004) | sup 454+/5604- | seedF1 0.655 | subgraph n=6,058 e=17,693 | lr 1.65e-04 | gpu 329MB
13:22:26 [train] ep50 step  14/19 | loss 0.0088 (pos 0.065/neg 0.005) | sup 413+/5669- | seedF1 0.647 | subgraph n=6,082 e=17,839 | lr 1.63e-04 | gpu 329MB
13:22:27 [train] ep50 step  19/19 | loss 0.0084 (pos 0.070/neg 0.004) | sup 404+/5577- | seedF1 0.641 | subgraph n=5,981 e=17,349 | lr 1.61e-04 | gpu 329MB
13:22:27 ┌────────────────────────────────────────────────────────────────────────────
13:22:27 │ EPOCH  50/80  train_loss 0.0086 (pos 0.064 / neg 0.004)  seedF1 0.641  1.0s  (120599 seeds/s)  eta ~0.5min
13:22:27 │ VAL  AUROC 0.9655 | AUPRC 0.6682 (base 0.0141) | F1 0.6689 (thr 0.865) | P 0.9542 R 0.5150 | MCC 0.6982
13:22:27 │ best AUPRC 0.6832 @ ep47   patience 17/20
13:22:27 └────────────────────────────────────────────────────────────────────────────
13:22:27 [train] ep51 step   1/19 | loss 0.0087 (pos 0.063/neg 0.004) | sup 436+/5625- | seedF1 0.584 | subgraph n=6,061 e=17,633 | lr 1.61e-04 | gpu 329MB
13:22:28 [train] ep51 step   5/19 | loss 0.0084 (pos 0.066/neg 0.004) | sup 447+/5874- | seedF1 0.652 | subgraph n=6,321 e=17,993 | lr 1.59e-04 | gpu 329MB
13:22:28 [train] ep51 step  10/19 | loss 0.0093 (pos 0.069/neg 0.004) | sup 448+/5384- | seedF1 0.662 | subgraph n=5,832 e=17,228 | lr 1.57e-04 | gpu 329MB
13:22:28 [train] ep51 step  15/19 | loss 0.0098 (pos 0.073/neg 0.005) | sup 442+/5254- | seedF1 0.667 | subgraph n=5,696 e=16,854 | lr 1.56e-04 | gpu 329MB
13:22:29 ┌────────────────────────────────────────────────────────────────────────────
13:22:29 │ EPOCH  51/80  train_loss 0.0087 (pos 0.063 / neg 0.004)  seedF1 0.671  1.0s  (118858 seeds/s)  eta ~0.5min
13:22:29 │ VAL  AUROC 0.9674 | AUPRC 0.6831 (base 0.0141) | F1 0.6770 (thr 0.852) | P 0.9043 R 0.5410 | MCC 0.6964
13:22:29 │ best AUPRC 0.6832 @ ep47   patience 16/20
13:22:29 └────────────────────────────────────────────────────────────────────────────
13:22:29 [train] ep52 step   1/19 | loss 0.0098 (pos 0.076/neg 0.004) | sup 467+/5436- | seedF1 0.679 | subgraph n=5,903 e=16,967 | lr 1.54e-04 | gpu 329MB
13:22:29 [train] ep52 step   6/19 | loss 0.0070 (pos 0.042/neg 0.004) | sup 444+/5363- | seedF1 0.672 | subgraph n=5,807 e=16,876 | lr 1.52e-04 | gpu 329MB
13:22:30 [train] ep52 step  11/19 | loss 0.0092 (pos 0.066/neg 0.005) | sup 452+/5541- | seedF1 0.666 | subgraph n=5,993 e=17,311 | lr 1.50e-04 | gpu 329MB
13:22:30 [train] ep52 step  16/19 | loss 0.0086 (pos 0.063/neg 0.004) | sup 455+/5533- | seedF1 0.669 | subgraph n=5,988 e=17,608 | lr 1.48e-04 | gpu 329MB
13:22:31 ┌────────────────────────────────────────────────────────────────────────────
13:22:31 │ EPOCH  52/80  train_loss 0.0086 (pos 0.062 / neg 0.004)  seedF1 0.670  1.0s  (114528 seeds/s)  eta ~0.5min
13:22:31 │ VAL  AUROC 0.9673 | AUPRC 0.6847 (base 0.0141) | F1 0.6775 (thr 0.850) | P 0.9063 R 0.5410 | MCC 0.6972
13:22:31 │ best AUPRC 0.6847 @ ep52   ** improved **
13:22:31 └────────────────────────────────────────────────────────────────────────────
13:22:31 [train] ep53 step   1/19 | loss 0.0079 (pos 0.060/neg 0.004) | sup 426+/5632- | seedF1 0.652 | subgraph n=6,058 e=17,596 | lr 1.46e-04 | gpu 329MB
13:22:31 [train] ep53 step   2/19 | loss 0.0085 (pos 0.069/neg 0.004) | sup 435+/5720- | seedF1 0.650 | subgraph n=6,155 e=17,908 | lr 1.46e-04 | gpu 329MB
13:22:31 [train] ep53 step   7/19 | loss 0.0079 (pos 0.052/neg 0.004) | sup 451+/5502- | seedF1 0.672 | subgraph n=5,953 e=17,730 | lr 1.44e-04 | gpu 329MB
13:22:31 [train] ep53 step  12/19 | loss 0.0090 (pos 0.070/neg 0.004) | sup 448+/5619- | seedF1 0.674 | subgraph n=6,067 e=17,716 | lr 1.42e-04 | gpu 329MB
13:22:32 [train] ep53 step  17/19 | loss 0.0085 (pos 0.071/neg 0.004) | sup 428+/5690- | seedF1 0.672 | subgraph n=6,118 e=18,032 | lr 1.40e-04 | gpu 329MB
13:22:32 ┌────────────────────────────────────────────────────────────────────────────
13:22:32 │ EPOCH  53/80  train_loss 0.0085 (pos 0.063 / neg 0.004)  seedF1 0.673  1.0s  (117070 seeds/s)  eta ~0.4min
13:22:32 │ VAL  AUROC 0.9672 | AUPRC 0.6865 (base 0.0141) | F1 0.6833 (thr 0.853) | P 0.9428 R 0.5358 | MCC 0.7079
13:22:32 │ best AUPRC 0.6865 @ ep53   ** improved **
13:22:32 └────────────────────────────────────────────────────────────────────────────
13:22:32 [train] ep54 step   1/19 | loss 0.0072 (pos 0.046/neg 0.004) | sup 450+/5395- | seedF1 0.719 | subgraph n=5,845 e=16,910 | lr 1.38e-04 | gpu 329MB
13:22:33 [train] ep54 step   3/19 | loss 0.0078 (pos 0.061/neg 0.004) | sup 403+/5594- | seedF1 0.693 | subgraph n=5,997 e=17,922 | lr 1.38e-04 | gpu 329MB
13:22:33 [train] ep54 step   8/19 | loss 0.0079 (pos 0.054/neg 0.004) | sup 440+/5583- | seedF1 0.693 | subgraph n=6,023 e=17,258 | lr 1.36e-04 | gpu 329MB
13:22:33 [train] ep54 step  13/19 | loss 0.0084 (pos 0.066/neg 0.004) | sup 415+/5314- | seedF1 0.697 | subgraph n=5,729 e=16,418 | lr 1.34e-04 | gpu 329MB
13:22:33 [train] ep54 step  18/19 | loss 0.0081 (pos 0.061/neg 0.004) | sup 455+/5922- | seedF1 0.689 | subgraph n=6,377 e=18,573 | lr 1.32e-04 | gpu 329MB
13:22:34 ┌────────────────────────────────────────────────────────────────────────────
13:22:34 │ EPOCH  54/80  train_loss 0.0084 (pos 0.061 / neg 0.004)  seedF1 0.691  0.9s  (119493 seeds/s)  eta ~0.4min
13:22:34 │ VAL  AUROC 0.9672 | AUPRC 0.6836 (base 0.0141) | F1 0.6837 (thr 0.850) | P 0.9367 R 0.5384 | MCC 0.7073
13:22:34 │ best AUPRC 0.6865 @ ep53   patience 19/20
13:22:34 └────────────────────────────────────────────────────────────────────────────
13:22:34 [train] ep55 step   1/19 | loss 0.0078 (pos 0.058/neg 0.004) | sup 423+/5471- | seedF1 0.688 | subgraph n=5,894 e=17,031 | lr 1.31e-04 | gpu 329MB
13:22:34 [train] ep55 step   4/19 | loss 0.0080 (pos 0.056/neg 0.004) | sup 437+/5661- | seedF1 0.667 | subgraph n=6,098 e=17,724 | lr 1.30e-04 | gpu 329MB
13:22:35 [train] ep55 step   9/19 | loss 0.0083 (pos 0.057/neg 0.005) | sup 438+/5579- | seedF1 0.667 | subgraph n=6,017 e=17,320 | lr 1.28e-04 | gpu 329MB
13:22:35 [train] ep55 step  14/19 | loss 0.0077 (pos 0.051/neg 0.004) | sup 441+/5410- | seedF1 0.672 | subgraph n=5,851 e=17,336 | lr 1.26e-04 | gpu 329MB
13:22:35 [train] ep55 step  19/19 | loss 0.0095 (pos 0.080/neg 0.004) | sup 420+/5683- | seedF1 0.666 | subgraph n=6,103 e=17,897 | lr 1.24e-04 | gpu 329MB
13:22:36 ┌────────────────────────────────────────────────────────────────────────────
13:22:36 │ EPOCH  55/80  train_loss 0.0084 (pos 0.062 / neg 0.004)  seedF1 0.666  1.0s  (119349 seeds/s)  eta ~0.4min
13:22:36 │ VAL  AUROC 0.9667 | AUPRC 0.6774 (base 0.0141) | F1 0.6766 (thr 0.868) | P 0.9255 R 0.5332 | MCC 0.6995
13:22:36 │ best AUPRC 0.6865 @ ep53   patience 18/20
13:22:36 └────────────────────────────────────────────────────────────────────────────
13:22:36 [train] ep56 step   1/19 | loss 0.0066 (pos 0.043/neg 0.004) | sup 409+/5602- | seedF1 0.638 | subgraph n=6,011 e=17,615 | lr 1.23e-04 | gpu 329MB
13:22:36 [train] ep56 step   5/19 | loss 0.0089 (pos 0.067/neg 0.004) | sup 446+/5342- | seedF1 0.661 | subgraph n=5,788 e=16,927 | lr 1.22e-04 | gpu 329MB
13:22:36 [train] ep56 step  10/19 | loss 0.0081 (pos 0.059/neg 0.004) | sup 426+/5424- | seedF1 0.669 | subgraph n=5,850 e=16,817 | lr 1.20e-04 | gpu 329MB
13:22:36 [train] ep56 step  15/19 | loss 0.0089 (pos 0.068/neg 0.004) | sup 464+/5714- | seedF1 0.656 | subgraph n=6,178 e=17,793 | lr 1.18e-04 | gpu 329MB
13:22:37 ┌────────────────────────────────────────────────────────────────────────────
13:22:37 │ EPOCH  56/80  train_loss 0.0082 (pos 0.062 / neg 0.004)  seedF1 0.656  0.9s  (121412 seeds/s)  eta ~0.4min
13:22:37 │ VAL  AUROC 0.9663 | AUPRC 0.6846 (base 0.0141) | F1 0.6821 (thr 0.844) | P 0.8875 R 0.5540 | MCC 0.6980
13:22:37 │ best AUPRC 0.6865 @ ep53   patience 17/20
13:22:37 └────────────────────────────────────────────────────────────────────────────
13:22:37 [train] ep57 step   1/19 | loss 0.0094 (pos 0.074/neg 0.004) | sup 480+/5824- | seedF1 0.707 | subgraph n=6,304 e=18,422 | lr 1.16e-04 | gpu 329MB
13:22:38 [train] ep57 step   6/19 | loss 0.0084 (pos 0.051/neg 0.005) | sup 492+/5356- | seedF1 0.686 | subgraph n=5,848 e=16,991 | lr 1.14e-04 | gpu 329MB
13:22:38 [train] ep57 step  11/19 | loss 0.0081 (pos 0.068/neg 0.004) | sup 409+/5761- | seedF1 0.674 | subgraph n=6,170 e=17,775 | lr 1.12e-04 | gpu 329MB
13:22:38 [train] ep57 step  16/19 | loss 0.0097 (pos 0.081/neg 0.004) | sup 415+/5525- | seedF1 0.668 | subgraph n=5,940 e=17,267 | lr 1.10e-04 | gpu 329MB
13:22:39 ┌────────────────────────────────────────────────────────────────────────────
13:22:39 │ EPOCH  57/80  train_loss 0.0084 (pos 0.064 / neg 0.004)  seedF1 0.668  1.0s  (119339 seeds/s)  eta ~0.4min
13:22:39 │ VAL  AUROC 0.9669 | AUPRC 0.6842 (base 0.0141) | F1 0.6819 (thr 0.847) | P 0.9147 R 0.5436 | MCC 0.7021
13:22:39 │ best AUPRC 0.6865 @ ep53   patience 16/20
13:22:39 └────────────────────────────────────────────────────────────────────────────
13:22:39 [train] ep58 step   1/19 | loss 0.0087 (pos 0.074/neg 0.004) | sup 433+/5655- | seedF1 0.615 | subgraph n=6,088 e=17,946 | lr 1.09e-04 | gpu 329MB
13:22:39 [train] ep58 step   2/19 | loss 0.0081 (pos 0.059/neg 0.004) | sup 459+/5766- | seedF1 0.625 | subgraph n=6,225 e=17,980 | lr 1.09e-04 | gpu 329MB
13:22:39 [train] ep58 step   7/19 | loss 0.0077 (pos 0.057/neg 0.004) | sup 421+/5631- | seedF1 0.677 | subgraph n=6,052 e=17,736 | lr 1.07e-04 | gpu 329MB
13:22:40 [train] ep58 step  12/19 | loss 0.0080 (pos 0.052/neg 0.004) | sup 466+/5631- | seedF1 0.689 | subgraph n=6,097 e=17,818 | lr 1.05e-04 | gpu 329MB
13:22:40 [train] ep58 step  17/19 | loss 0.0077 (pos 0.049/neg 0.004) | sup 420+/5399- | seedF1 0.693 | subgraph n=5,819 e=16,744 | lr 1.03e-04 | gpu 329MB
13:22:41 ┌────────────────────────────────────────────────────────────────────────────
13:22:41 │ EPOCH  58/80  train_loss 0.0082 (pos 0.059 / neg 0.004)  seedF1 0.695  0.9s  (120684 seeds/s)  eta ~0.3min
13:22:41 │ VAL  AUROC 0.9668 | AUPRC 0.6836 (base 0.0141) | F1 0.6809 (thr 0.858) | P 0.9262 R 0.5384 | MCC 0.7032
13:22:41 │ best AUPRC 0.6865 @ ep53   patience 15/20
13:22:41 └────────────────────────────────────────────────────────────────────────────
13:22:41 [train] ep59 step   1/19 | loss 0.0083 (pos 0.064/neg 0.004) | sup 430+/5466- | seedF1 0.671 | subgraph n=5,896 e=16,826 | lr 1.02e-04 | gpu 329MB
13:22:41 [train] ep59 step   3/19 | loss 0.0073 (pos 0.051/neg 0.004) | sup 409+/5599- | seedF1 0.672 | subgraph n=6,008 e=17,686 | lr 1.01e-04 | gpu 329MB
13:22:41 [train] ep59 step   8/19 | loss 0.0072 (pos 0.053/neg 0.004) | sup 432+/5819- | seedF1 0.681 | subgraph n=6,251 e=18,239 | lr 9.93e-05 | gpu 329MB
13:22:41 [train] ep59 step  13/19 | loss 0.0081 (pos 0.061/neg 0.004) | sup 440+/5419- | seedF1 0.679 | subgraph n=5,859 e=17,043 | lr 9.75e-05 | gpu 329MB
13:22:42 [train] ep59 step  18/19 | loss 0.0094 (pos 0.073/neg 0.004) | sup 461+/5439- | seedF1 0.676 | subgraph n=5,900 e=17,232 | lr 9.57e-05 | gpu 329MB
13:22:42 ┌────────────────────────────────────────────────────────────────────────────
13:22:42 │ EPOCH  59/80  train_loss 0.0081 (pos 0.062 / neg 0.004)  seedF1 0.676  1.0s  (118788 seeds/s)  eta ~0.3min
13:22:42 │ VAL  AUROC 0.9672 | AUPRC 0.6866 (base 0.0141) | F1 0.6861 (thr 0.852) | P 0.9079 R 0.5514 | MCC 0.7045
13:22:42 │ best AUPRC 0.6865 @ ep53   patience 14/20
13:22:42 └────────────────────────────────────────────────────────────────────────────
13:22:42 [train] ep60 step   1/19 | loss 0.0094 (pos 0.082/neg 0.004) | sup 448+/5743- | seedF1 0.703 | subgraph n=6,191 e=18,030 | lr 9.50e-05 | gpu 329MB
13:22:43 [train] ep60 step   4/19 | loss 0.0086 (pos 0.070/neg 0.004) | sup 429+/5891- | seedF1 0.712 | subgraph n=6,320 e=18,365 | lr 9.39e-05 | gpu 329MB
13:22:43 [train] ep60 step   9/19 | loss 0.0072 (pos 0.048/neg 0.004) | sup 431+/5550- | seedF1 0.695 | subgraph n=5,981 e=17,211 | lr 9.21e-05 | gpu 329MB
13:22:43 [train] ep60 step  14/19 | loss 0.0078 (pos 0.058/neg 0.004) | sup 422+/5630- | seedF1 0.680 | subgraph n=6,052 e=17,265 | lr 9.03e-05 | gpu 329MB
13:22:43 [train] ep60 step  19/19 | loss 0.0093 (pos 0.073/neg 0.004) | sup 421+/5180- | seedF1 0.676 | subgraph n=5,601 e=16,253 | lr 8.86e-05 | gpu 329MB
13:22:44 ┌────────────────────────────────────────────────────────────────────────────
13:22:44 │ EPOCH  60/80  train_loss 0.0083 (pos 0.064 / neg 0.004)  seedF1 0.676  0.9s  (121055 seeds/s)  eta ~0.3min
13:22:44 │ VAL  AUROC 0.9676 | AUPRC 0.6931 (base 0.0141) | F1 0.6922 (thr 0.840) | P 0.9259 R 0.5527 | MCC 0.7125
13:22:44 │ best AUPRC 0.6931 @ ep60   ** improved **
13:22:44 └────────────────────────────────────────────────────────────────────────────
13:22:44 [train] ep61 step   1/19 | loss 0.0082 (pos 0.058/neg 0.004) | sup 471+/5781- | seedF1 0.669 | subgraph n=6,252 e=18,075 | lr 8.82e-05 | gpu 329MB
13:22:44 [train] ep61 step   5/19 | loss 0.0081 (pos 0.049/neg 0.005) | sup 492+/5853- | seedF1 0.689 | subgraph n=6,345 e=18,216 | lr 8.68e-05 | gpu 329MB
13:22:44 [train] ep61 step  10/19 | loss 0.0089 (pos 0.080/neg 0.004) | sup 418+/5758- | seedF1 0.676 | subgraph n=6,176 e=17,805 | lr 8.51e-05 | gpu 329MB
13:22:45 [train] ep61 step  15/19 | loss 0.0083 (pos 0.062/neg 0.004) | sup 454+/5616- | seedF1 0.683 | subgraph n=6,070 e=17,447 | lr 8.34e-05 | gpu 329MB
13:22:46 ┌────────────────────────────────────────────────────────────────────────────
13:22:46 │ EPOCH  61/80  train_loss 0.0082 (pos 0.059 / neg 0.004)  seedF1 0.687  0.9s  (121034 seeds/s)  eta ~0.3min
13:22:46 │ VAL  AUROC 0.9666 | AUPRC 0.6786 (base 0.0141) | F1 0.6790 (thr 0.861) | P 0.9596 R 0.5254 | MCC 0.7073
13:22:46 │ best AUPRC 0.6931 @ ep60   patience 19/20
13:22:46 └────────────────────────────────────────────────────────────────────────────
13:22:46 [train] ep62 step   1/19 | loss 0.0075 (pos 0.055/neg 0.004) | sup 408+/5279- | seedF1 0.647 | subgraph n=5,687 e=16,693 | lr 8.17e-05 | gpu 329MB
13:22:46 [train] ep62 step   6/19 | loss 0.0078 (pos 0.057/neg 0.004) | sup 434+/5466- | seedF1 0.661 | subgraph n=5,900 e=17,295 | lr 8.00e-05 | gpu 329MB
13:22:46 [train] ep62 step  11/19 | loss 0.0083 (pos 0.065/neg 0.004) | sup 413+/5453- | seedF1 0.656 | subgraph n=5,866 e=16,796 | lr 7.83e-05 | gpu 332MB
13:22:46 [train] ep62 step  16/19 | loss 0.0077 (pos 0.064/neg 0.004) | sup 409+/5582- | seedF1 0.662 | subgraph n=5,991 e=17,381 | lr 7.67e-05 | gpu 332MB
13:22:47 ┌────────────────────────────────────────────────────────────────────────────
13:22:47 │ EPOCH  62/80  train_loss 0.0080 (pos 0.060 / neg 0.004)  seedF1 0.662  0.9s  (120199 seeds/s)  eta ~0.3min
13:22:47 │ VAL  AUROC 0.9679 | AUPRC 0.6867 (base 0.0141) | F1 0.6890 (thr 0.851) | P 0.9254 R 0.5488 | MCC 0.7097
13:22:47 │ best AUPRC 0.6931 @ ep60   patience 18/20
13:22:47 └────────────────────────────────────────────────────────────────────────────
13:22:47 [train] ep63 step   1/19 | loss 0.0090 (pos 0.066/neg 0.005) | sup 418+/5363- | seedF1 0.619 | subgraph n=5,781 e=16,562 | lr 7.54e-05 | gpu 332MB
13:22:47 [train] ep63 step   2/19 | loss 0.0085 (pos 0.070/neg 0.004) | sup 427+/5598- | seedF1 0.671 | subgraph n=6,025 e=17,415 | lr 7.50e-05 | gpu 332MB
13:22:48 [train] ep63 step   7/19 | loss 0.0080 (pos 0.062/neg 0.004) | sup 461+/5693- | seedF1 0.664 | subgraph n=6,154 e=17,898 | lr 7.34e-05 | gpu 332MB
13:22:48 [train] ep63 step  12/19 | loss 0.0080 (pos 0.060/neg 0.004) | sup 465+/5543- | seedF1 0.677 | subgraph n=6,008 e=17,584 | lr 7.18e-05 | gpu 332MB
13:22:48 [train] ep63 step  17/19 | loss 0.0068 (pos 0.057/neg 0.003) | sup 421+/5753- | seedF1 0.684 | subgraph n=6,174 e=18,030 | lr 7.02e-05 | gpu 332MB
13:22:49 ┌────────────────────────────────────────────────────────────────────────────
13:22:49 │ EPOCH  63/80  train_loss 0.0079 (pos 0.060 / neg 0.004)  seedF1 0.684  0.9s  (120852 seeds/s)  eta ~0.3min
13:22:49 │ VAL  AUROC 0.9671 | AUPRC 0.6791 (base 0.0141) | F1 0.6799 (thr 0.858) | P 0.9300 R 0.5358 | MCC 0.7030
13:22:49 │ best AUPRC 0.6931 @ ep60   patience 17/20
13:22:49 └────────────────────────────────────────────────────────────────────────────
13:22:49 [train] ep64 step   1/19 | loss 0.0092 (pos 0.078/neg 0.004) | sup 392+/5033- | seedF1 0.590 | subgraph n=5,425 e=15,920 | lr 6.93e-05 | gpu 332MB
13:22:49 [train] ep64 step   3/19 | loss 0.0078 (pos 0.056/neg 0.004) | sup 439+/5425- | seedF1 0.669 | subgraph n=5,864 e=16,954 | lr 6.87e-05 | gpu 332MB
13:22:49 [train] ep64 step   8/19 | loss 0.0085 (pos 0.067/neg 0.004) | sup 453+/5910- | seedF1 0.657 | subgraph n=6,363 e=18,316 | lr 6.71e-05 | gpu 332MB
13:22:50 [train] ep64 step  13/19 | loss 0.0083 (pos 0.052/neg 0.005) | sup 452+/5248- | seedF1 0.663 | subgraph n=5,700 e=16,781 | lr 6.56e-05 | gpu 332MB
13:22:50 [train] ep64 step  18/19 | loss 0.0072 (pos 0.045/neg 0.004) | sup 404+/5157- | seedF1 0.669 | subgraph n=5,561 e=16,358 | lr 6.40e-05 | gpu 332MB
13:22:51 ┌────────────────────────────────────────────────────────────────────────────
13:22:51 │ EPOCH  64/80  train_loss 0.0084 (pos 0.062 / neg 0.004)  seedF1 0.673  0.9s  (118052 seeds/s)  eta ~0.3min
13:22:51 │ VAL  AUROC 0.9670 | AUPRC 0.6856 (base 0.0141) | F1 0.6860 (thr 0.856) | P 0.9494 R 0.5371 | MCC 0.7113
13:22:51 │ best AUPRC 0.6931 @ ep60   patience 16/20
13:22:51 └────────────────────────────────────────────────────────────────────────────
13:22:51 [train] ep65 step   1/19 | loss 0.0072 (pos 0.050/neg 0.004) | sup 411+/5524- | seedF1 0.695 | subgraph n=5,935 e=17,271 | lr 6.34e-05 | gpu 332MB
13:22:51 [train] ep65 step   4/19 | loss 0.0078 (pos 0.063/neg 0.004) | sup 434+/5996- | seedF1 0.667 | subgraph n=6,430 e=18,340 | lr 6.25e-05 | gpu 332MB
13:22:51 [train] ep65 step   9/19 | loss 0.0081 (pos 0.059/neg 0.004) | sup 432+/5531- | seedF1 0.673 | subgraph n=5,963 e=17,341 | lr 6.11e-05 | gpu 332MB
13:22:51 [train] ep65 step  14/19 | loss 0.0068 (pos 0.044/neg 0.004) | sup 472+/5506- | seedF1 0.682 | subgraph n=5,978 e=17,340 | lr 5.96e-05 | gpu 332MB
13:22:52 [train] ep65 step  19/19 | loss 0.0082 (pos 0.061/neg 0.004) | sup 422+/5510- | seedF1 0.669 | subgraph n=5,932 e=17,368 | lr 5.82e-05 | gpu 332MB
13:22:52 ┌────────────────────────────────────────────────────────────────────────────
13:22:52 │ EPOCH  65/80  train_loss 0.0081 (pos 0.060 / neg 0.004)  seedF1 0.669  0.9s  (120452 seeds/s)  eta ~0.2min
13:22:52 │ VAL  AUROC 0.9673 | AUPRC 0.6843 (base 0.0141) | F1 0.6856 (thr 0.856) | P 0.9097 R 0.5501 | MCC 0.7044
13:22:52 │ best AUPRC 0.6931 @ ep60   patience 15/20
13:22:52 └────────────────────────────────────────────────────────────────────────────
13:22:52 [train] ep66 step   1/19 | loss 0.0084 (pos 0.067/neg 0.004) | sup 425+/5697- | seedF1 0.683 | subgraph n=6,122 e=17,868 | lr 5.79e-05 | gpu 332MB
13:22:53 [train] ep66 step   5/19 | loss 0.0079 (pos 0.057/neg 0.004) | sup 444+/5712- | seedF1 0.680 | subgraph n=6,156 e=17,789 | lr 5.67e-05 | gpu 332MB
13:22:53 [train] ep66 step  10/19 | loss 0.0069 (pos 0.051/neg 0.004) | sup 417+/5526- | seedF1 0.683 | subgraph n=5,943 e=17,313 | lr 5.53e-05 | gpu 332MB
13:22:53 [train] ep66 step  15/19 | loss 0.0075 (pos 0.052/neg 0.004) | sup 422+/5428- | seedF1 0.688 | subgraph n=5,850 e=16,881 | lr 5.40e-05 | gpu 332MB
13:22:54 ┌────────────────────────────────────────────────────────────────────────────
13:22:54 │ EPOCH  66/80  train_loss 0.0080 (pos 0.058 / neg 0.004)  seedF1 0.687  1.0s  (119956 seeds/s)  eta ~0.2min
13:22:54 │ VAL  AUROC 0.9678 | AUPRC 0.6890 (base 0.0141) | F1 0.6867 (thr 0.856) | P 0.9559 R 0.5358 | MCC 0.7129
13:22:54 │ best AUPRC 0.6931 @ ep60   patience 14/20
13:22:54 └────────────────────────────────────────────────────────────────────────────
13:22:54 [train] ep67 step   1/19 | loss 0.0086 (pos 0.060/neg 0.004) | sup 438+/5355- | seedF1 0.674 | subgraph n=5,793 e=16,842 | lr 5.26e-05 | gpu 332MB
13:22:54 [train] ep67 step   6/19 | loss 0.0082 (pos 0.065/neg 0.004) | sup 409+/5435- | seedF1 0.675 | subgraph n=5,844 e=17,140 | lr 5.12e-05 | gpu 332MB
13:22:54 [train] ep67 step  11/19 | loss 0.0077 (pos 0.060/neg 0.004) | sup 432+/5844- | seedF1 0.671 | subgraph n=6,276 e=18,114 | lr 4.99e-05 | gpu 332MB
13:22:55 [train] ep67 step  16/19 | loss 0.0088 (pos 0.065/neg 0.004) | sup 438+/5558- | seedF1 0.673 | subgraph n=5,996 e=17,654 | lr 4.86e-05 | gpu 332MB
13:22:56 ┌────────────────────────────────────────────────────────────────────────────
13:22:56 │ EPOCH  67/80  train_loss 0.0082 (pos 0.061 / neg 0.004)  seedF1 0.670  0.9s  (119692 seeds/s)  eta ~0.2min
13:22:56 │ VAL  AUROC 0.9672 | AUPRC 0.6866 (base 0.0141) | F1 0.6872 (thr 0.852) | P 0.9118 R 0.5514 | MCC 0.7061
13:22:56 │ best AUPRC 0.6931 @ ep60   patience 13/20
13:22:56 └────────────────────────────────────────────────────────────────────────────
13:22:56 [train] ep68 step   1/19 | loss 0.0084 (pos 0.060/neg 0.004) | sup 471+/5538- | seedF1 0.676 | subgraph n=6,009 e=17,322 | lr 4.76e-05 | gpu 332MB
13:22:56 [train] ep68 step   2/19 | loss 0.0081 (pos 0.058/neg 0.004) | sup 449+/5761- | seedF1 0.683 | subgraph n=6,210 e=18,111 | lr 4.73e-05 | gpu 332MB
13:22:56 [train] ep68 step   7/19 | loss 0.0088 (pos 0.062/neg 0.004) | sup 452+/5341- | seedF1 0.687 | subgraph n=5,793 e=16,772 | lr 4.61e-05 | gpu 332MB
13:22:56 [train] ep68 step  12/19 | loss 0.0068 (pos 0.043/neg 0.004) | sup 421+/5340- | seedF1 0.676 | subgraph n=5,761 e=16,870 | lr 4.49e-05 | gpu 332MB
13:22:56 [train] ep68 step  17/19 | loss 0.0081 (pos 0.066/neg 0.004) | sup 431+/5688- | seedF1 0.681 | subgraph n=6,119 e=17,551 | lr 4.36e-05 | gpu 332MB
13:22:57 ┌────────────────────────────────────────────────────────────────────────────
13:22:57 │ EPOCH  68/80  train_loss 0.0078 (pos 0.057 / neg 0.004)  seedF1 0.683  0.9s  (124145 seeds/s)  eta ~0.2min
13:22:57 │ VAL  AUROC 0.9676 | AUPRC 0.6870 (base 0.0141) | F1 0.6856 (thr 0.849) | P 0.9097 R 0.5501 | MCC 0.7044
13:22:57 │ best AUPRC 0.6931 @ ep60   patience 12/20
13:22:57 └────────────────────────────────────────────────────────────────────────────
13:22:57 [train] ep69 step   1/19 | loss 0.0073 (pos 0.052/neg 0.004) | sup 404+/5358- | seedF1 0.704 | subgraph n=5,762 e=16,645 | lr 4.29e-05 | gpu 332MB
13:22:57 [train] ep69 step   3/19 | loss 0.0083 (pos 0.064/neg 0.004) | sup 462+/5597- | seedF1 0.682 | subgraph n=6,059 e=17,425 | lr 4.25e-05 | gpu 332MB
13:22:58 [train] ep69 step   8/19 | loss 0.0073 (pos 0.056/neg 0.004) | sup 452+/5951- | seedF1 0.701 | subgraph n=6,403 e=18,530 | lr 4.13e-05 | gpu 332MB
13:22:58 [train] ep69 step  13/19 | loss 0.0074 (pos 0.054/neg 0.004) | sup 427+/5798- | seedF1 0.709 | subgraph n=6,225 e=18,007 | lr 4.01e-05 | gpu 332MB
13:22:58 [train] ep69 step  18/19 | loss 0.0081 (pos 0.062/neg 0.004) | sup 441+/5551- | seedF1 0.701 | subgraph n=5,992 e=17,331 | lr 3.90e-05 | gpu 332MB
13:22:59 ┌────────────────────────────────────────────────────────────────────────────
13:22:59 │ EPOCH  69/80  train_loss 0.0080 (pos 0.060 / neg 0.004)  seedF1 0.699  1.0s  (119449 seeds/s)  eta ~0.2min
13:22:59 │ VAL  AUROC 0.9676 | AUPRC 0.6886 (base 0.0141) | F1 0.6867 (thr 0.857) | P 0.9559 R 0.5358 | MCC 0.7129
13:22:59 │ best AUPRC 0.6931 @ ep60   patience 11/20
13:22:59 └────────────────────────────────────────────────────────────────────────────
13:22:59 [train] ep70 step   1/19 | loss 0.0094 (pos 0.075/neg 0.004) | sup 440+/5404- | seedF1 0.652 | subgraph n=5,844 e=16,535 | lr 3.86e-05 | gpu 332MB
13:22:59 [train] ep70 step   4/19 | loss 0.0089 (pos 0.071/neg 0.004) | sup 439+/5644- | seedF1 0.667 | subgraph n=6,083 e=17,714 | lr 3.79e-05 | gpu 332MB
13:22:59 [train] ep70 step   9/19 | loss 0.0075 (pos 0.062/neg 0.004) | sup 417+/5803- | seedF1 0.676 | subgraph n=6,220 e=17,957 | lr 3.68e-05 | gpu 332MB
13:23:00 [train] ep70 step  14/19 | loss 0.0089 (pos 0.064/neg 0.004) | sup 439+/5309- | seedF1 0.674 | subgraph n=5,748 e=16,751 | lr 3.58e-05 | gpu 332MB
13:23:00 [train] ep70 step  19/19 | loss 0.0088 (pos 0.062/neg 0.004) | sup 422+/5127- | seedF1 0.672 | subgraph n=5,549 e=16,262 | lr 3.48e-05 | gpu 332MB
13:23:01 ┌────────────────────────────────────────────────────────────────────────────
13:23:01 │ EPOCH  70/80  train_loss 0.0082 (pos 0.060 / neg 0.004)  seedF1 0.672  0.9s  (120457 seeds/s)  eta ~0.2min
13:23:01 │ VAL  AUROC 0.9673 | AUPRC 0.6876 (base 0.0141) | F1 0.6887 (thr 0.853) | P 0.9476 R 0.5410 | MCC 0.7132
13:23:01 │ best AUPRC 0.6931 @ ep60   patience 10/20
13:23:01 └────────────────────────────────────────────────────────────────────────────
13:23:01 [train] ep71 step   1/19 | loss 0.0087 (pos 0.060/neg 0.005) | sup 421+/5349- | seedF1 0.657 | subgraph n=5,770 e=16,822 | lr 3.46e-05 | gpu 332MB
13:23:01 [train] ep71 step   5/19 | loss 0.0084 (pos 0.067/neg 0.004) | sup 406+/5322- | seedF1 0.680 | subgraph n=5,728 e=16,473 | lr 3.38e-05 | gpu 332MB
13:23:01 [train] ep71 step  10/19 | loss 0.0077 (pos 0.061/neg 0.003) | sup 434+/5401- | seedF1 0.675 | subgraph n=5,835 e=17,094 | lr 3.28e-05 | gpu 332MB
13:23:01 [train] ep71 step  15/19 | loss 0.0070 (pos 0.052/neg 0.004) | sup 429+/5834- | seedF1 0.672 | subgraph n=6,263 e=18,142 | lr 3.18e-05 | gpu 332MB
13:23:02 ┌────────────────────────────────────────────────────────────────────────────
13:23:02 │ EPOCH  71/80  train_loss 0.0081 (pos 0.060 / neg 0.004)  seedF1 0.671  0.9s  (119746 seeds/s)  eta ~0.1min
13:23:02 │ VAL  AUROC 0.9672 | AUPRC 0.6875 (base 0.0141) | F1 0.6894 (thr 0.853) | P 0.9540 R 0.5397 | MCC 0.7148
13:23:02 │ best AUPRC 0.6931 @ ep60   patience 9/20
13:23:02 └────────────────────────────────────────────────────────────────────────────
13:23:02 [train] ep72 step   1/19 | loss 0.0069 (pos 0.050/neg 0.004) | sup 414+/5792- | seedF1 0.674 | subgraph n=6,206 e=18,291 | lr 3.09e-05 | gpu 332MB
13:23:02 [train] ep72 step   6/19 | loss 0.0078 (pos 0.064/neg 0.004) | sup 421+/5957- | seedF1 0.692 | subgraph n=6,378 e=18,560 | lr 3.00e-05 | gpu 332MB
13:23:03 [train] ep72 step  11/19 | loss 0.0085 (pos 0.065/neg 0.004) | sup 462+/5713- | seedF1 0.672 | subgraph n=6,175 e=18,165 | lr 2.91e-05 | gpu 332MB
13:23:03 [train] ep72 step  16/19 | loss 0.0082 (pos 0.075/neg 0.003) | sup 403+/5707- | seedF1 0.674 | subgraph n=6,110 e=17,812 | lr 2.83e-05 | gpu 332MB
13:23:04 ┌────────────────────────────────────────────────────────────────────────────
13:23:04 │ EPOCH  72/80  train_loss 0.0081 (pos 0.061 / neg 0.004)  seedF1 0.670  0.9s  (121251 seeds/s)  eta ~0.1min
13:23:04 │ VAL  AUROC 0.9673 | AUPRC 0.6885 (base 0.0141) | F1 0.6899 (thr 0.857) | P 0.9562 R 0.5397 | MCC 0.7157
13:23:04 │ best AUPRC 0.6931 @ ep60   patience 8/20
13:23:04 └────────────────────────────────────────────────────────────────────────────
13:23:04 [train] ep73 step   1/19 | loss 0.0084 (pos 0.062/neg 0.004) | sup 449+/5265- | seedF1 0.693 | subgraph n=5,714 e=16,709 | lr 2.76e-05 | gpu 332MB
13:23:04 [train] ep73 step   2/19 | loss 0.0083 (pos 0.062/neg 0.004) | sup 433+/5557- | seedF1 0.725 | subgraph n=5,990 e=17,389 | lr 2.74e-05 | gpu 332MB
13:23:04 [train] ep73 step   7/19 | loss 0.0078 (pos 0.058/neg 0.004) | sup 440+/5583- | seedF1 0.693 | subgraph n=6,023 e=17,727 | lr 2.66e-05 | gpu 332MB
13:23:04 [train] ep73 step  12/19 | loss 0.0082 (pos 0.060/neg 0.004) | sup 462+/5777- | seedF1 0.695 | subgraph n=6,239 e=18,131 | lr 2.58e-05 | gpu 332MB
13:23:05 [train] ep73 step  17/19 | loss 0.0078 (pos 0.056/neg 0.004) | sup 450+/5518- | seedF1 0.691 | subgraph n=5,968 e=17,212 | lr 2.51e-05 | gpu 332MB
13:23:05 ┌────────────────────────────────────────────────────────────────────────────
13:23:05 │ EPOCH  73/80  train_loss 0.0080 (pos 0.058 / neg 0.004)  seedF1 0.690  0.9s  (119623 seeds/s)  eta ~0.1min
13:23:05 │ VAL  AUROC 0.9678 | AUPRC 0.6933 (base 0.0141) | F1 0.6900 (thr 0.855) | P 0.9606 R 0.5384 | MCC 0.7164
13:23:05 │ best AUPRC 0.6933 @ ep73   ** improved **
13:23:05 └────────────────────────────────────────────────────────────────────────────
13:23:06 [train] ep74 step   1/19 | loss 0.0075 (pos 0.060/neg 0.004) | sup 414+/5997- | seedF1 0.672 | subgraph n=6,411 e=18,649 | lr 2.47e-05 | gpu 332MB
13:23:06 [train] ep74 step   3/19 | loss 0.0077 (pos 0.056/neg 0.004) | sup 436+/5521- | seedF1 0.672 | subgraph n=5,957 e=17,533 | lr 2.44e-05 | gpu 332MB
13:23:06 [train] ep74 step   8/19 | loss 0.0090 (pos 0.070/neg 0.004) | sup 428+/5134- | seedF1 0.678 | subgraph n=5,562 e=16,115 | lr 2.37e-05 | gpu 332MB
13:23:06 [train] ep74 step  13/19 | loss 0.0083 (pos 0.068/neg 0.004) | sup 426+/5558- | seedF1 0.678 | subgraph n=5,984 e=17,661 | lr 2.30e-05 | gpu 332MB
13:23:06 [train] ep74 step  18/19 | loss 0.0066 (pos 0.041/neg 0.004) | sup 421+/5470- | seedF1 0.679 | subgraph n=5,891 e=17,291 | lr 2.23e-05 | gpu 332MB
13:23:07 ┌────────────────────────────────────────────────────────────────────────────
13:23:07 │ EPOCH  74/80  train_loss 0.0079 (pos 0.058 / neg 0.004)  seedF1 0.679  1.0s  (118198 seeds/s)  eta ~0.1min
13:23:07 │ VAL  AUROC 0.9672 | AUPRC 0.6880 (base 0.0141) | F1 0.6894 (thr 0.857) | P 0.9540 R 0.5397 | MCC 0.7148
13:23:07 │ best AUPRC 0.6933 @ ep73   patience 19/20
13:23:07 └────────────────────────────────────────────────────────────────────────────
13:23:07 [train] ep75 step   1/19 | loss 0.0079 (pos 0.055/neg 0.004) | sup 453+/5435- | seedF1 0.658 | subgraph n=5,888 e=16,961 | lr 2.21e-05 | gpu 332MB
13:23:07 [train] ep75 step   4/19 | loss 0.0081 (pos 0.064/neg 0.004) | sup 450+/5964- | seedF1 0.683 | subgraph n=6,414 e=18,406 | lr 2.17e-05 | gpu 332MB
13:23:08 [train] ep75 step   9/19 | loss 0.0076 (pos 0.055/neg 0.004) | sup 411+/5394- | seedF1 0.677 | subgraph n=5,805 e=16,792 | lr 2.11e-05 | gpu 332MB
13:23:08 [train] ep75 step  14/19 | loss 0.0081 (pos 0.060/neg 0.004) | sup 445+/5515- | seedF1 0.677 | subgraph n=5,960 e=17,075 | lr 2.06e-05 | gpu 332MB
13:23:08 [train] ep75 step  19/19 | loss 0.0079 (pos 0.057/neg 0.004) | sup 444+/5441- | seedF1 0.677 | subgraph n=5,885 e=16,990 | lr 2.00e-05 | gpu 332MB
13:23:09 ┌────────────────────────────────────────────────────────────────────────────
13:23:09 │ EPOCH  75/80  train_loss 0.0082 (pos 0.060 / neg 0.004)  seedF1 0.677  0.9s  (121227 seeds/s)  eta ~0.1min
13:23:09 │ VAL  AUROC 0.9678 | AUPRC 0.6895 (base 0.0141) | F1 0.6916 (thr 0.859) | P 0.9585 R 0.5410 | MCC 0.7174
13:23:09 │ best AUPRC 0.6933 @ ep73   patience 18/20
13:23:09 └────────────────────────────────────────────────────────────────────────────
13:23:09 [train] ep76 step   1/19 | loss 0.0078 (pos 0.063/neg 0.003) | sup 422+/5383- | seedF1 0.672 | subgraph n=5,805 e=16,928 | lr 1.99e-05 | gpu 332MB
13:23:09 [train] ep76 step   5/19 | loss 0.0079 (pos 0.058/neg 0.004) | sup 420+/5177- | seedF1 0.664 | subgraph n=5,597 e=16,364 | lr 1.95e-05 | gpu 332MB
13:23:09 [train] ep76 step  10/19 | loss 0.0087 (pos 0.060/neg 0.004) | sup 490+/5462- | seedF1 0.671 | subgraph n=5,952 e=16,987 | lr 1.90e-05 | gpu 332MB
13:23:10 [train] ep76 step  15/19 | loss 0.0076 (pos 0.061/neg 0.004) | sup 430+/5680- | seedF1 0.682 | subgraph n=6,110 e=17,909 | lr 1.86e-05 | gpu 332MB
13:23:10 ┌────────────────────────────────────────────────────────────────────────────
13:23:10 │ EPOCH  76/80  train_loss 0.0079 (pos 0.057 / neg 0.004)  seedF1 0.683  1.0s  (117364 seeds/s)  eta ~0.1min
13:23:10 │ VAL  AUROC 0.9678 | AUPRC 0.6896 (base 0.0141) | F1 0.6916 (thr 0.859) | P 0.9585 R 0.5410 | MCC 0.7174
13:23:10 │ best AUPRC 0.6933 @ ep73   patience 17/20
13:23:10 └────────────────────────────────────────────────────────────────────────────
13:23:10 [train] ep77 step   1/19 | loss 0.0077 (pos 0.054/neg 0.004) | sup 467+/5803- | seedF1 0.749 | subgraph n=6,270 e=18,068 | lr 1.81e-05 | gpu 332MB
13:23:11 [train] ep77 step   6/19 | loss 0.0088 (pos 0.065/neg 0.004) | sup 467+/5570- | seedF1 0.710 | subgraph n=6,037 e=17,439 | lr 1.77e-05 | gpu 332MB
13:23:11 [train] ep77 step  11/19 | loss 0.0091 (pos 0.066/neg 0.004) | sup 450+/5307- | seedF1 0.699 | subgraph n=5,757 e=16,696 | lr 1.74e-05 | gpu 332MB
13:23:11 [train] ep77 step  16/19 | loss 0.0076 (pos 0.071/neg 0.003) | sup 399+/5916- | seedF1 0.692 | subgraph n=6,315 e=18,319 | lr 1.70e-05 | gpu 332MB
13:23:12 ┌────────────────────────────────────────────────────────────────────────────
13:23:12 │ EPOCH  77/80  train_loss 0.0078 (pos 0.057 / neg 0.004)  seedF1 0.695  0.9s  (121143 seeds/s)  eta ~0.0min
13:23:12 │ VAL  AUROC 0.9678 | AUPRC 0.6894 (base 0.0141) | F1 0.6922 (thr 0.858) | P 0.9607 R 0.5410 | MCC 0.7182
13:23:12 │ best AUPRC 0.6933 @ ep73   patience 16/20
13:23:12 └────────────────────────────────────────────────────────────────────────────
13:23:12 [train] ep78 step   1/19 | loss 0.0074 (pos 0.051/neg 0.004) | sup 407+/5200- | seedF1 0.679 | subgraph n=5,607 e=16,284 | lr 1.68e-05 | gpu 332MB
13:23:12 [train] ep78 step   2/19 | loss 0.0078 (pos 0.057/neg 0.004) | sup 421+/5321- | seedF1 0.658 | subgraph n=5,742 e=16,788 | lr 1.67e-05 | gpu 332MB
13:23:12 [train] ep78 step   7/19 | loss 0.0075 (pos 0.053/neg 0.004) | sup 421+/5531- | seedF1 0.667 | subgraph n=5,952 e=17,427 | lr 1.64e-05 | gpu 332MB
13:23:13 [train] ep78 step  12/19 | loss 0.0086 (pos 0.061/neg 0.004) | sup 446+/5206- | seedF1 0.674 | subgraph n=5,652 e=16,669 | lr 1.61e-05 | gpu 332MB
13:23:13 [train] ep78 step  17/19 | loss 0.0077 (pos 0.054/neg 0.004) | sup 431+/5275- | seedF1 0.681 | subgraph n=5,706 e=16,613 | lr 1.59e-05 | gpu 332MB
13:23:14 ┌────────────────────────────────────────────────────────────────────────────
13:23:14 │ EPOCH  78/80  train_loss 0.0078 (pos 0.056 / neg 0.004)  seedF1 0.679  0.9s  (120525 seeds/s)  eta ~0.0min
13:23:14 │ VAL  AUROC 0.9675 | AUPRC 0.6881 (base 0.0141) | F1 0.6889 (thr 0.861) | P 0.9605 R 0.5371 | MCC 0.7155
13:23:14 │ best AUPRC 0.6933 @ ep73   patience 15/20
13:23:14 └────────────────────────────────────────────────────────────────────────────
13:23:14 [train] ep79 step   1/19 | loss 0.0083 (pos 0.065/neg 0.004) | sup 417+/5922- | seedF1 0.649 | subgraph n=6,339 e=18,838 | lr 1.58e-05 | gpu 332MB
13:23:14 [train] ep79 step   3/19 | loss 0.0071 (pos 0.061/neg 0.004) | sup 373+/5885- | seedF1 0.663 | subgraph n=6,258 e=18,235 | lr 1.57e-05 | gpu 332MB
13:23:14 [train] ep79 step   8/19 | loss 0.0082 (pos 0.061/neg 0.004) | sup 414+/5122- | seedF1 0.666 | subgraph n=5,536 e=16,428 | lr 1.55e-05 | gpu 332MB
13:23:14 [train] ep79 step  13/19 | loss 0.0088 (pos 0.060/neg 0.004) | sup 450+/5339- | seedF1 0.663 | subgraph n=5,789 e=16,922 | lr 1.54e-05 | gpu 332MB
13:23:15 [train] ep79 step  18/19 | loss 0.0070 (pos 0.045/neg 0.004) | sup 426+/5285- | seedF1 0.670 | subgraph n=5,711 e=16,445 | lr 1.52e-05 | gpu 332MB
13:23:15 ┌────────────────────────────────────────────────────────────────────────────
13:23:15 │ EPOCH  79/80  train_loss 0.0079 (pos 0.058 / neg 0.004)  seedF1 0.671  0.9s  (119459 seeds/s)  eta ~0.0min
13:23:15 │ VAL  AUROC 0.9676 | AUPRC 0.6894 (base 0.0141) | F1 0.6900 (thr 0.847) | P 0.9217 R 0.5514 | MCC 0.7100
13:23:15 │ best AUPRC 0.6933 @ ep73   patience 14/20
13:23:15 └────────────────────────────────────────────────────────────────────────────
13:23:15 [train] ep80 step   1/19 | loss 0.0077 (pos 0.056/neg 0.004) | sup 457+/5511- | seedF1 0.655 | subgraph n=5,968 e=17,276 | lr 1.52e-05 | gpu 332MB
13:23:16 [train] ep80 step   4/19 | loss 0.0077 (pos 0.057/neg 0.004) | sup 424+/5325- | seedF1 0.686 | subgraph n=5,749 e=16,729 | lr 1.51e-05 | gpu 332MB
13:23:16 [train] ep80 step   9/19 | loss 0.0081 (pos 0.062/neg 0.004) | sup 380+/5584- | seedF1 0.682 | subgraph n=5,964 e=17,060 | lr 1.51e-05 | gpu 332MB
13:23:16 [train] ep80 step  14/19 | loss 0.0068 (pos 0.052/neg 0.003) | sup 433+/5911- | seedF1 0.693 | subgraph n=6,344 e=18,348 | lr 1.50e-05 | gpu 332MB
13:23:16 [train] ep80 step  19/19 | loss 0.0080 (pos 0.063/neg 0.004) | sup 421+/5653- | seedF1 0.691 | subgraph n=6,074 e=17,699 | lr 1.50e-05 | gpu 332MB
13:23:17 ┌────────────────────────────────────────────────────────────────────────────
13:23:17 │ EPOCH  80/80  train_loss 0.0079 (pos 0.059 / neg 0.004)  seedF1 0.691  0.9s  (120110 seeds/s)  eta ~0.0min
13:23:17 │ VAL  AUROC 0.9675 | AUPRC 0.6884 (base 0.0141) | F1 0.6888 (thr 0.847) | P 0.9140 R 0.5527 | MCC 0.7078
13:23:17 │ best AUPRC 0.6933 @ ep73   patience 13/20
13:23:17 └────────────────────────────────────────────────────────────────────────────
13:23:18 [eval] loaded checkpoint runs\20260807_132103_exp4_bidir_alpha85\best.pt (epoch 73)
13:23:19 ── VALIDATION ────────────────────────────────────────────────────
  events=54,356  positives=769  pos_rate=1.41%
  ranking:   AUROC=0.9678   AUPRC=0.6933   (baseline AP=0.0141, lift x49.0)
  @thr=0.855:  F1=0.6900   P=0.9606   R=0.5384   MCC=0.7164
  @thr=0.50:  F1=0.3072
  confusion: TN=53,570  FP=17  FN=355  TP=414
  triage:    precision@K(=n_pos)=0.6177  (lift x43.7 over random)
──────────────────────────────────────────────────────────────────
13:23:19 ── TEST ──────────────────────────────────────────────────────────
  events=60,664  positives=779  pos_rate=1.28%
  ranking:   AUROC=0.9766   AUPRC=0.6990   (baseline AP=0.0128, lift x54.4)
  @thr=0.855:  F1=0.6907   P=0.9568   R=0.5404   MCC=0.7166
  @thr=0.50:  F1=0.3071
  confusion: TN=59,866  FP=19  FN=358  TP=421
  triage:    precision@K(=n_pos)=0.6290  (lift x49.0 over random)
──────────────────────────────────────────────────────────────────
13:23:19 [eval] mean attention per edge, per provenance relation (what the model leans on, normalised for edge volume):
13:23:19 [eval]   NET_TRIGGER       19.2%  #######
13:23:19 [eval]   CONFIG_TRIGGER    18.4%  #######
13:23:19 [eval]   PROCESS_CHILD     17.4%  ######
13:23:19 [eval]   SESSION_ACTION    15.4%  ######
13:23:19 [eval]   HOST_SEQUENCE     15.2%  ######
13:23:19 [eval]   USER_SEQUENCE     14.4%  #####
13:23:19 ── TEST (alt operating point: recall) ────────────────────────────
  events=60,664  positives=779  pos_rate=1.28%
  ranking:   AUROC=0.9766   AUPRC=0.6990   (baseline AP=0.0128, lift x54.4)
  @thr=0.377:  F1=0.2212   P=0.1257   R=0.9217   MCC=0.3231
  @thr=0.50:  F1=0.3071
  confusion: TN=54,890  FP=4,995  FN=61  TP=718
  triage:    precision@K(=n_pos)=0.6290  (lift x49.0 over random)
──────────────────────────────────────────────────────────────────
13:23:19 [eval] rewire ablation: permuting edge destinations (degrees kept, topology destroyed) ...
13:23:26 ── TEST (REWIRE ablation) ────────────────────────────────────────
  events=60,664  positives=779  pos_rate=1.28%
  ranking:   AUROC=0.7651   AUPRC=0.2308   (baseline AP=0.0128, lift x18.0)
  @thr=0.855:  F1=0.2126   P=0.6853   R=0.1258   MCC=0.2903
  @thr=0.50:  F1=0.1769
  confusion: TN=59,840  FP=45  FN=681  TP=98
  triage:    precision@K(=n_pos)=0.2773  (lift x21.6 over random)
──────────────────────────────────────────────────────────────────
13:23:26 [eval] AUPRC drop from rewiring: 0.6990 -> 0.2308  (delta +0.4681). Model depends on graph structure as intended.
13:23:27 [eval] report -> runs\20260807_132103_exp4_bidir_alpha85\eval_report.json
13:23:27 [mlp ] training feature-only baseline (no edges) ...
13:23:29 [mlp ] ep 1 val AUPRC 0.3198  AUROC 0.8926  F1 0.3650
13:23:38 [mlp ] ep 5 val AUPRC 0.4536  AUROC 0.8971  F1 0.4826
13:23:49 [mlp ] ep10 val AUPRC 0.4790  AUROC 0.8871  F1 0.5087
13:24:01 [mlp ] ep15 val AUPRC 0.4626  AUROC 0.8697  F1 0.5038
13:24:12 [mlp ] ep20 val AUPRC 0.4605  AUROC 0.8635  F1 0.5066
13:24:23 [mlp ] ep25 val AUPRC 0.4405  AUROC 0.8534  F1 0.4982
13:24:23 ── TEST (MLP feature-only baseline) ──────────────────────────────
  events=60,664  positives=779  pos_rate=1.28%
  ranking:   AUROC=0.8867   AUPRC=0.5349   (baseline AP=0.0128, lift x41.7)
  @thr=0.892:  F1=0.5745   P=0.8175   R=0.4429   MCC=0.5982
  @thr=0.50:  F1=0.0474
  confusion: TN=59,808  FP=77  FN=434  TP=345
  triage:    precision@K(=n_pos)=0.5225  (lift x40.7 over random)
──────────────────────────────────────────────────────────────────
13:24:23 ── TEST (MLP baseline, alt operating point: recall) ──────────────
  events=60,664  positives=779  pos_rate=1.28%
  ranking:   AUROC=0.8867   AUPRC=0.5349   (baseline AP=0.0128, lift x41.7)
  @thr=0.564:  F1=0.0560   P=0.0289   R=0.8935   MCC=0.1158
  @thr=0.50:  F1=0.0474
  confusion: TN=36,521  FP=23,364  FN=83  TP=696
  triage:    precision@K(=n_pos)=0.5225  (lift x40.7 over random)
──────────────────────────────────────────────────────────────────
13:24:23 [run ] Compare: if RGAT test AUPRC >> MLP AUPRC, the model is reading TOPOLOGY, not just features — exactly the point of event-centric provenance graphs.
13:24:23 [run ] done.
