13:08:21 ==============================================================================
13:08:21 EVENT-PROVENANCE RGAT  |  focal loss  |  neighbourhood sampling
13:08:21 ==============================================================================
13:08:21 ==============================================================================
EVENT-PROVENANCE SCHEMA (KQL contract)
==============================================================================
event types (6):  SignIn, ProcessCreate, NetworkConnection, FileActivity, SystemConfig, DnsQuery
relations   (6):  PROCESS_CHILD, SESSION_ACTION, HOST_SEQUENCE, USER_SEQUENCE, NET_TRIGGER, CONFIG_TRIGGER
------------------------------------------------------------------------------
feature block             offset   dim  kind
etype_onehot                   0     6  onehot
hour_sin_cos                   6     2  dense
dow_sin_cos                    8     2  dense
host_role_onehot              10     6  onehot
os_onehot                     16     2  onehot
user_role_onehot              18     3  onehot
auth_flags                    21     4  dense
integrity_onehot              25     3  onehot
net_flags                     28     2  dense
protocol_onehot               30     3  onehot
port_class_onehot             33     4  onehot
log_bytes                     37     1  dense
process_cat_onehot            38    14  onehot
file_cat_onehot               52     9  onehot
file_action_onehot            61     4  onehot
config_kind_onehot            65     5  onehot
dns_feats                     70     2  dense
cmdline_feats                 72     6  dense
TOTAL node features                 78
edge features: 8  (log_dt_min + dt bucket onehot + log_bytes)
==============================================================================
13:08:21 [run ] run dir: runs\20260807_130821_exp2_bidir
13:08:21 [env ] CUDA device: NVIDIA GeForce RTX 5060  VRAM 8.0 GB  torch 2.13.0+cu132
13:08:21 [data] loading cached dataset from data\graph_d34b2d9b067a.pt
13:08:21 [data]   nodes=402,064
[data]   PROCESS_CHILD    edges=   44,696
[data]   SESSION_ACTION   edges=   24,079
[data]   HOST_SEQUENCE    edges=  292,980
[data]   USER_SEQUENCE    edges=  315,563
[data]   NET_TRIGGER      edges=    8,158
[data]   CONFIG_TRIGGER   edges=    4,135
[data]   split train: nodes= 275,273  positive= 2,367  pos_rate=0.86%
[data]   split val  : nodes=  54,356  positive=   769  pos_rate=1.41%
[data]   split test : nodes=  60,664  positive=   779  pos_rate=1.28%
13:08:22 [model] EventProvenanceRGAT  layers=4 hidden=96 heads=4 params=281,041
13:08:22 [loss ] focal loss  gamma=2.0 alpha=0.75
13:08:22 [thr  ] threshold policy: f1
13:08:22 [train] 80 epochs x 19 steps (seeds/batch=512, pos=128/neg=384)
13:08:22 [train] ep 1 step   1/19 | loss 0.0464 (pos 0.154/neg 0.038) | sup 466+/5755- | seedF1 0.369 | subgraph n=6,221 e=17,983 | lr 3.07e-05 | gpu 319MB
13:08:23 [train] ep 1 step   5/19 | loss 0.0461 (pos 0.160/neg 0.036) | sup 459+/5182- | seedF1 0.374 | subgraph n=5,641 e=16,312 | lr 3.34e-05 | gpu 319MB
13:08:23 [train] ep 1 step  10/19 | loss 0.0435 (pos 0.167/neg 0.034) | sup 446+/5611- | seedF1 0.331 | subgraph n=6,057 e=17,750 | lr 3.67e-05 | gpu 327MB
13:08:23 [train] ep 1 step  15/19 | loss 0.0426 (pos 0.176/neg 0.032) | sup 463+/5594- | seedF1 0.300 | subgraph n=6,057 e=17,795 | lr 4.01e-05 | gpu 327MB
13:08:24 ┌────────────────────────────────────────────────────────────────────────────
13:08:24 │ EPOCH   1/80  train_loss 0.0436 (pos 0.169 / neg 0.034)  seedF1 0.274  1.6s  (70733 seeds/s)  eta ~2.1min
13:08:24 │ VAL  AUROC 0.7011 | AUPRC 0.0435 (base 0.0141) | F1 0.1135 (thr 0.486) | P 0.1015 R 0.1287 | MCC 0.1000
13:08:24 │ best AUPRC 0.0435 @ ep1   ** improved **
13:08:24 └────────────────────────────────────────────────────────────────────────────
13:08:24 [train] ep 2 step   1/19 | loss 0.0403 (pos 0.186/neg 0.029) | sup 425+/5403- | seedF1 0.278 | subgraph n=5,828 e=16,935 | lr 4.35e-05 | gpu 327MB
13:08:24 [train] ep 2 step   6/19 | loss 0.0400 (pos 0.203/neg 0.027) | sup 433+/5257- | seedF1 0.228 | subgraph n=5,690 e=16,523 | lr 4.69e-05 | gpu 327MB
13:08:25 [train] ep 2 step  11/19 | loss 0.0387 (pos 0.213/neg 0.025) | sup 452+/5533- | seedF1 0.189 | subgraph n=5,985 e=17,381 | lr 5.03e-05 | gpu 327MB
13:08:25 [train] ep 2 step  16/19 | loss 0.0379 (pos 0.228/neg 0.023) | sup 441+/5457- | seedF1 0.167 | subgraph n=5,898 e=17,117 | lr 5.36e-05 | gpu 327MB
13:08:26 ┌────────────────────────────────────────────────────────────────────────────
13:08:26 │ EPOCH   2/80  train_loss 0.0387 (pos 0.210 / neg 0.025)  seedF1 0.157  0.9s  (119470 seeds/s)  eta ~1.2min
13:08:26 │ VAL  AUROC 0.8068 | AUPRC 0.1240 (base 0.0141) | F1 0.1893 (thr 0.443) | P 0.1620 R 0.2276 | MCC 0.1783
13:08:26 │ best AUPRC 0.1240 @ ep2   ** improved **
13:08:26 └────────────────────────────────────────────────────────────────────────────
13:08:26 [train] ep 3 step   1/19 | loss 0.0368 (pos 0.234/neg 0.021) | sup 437+/5592- | seedF1 0.380 | subgraph n=6,029 e=17,362 | lr 5.63e-05 | gpu 327MB
13:08:26 [train] ep 3 step   2/19 | loss 0.0350 (pos 0.233/neg 0.021) | sup 412+/5716- | seedF1 0.381 | subgraph n=6,128 e=18,101 | lr 5.70e-05 | gpu 327MB
13:08:26 [train] ep 3 step   7/19 | loss 0.0346 (pos 0.232/neg 0.019) | sup 438+/5702- | seedF1 0.378 | subgraph n=6,140 e=17,981 | lr 6.04e-05 | gpu 327MB
13:08:26 [train] ep 3 step  12/19 | loss 0.0341 (pos 0.249/neg 0.018) | sup 433+/5728- | seedF1 0.369 | subgraph n=6,161 e=17,890 | lr 6.38e-05 | gpu 327MB
13:08:27 [train] ep 3 step  17/19 | loss 0.0336 (pos 0.244/neg 0.017) | sup 431+/5505- | seedF1 0.366 | subgraph n=5,936 e=17,418 | lr 6.71e-05 | gpu 327MB
13:08:27 ┌────────────────────────────────────────────────────────────────────────────
13:08:27 │ EPOCH   3/80  train_loss 0.0347 (pos 0.240 / neg 0.019)  seedF1 0.370  0.9s  (120662 seeds/s)  eta ~1.2min
13:08:27 │ VAL  AUROC 0.8677 | AUPRC 0.1650 (base 0.0141) | F1 0.2176 (thr 0.463) | P 0.2548 R 0.1899 | MCC 0.2103
13:08:27 │ best AUPRC 0.1650 @ ep3   ** improved **
13:08:27 └────────────────────────────────────────────────────────────────────────────
13:08:27 [train] ep 4 step   1/19 | loss 0.0324 (pos 0.244/neg 0.017) | sup 407+/5439- | seedF1 0.238 | subgraph n=5,846 e=16,888 | lr 6.92e-05 | gpu 327MB
13:08:27 [train] ep 4 step   3/19 | loss 0.0336 (pos 0.245/neg 0.016) | sup 448+/5436- | seedF1 0.264 | subgraph n=5,884 e=17,189 | lr 7.05e-05 | gpu 327MB
13:08:28 [train] ep 4 step   8/19 | loss 0.0311 (pos 0.229/neg 0.016) | sup 443+/5679- | seedF1 0.324 | subgraph n=6,122 e=17,895 | lr 7.39e-05 | gpu 327MB
13:08:28 [train] ep 4 step  13/19 | loss 0.0323 (pos 0.227/neg 0.016) | sup 462+/5393- | seedF1 0.359 | subgraph n=5,855 e=17,199 | lr 7.72e-05 | gpu 327MB
13:08:28 [train] ep 4 step  18/19 | loss 0.0328 (pos 0.227/neg 0.015) | sup 494+/5445- | seedF1 0.395 | subgraph n=5,939 e=17,126 | lr 8.06e-05 | gpu 327MB
13:08:29 ┌────────────────────────────────────────────────────────────────────────────
13:08:29 │ EPOCH   4/80  train_loss 0.0319 (pos 0.235 / neg 0.016)  seedF1 0.402  1.0s  (119548 seeds/s)  eta ~1.2min
13:08:29 │ VAL  AUROC 0.8701 | AUPRC 0.1267 (base 0.0141) | F1 0.2038 (thr 0.527) | P 0.1630 R 0.2718 | MCC 0.1959
13:08:29 │ best AUPRC 0.1650 @ ep3   patience 19/20
13:08:29 └────────────────────────────────────────────────────────────────────────────
13:08:29 [train] ep 5 step   1/19 | loss 0.0300 (pos 0.222/neg 0.015) | sup 446+/5558- | seedF1 0.162 | subgraph n=6,004 e=17,701 | lr 8.20e-05 | gpu 327MB
13:08:29 [train] ep 5 step   4/19 | loss 0.0288 (pos 0.216/neg 0.015) | sup 432+/5744- | seedF1 0.227 | subgraph n=6,176 e=17,888 | lr 8.40e-05 | gpu 327MB
13:08:29 [train] ep 5 step   9/19 | loss 0.0280 (pos 0.215/neg 0.014) | sup 427+/5696- | seedF1 0.274 | subgraph n=6,123 e=17,647 | lr 8.74e-05 | gpu 327MB
13:08:30 [train] ep 5 step  14/19 | loss 0.0277 (pos 0.212/neg 0.013) | sup 407+/5145- | seedF1 0.317 | subgraph n=5,552 e=16,102 | lr 9.07e-05 | gpu 327MB
13:08:30 [train] ep 5 step  19/19 | loss 0.0254 (pos 0.201/neg 0.012) | sup 422+/5717- | seedF1 0.351 | subgraph n=6,139 e=17,598 | lr 9.41e-05 | gpu 327MB
13:08:31 ┌────────────────────────────────────────────────────────────────────────────
13:08:31 │ EPOCH   5/80  train_loss 0.0283 (pos 0.216 / neg 0.014)  seedF1 0.351  1.0s  (116467 seeds/s)  eta ~1.2min
13:08:31 │ VAL  AUROC 0.8920 | AUPRC 0.2206 (base 0.0141) | F1 0.2460 (thr 0.573) | P 0.1893 R 0.3511 | MCC 0.2435
13:08:31 │ best AUPRC 0.2206 @ ep5   ** improved **
13:08:31 └────────────────────────────────────────────────────────────────────────────
13:08:31 [train] ep 6 step   1/19 | loss 0.0273 (pos 0.218/neg 0.012) | sup 434+/5480- | seedF1 0.168 | subgraph n=5,914 e=17,223 | lr 9.48e-05 | gpu 327MB
13:08:31 [train] ep 6 step   5/19 | loss 0.0286 (pos 0.209/neg 0.012) | sup 463+/5115- | seedF1 0.251 | subgraph n=5,578 e=15,992 | lr 9.75e-05 | gpu 327MB
13:08:31 [train] ep 6 step  10/19 | loss 0.0252 (pos 0.205/neg 0.012) | sup 437+/5850- | seedF1 0.294 | subgraph n=6,287 e=18,157 | lr 1.01e-04 | gpu 327MB
13:08:31 [train] ep 6 step  15/19 | loss 0.0261 (pos 0.193/neg 0.012) | sup 434+/5026- | seedF1 0.343 | subgraph n=5,460 e=16,106 | lr 1.04e-04 | gpu 327MB
13:08:32 ┌────────────────────────────────────────────────────────────────────────────
13:08:32 │ EPOCH   6/80  train_loss 0.0259 (pos 0.202 / neg 0.012)  seedF1 0.373  1.0s  (117295 seeds/s)  eta ~1.2min
13:08:32 │ VAL  AUROC 0.9135 | AUPRC 0.2962 (base 0.0141) | F1 0.3094 (thr 0.626) | P 0.2757 R 0.3524 | MCC 0.3005
13:08:32 │ best AUPRC 0.2962 @ ep6   ** improved **
13:08:32 └────────────────────────────────────────────────────────────────────────────
13:08:32 [train] ep 7 step   1/19 | loss 0.0259 (pos 0.203/neg 0.011) | sup 465+/5535- | seedF1 0.259 | subgraph n=6,000 e=17,192 | lr 1.08e-04 | gpu 327MB
13:08:33 [train] ep 7 step   6/19 | loss 0.0239 (pos 0.181/neg 0.011) | sup 477+/5649- | seedF1 0.285 | subgraph n=6,126 e=17,697 | lr 1.11e-04 | gpu 327MB
13:08:33 [train] ep 7 step  11/19 | loss 0.0226 (pos 0.195/neg 0.010) | sup 429+/5902- | seedF1 0.317 | subgraph n=6,331 e=18,277 | lr 1.14e-04 | gpu 327MB
13:08:33 [train] ep 7 step  16/19 | loss 0.0225 (pos 0.186/neg 0.009) | sup 458+/5675- | seedF1 0.350 | subgraph n=6,133 e=17,753 | lr 1.18e-04 | gpu 327MB
13:08:34 ┌────────────────────────────────────────────────────────────────────────────
13:08:34 │ EPOCH   7/80  train_loss 0.0228 (pos 0.185 / neg 0.010)  seedF1 0.359  0.9s  (122434 seeds/s)  eta ~1.1min
13:08:34 │ VAL  AUROC 0.9268 | AUPRC 0.3460 (base 0.0141) | F1 0.3582 (thr 0.679) | P 0.3715 R 0.3459 | MCC 0.3496
13:08:34 │ best AUPRC 0.3460 @ ep7   ** improved **
13:08:34 └────────────────────────────────────────────────────────────────────────────
13:08:34 [train] ep 8 step   1/19 | loss 0.0231 (pos 0.187/neg 0.009) | sup 442+/5315- | seedF1 0.203 | subgraph n=5,757 e=16,839 | lr 1.20e-04 | gpu 327MB
13:08:34 [train] ep 8 step   2/19 | loss 0.0216 (pos 0.168/neg 0.009) | sup 475+/5592- | seedF1 0.212 | subgraph n=6,067 e=17,628 | lr 1.21e-04 | gpu 327MB
13:08:34 [train] ep 8 step   7/19 | loss 0.0218 (pos 0.179/neg 0.009) | sup 439+/5458- | seedF1 0.275 | subgraph n=5,897 e=17,298 | lr 1.24e-04 | gpu 328MB
13:08:35 [train] ep 8 step  12/19 | loss 0.0214 (pos 0.190/neg 0.010) | sup 401+/5717- | seedF1 0.299 | subgraph n=6,118 e=17,827 | lr 1.28e-04 | gpu 328MB
13:08:35 [train] ep 8 step  17/19 | loss 0.0202 (pos 0.154/neg 0.010) | sup 419+/5423- | seedF1 0.311 | subgraph n=5,842 e=17,195 | lr 1.31e-04 | gpu 328MB
13:08:36 ┌────────────────────────────────────────────────────────────────────────────
13:08:36 │ EPOCH   8/80  train_loss 0.0210 (pos 0.172 / neg 0.009)  seedF1 0.309  0.9s  (120817 seeds/s)  eta ~1.1min
13:08:36 │ VAL  AUROC 0.9364 | AUPRC 0.4241 (base 0.0141) | F1 0.4402 (thr 0.710) | P 0.5312 R 0.3758 | MCC 0.4402
13:08:36 │ best AUPRC 0.4241 @ ep8   ** improved **
13:08:36 └────────────────────────────────────────────────────────────────────────────
13:08:36 [train] ep 9 step   1/19 | loss 0.0210 (pos 0.155/neg 0.009) | sup 464+/5336- | seedF1 0.280 | subgraph n=5,800 e=16,767 | lr 1.33e-04 | gpu 328MB
13:08:36 [train] ep 9 step   3/19 | loss 0.0200 (pos 0.153/neg 0.009) | sup 454+/5580- | seedF1 0.301 | subgraph n=6,034 e=17,457 | lr 1.35e-04 | gpu 328MB
13:08:36 [train] ep 9 step   8/19 | loss 0.0216 (pos 0.163/neg 0.010) | sup 449+/5502- | seedF1 0.305 | subgraph n=5,951 e=17,169 | lr 1.38e-04 | gpu 328MB
13:08:36 [train] ep 9 step  13/19 | loss 0.0200 (pos 0.160/neg 0.009) | sup 450+/5544- | seedF1 0.322 | subgraph n=5,994 e=17,855 | lr 1.41e-04 | gpu 328MB
13:08:37 [train] ep 9 step  18/19 | loss 0.0203 (pos 0.159/neg 0.008) | sup 447+/5150- | seedF1 0.323 | subgraph n=5,597 e=16,550 | lr 1.45e-04 | gpu 328MB
13:08:37 ┌────────────────────────────────────────────────────────────────────────────
13:08:37 │ EPOCH   9/80  train_loss 0.0201 (pos 0.161 / neg 0.009)  seedF1 0.324  0.9s  (119200 seeds/s)  eta ~1.1min
13:08:37 │ VAL  AUROC 0.9402 | AUPRC 0.4667 (base 0.0141) | F1 0.4671 (thr 0.733) | P 0.6643 R 0.3602 | MCC 0.4840
13:08:37 │ best AUPRC 0.4667 @ ep9   ** improved **
13:08:37 └────────────────────────────────────────────────────────────────────────────
13:08:37 [train] ep10 step   1/19 | loss 0.0177 (pos 0.138/neg 0.008) | sup 453+/5738- | seedF1 0.290 | subgraph n=6,191 e=18,070 | lr 1.46e-04 | gpu 328MB
13:08:38 [train] ep10 step   4/19 | loss 0.0176 (pos 0.134/neg 0.008) | sup 455+/5652- | seedF1 0.329 | subgraph n=6,107 e=17,858 | lr 1.48e-04 | gpu 328MB
13:08:38 [train] ep10 step   9/19 | loss 0.0195 (pos 0.158/neg 0.009) | sup 418+/5352- | seedF1 0.328 | subgraph n=5,770 e=16,693 | lr 1.51e-04 | gpu 328MB
13:08:38 [train] ep10 step  14/19 | loss 0.0189 (pos 0.147/neg 0.008) | sup 451+/5537- | seedF1 0.330 | subgraph n=5,988 e=17,578 | lr 1.55e-04 | gpu 328MB
13:08:38 [train] ep10 step  19/19 | loss 0.0178 (pos 0.147/neg 0.008) | sup 427+/5697- | seedF1 0.335 | subgraph n=6,124 e=17,774 | lr 1.58e-04 | gpu 328MB
13:08:39 ┌────────────────────────────────────────────────────────────────────────────
13:08:39 │ EPOCH  10/80  train_loss 0.0188 (pos 0.150 / neg 0.008)  seedF1 0.335  1.0s  (119826 seeds/s)  eta ~1.1min
13:08:39 │ VAL  AUROC 0.9403 | AUPRC 0.4946 (base 0.0141) | F1 0.4977 (thr 0.744) | P 0.6079 R 0.4213 | MCC 0.5003
13:08:39 │ best AUPRC 0.4946 @ ep10   ** improved **
13:08:39 └────────────────────────────────────────────────────────────────────────────
13:08:39 [train] ep11 step   1/19 | loss 0.0178 (pos 0.135/neg 0.008) | sup 445+/5363- | seedF1 0.458 | subgraph n=5,808 e=16,883 | lr 1.59e-04 | gpu 328MB
13:08:39 [train] ep11 step   5/19 | loss 0.0168 (pos 0.134/neg 0.008) | sup 397+/5400- | seedF1 0.405 | subgraph n=5,797 e=16,824 | lr 1.62e-04 | gpu 328MB
13:08:40 [train] ep11 step  10/19 | loss 0.0169 (pos 0.129/neg 0.008) | sup 430+/5225- | seedF1 0.404 | subgraph n=5,655 e=16,542 | lr 1.65e-04 | gpu 328MB
13:08:40 [train] ep11 step  15/19 | loss 0.0174 (pos 0.130/neg 0.008) | sup 457+/5665- | seedF1 0.407 | subgraph n=6,122 e=17,631 | lr 1.68e-04 | gpu 328MB
13:08:41 ┌────────────────────────────────────────────────────────────────────────────
13:08:41 │ EPOCH  11/80  train_loss 0.0178 (pos 0.138 / neg 0.008)  seedF1 0.417  0.9s  (120646 seeds/s)  eta ~1.1min
13:08:41 │ VAL  AUROC 0.9476 | AUPRC 0.5370 (base 0.0141) | F1 0.5294 (thr 0.741) | P 0.6402 R 0.4512 | MCC 0.5320
13:08:41 │ best AUPRC 0.5370 @ ep11   ** improved **
13:08:41 └────────────────────────────────────────────────────────────────────────────
13:08:41 [train] ep12 step   1/19 | loss 0.0187 (pos 0.170/neg 0.008) | sup 421+/5706- | seedF1 0.441 | subgraph n=6,127 e=17,908 | lr 1.72e-04 | gpu 328MB
13:08:41 [train] ep12 step   6/19 | loss 0.0179 (pos 0.159/neg 0.007) | sup 409+/5366- | seedF1 0.424 | subgraph n=5,775 e=16,840 | lr 1.75e-04 | gpu 329MB
13:08:41 [train] ep12 step  11/19 | loss 0.0182 (pos 0.129/neg 0.009) | sup 444+/5573- | seedF1 0.435 | subgraph n=6,017 e=17,382 | lr 1.78e-04 | gpu 329MB
13:08:42 [train] ep12 step  16/19 | loss 0.0157 (pos 0.117/neg 0.008) | sup 420+/5572- | seedF1 0.455 | subgraph n=5,992 e=17,370 | lr 1.82e-04 | gpu 329MB
13:08:42 ┌────────────────────────────────────────────────────────────────────────────
13:08:42 │ EPOCH  12/80  train_loss 0.0175 (pos 0.145 / neg 0.008)  seedF1 0.461  1.0s  (120467 seeds/s)  eta ~1.1min
13:08:42 │ VAL  AUROC 0.9483 | AUPRC 0.5537 (base 0.0141) | F1 0.5451 (thr 0.757) | P 0.7901 R 0.4161 | MCC 0.5693
13:08:42 │ best AUPRC 0.5537 @ ep12   ** improved **
13:08:42 └────────────────────────────────────────────────────────────────────────────
13:08:42 [train] ep13 step   1/19 | loss 0.0156 (pos 0.128/neg 0.007) | sup 428+/5590- | seedF1 0.472 | subgraph n=6,018 e=17,570 | lr 1.85e-04 | gpu 329MB
13:08:42 [train] ep13 step   2/19 | loss 0.0161 (pos 0.129/neg 0.007) | sup 446+/5473- | seedF1 0.444 | subgraph n=5,919 e=17,278 | lr 1.85e-04 | gpu 329MB
13:08:43 [train] ep13 step   7/19 | loss 0.0176 (pos 0.152/neg 0.008) | sup 399+/5341- | seedF1 0.444 | subgraph n=5,740 e=16,893 | lr 1.89e-04 | gpu 329MB
13:08:43 [train] ep13 step  12/19 | loss 0.0175 (pos 0.141/neg 0.007) | sup 463+/5603- | seedF1 0.467 | subgraph n=6,066 e=17,409 | lr 1.92e-04 | gpu 329MB
13:08:43 [train] ep13 step  17/19 | loss 0.0173 (pos 0.130/neg 0.008) | sup 428+/5271- | seedF1 0.480 | subgraph n=5,699 e=16,692 | lr 1.95e-04 | gpu 329MB
13:08:44 ┌────────────────────────────────────────────────────────────────────────────
13:08:44 │ EPOCH  13/80  train_loss 0.0169 (pos 0.135 / neg 0.007)  seedF1 0.479  0.9s  (120598 seeds/s)  eta ~1.0min
13:08:44 │ VAL  AUROC 0.9500 | AUPRC 0.5550 (base 0.0141) | F1 0.5495 (thr 0.786) | P 0.8138 R 0.4148 | MCC 0.5771
13:08:44 │ best AUPRC 0.5550 @ ep13   ** improved **
13:08:44 └────────────────────────────────────────────────────────────────────────────
13:08:44 [train] ep14 step   1/19 | loss 0.0152 (pos 0.116/neg 0.008) | sup 424+/5596- | seedF1 0.523 | subgraph n=6,020 e=17,409 | lr 1.97e-04 | gpu 329MB
13:08:44 [train] ep14 step   3/19 | loss 0.0163 (pos 0.129/neg 0.008) | sup 413+/5368- | seedF1 0.481 | subgraph n=5,781 e=16,896 | lr 1.99e-04 | gpu 329MB
13:08:44 [train] ep14 step   8/19 | loss 0.0152 (pos 0.122/neg 0.007) | sup 439+/5676- | seedF1 0.466 | subgraph n=6,115 e=17,974 | lr 2.02e-04 | gpu 329MB
13:08:45 [train] ep14 step  13/19 | loss 0.0155 (pos 0.128/neg 0.007) | sup 408+/5463- | seedF1 0.478 | subgraph n=5,871 e=16,948 | lr 2.05e-04 | gpu 329MB
13:08:45 [train] ep14 step  18/19 | loss 0.0162 (pos 0.125/neg 0.007) | sup 448+/5400- | seedF1 0.474 | subgraph n=5,848 e=16,844 | lr 2.09e-04 | gpu 329MB
13:08:46 ┌────────────────────────────────────────────────────────────────────────────
13:08:46 │ EPOCH  14/80  train_loss 0.0159 (pos 0.131 / neg 0.007)  seedF1 0.478  0.9s  (120968 seeds/s)  eta ~1.0min
13:08:46 │ VAL  AUROC 0.9535 | AUPRC 0.5723 (base 0.0141) | F1 0.5605 (thr 0.779) | P 0.8474 R 0.4187 | MCC 0.5920
13:08:46 │ best AUPRC 0.5723 @ ep14   ** improved **
13:08:46 └────────────────────────────────────────────────────────────────────────────
13:08:46 [train] ep15 step   1/19 | loss 0.0172 (pos 0.149/neg 0.007) | sup 421+/5454- | seedF1 0.522 | subgraph n=5,875 e=16,998 | lr 2.10e-04 | gpu 329MB
13:08:47 [train] ep15 step   4/19 | loss 0.0167 (pos 0.120/neg 0.007) | sup 518+/5779- | seedF1 0.524 | subgraph n=6,297 e=18,376 | lr 2.12e-04 | gpu 329MB
13:08:47 [train] ep15 step   9/19 | loss 0.0164 (pos 0.124/neg 0.008) | sup 442+/5376- | seedF1 0.526 | subgraph n=5,818 e=16,989 | lr 2.16e-04 | gpu 329MB
13:08:47 [train] ep15 step  14/19 | loss 0.0158 (pos 0.136/neg 0.006) | sup 413+/5147- | seedF1 0.509 | subgraph n=5,560 e=16,059 | lr 2.19e-04 | gpu 329MB
13:08:48 [train] ep15 step  19/19 | loss 0.0156 (pos 0.111/neg 0.008) | sup 452+/5413- | seedF1 0.518 | subgraph n=5,865 e=17,210 | lr 2.22e-04 | gpu 329MB
13:08:48 ┌────────────────────────────────────────────────────────────────────────────
13:08:48 │ EPOCH  15/80  train_loss 0.0157 (pos 0.125 / neg 0.007)  seedF1 0.518  1.2s  (96235 seeds/s)  eta ~1.3min
13:08:48 │ VAL  AUROC 0.9509 | AUPRC 0.5599 (base 0.0141) | F1 0.5539 (thr 0.825) | P 0.8495 R 0.4109 | MCC 0.5871
13:08:48 │ best AUPRC 0.5723 @ ep14   patience 19/20
13:08:48 └────────────────────────────────────────────────────────────────────────────
13:08:48 [train] ep16 step   1/19 | loss 0.0137 (pos 0.100/neg 0.007) | sup 411+/5501- | seedF1 0.439 | subgraph n=5,912 e=17,522 | lr 2.23e-04 | gpu 329MB
13:08:49 [train] ep16 step   5/19 | loss 0.0152 (pos 0.126/neg 0.007) | sup 426+/5577- | seedF1 0.428 | subgraph n=6,003 e=17,370 | lr 2.26e-04 | gpu 329MB
13:08:49 [train] ep16 step  10/19 | loss 0.0147 (pos 0.114/neg 0.006) | sup 469+/5694- | seedF1 0.444 | subgraph n=6,163 e=17,789 | lr 2.29e-04 | gpu 329MB
13:08:49 [train] ep16 step  15/19 | loss 0.0170 (pos 0.152/neg 0.007) | sup 455+/5845- | seedF1 0.447 | subgraph n=6,300 e=18,422 | lr 2.32e-04 | gpu 329MB
13:08:50 ┌────────────────────────────────────────────────────────────────────────────
13:08:50 │ EPOCH  16/80  train_loss 0.0152 (pos 0.122 / neg 0.007)  seedF1 0.452  1.0s  (112687 seeds/s)  eta ~1.1min
13:08:50 │ VAL  AUROC 0.9528 | AUPRC 0.5783 (base 0.0141) | F1 0.5773 (thr 0.796) | P 0.8408 R 0.4395 | MCC 0.6042
13:08:50 │ best AUPRC 0.5783 @ ep16   ** improved **
13:08:50 └────────────────────────────────────────────────────────────────────────────
13:08:50 [train] ep17 step   1/19 | loss 0.0164 (pos 0.139/neg 0.007) | sup 402+/5243- | seedF1 0.467 | subgraph n=5,645 e=16,609 | lr 2.36e-04 | gpu 329MB
13:08:51 [train] ep17 step   6/19 | loss 0.0166 (pos 0.143/neg 0.007) | sup 386+/4993- | seedF1 0.509 | subgraph n=5,379 e=15,559 | lr 2.39e-04 | gpu 329MB
13:08:51 [train] ep17 step  11/19 | loss 0.0135 (pos 0.090/neg 0.007) | sup 460+/5277- | seedF1 0.511 | subgraph n=5,737 e=16,954 | lr 2.43e-04 | gpu 329MB
13:08:51 [train] ep17 step  16/19 | loss 0.0144 (pos 0.125/neg 0.006) | sup 422+/5573- | seedF1 0.514 | subgraph n=5,995 e=17,783 | lr 2.46e-04 | gpu 329MB
13:08:52 ┌────────────────────────────────────────────────────────────────────────────
13:08:52 │ EPOCH  17/80  train_loss 0.0152 (pos 0.123 / neg 0.007)  seedF1 0.513  1.0s  (115383 seeds/s)  eta ~1.0min
13:08:52 │ VAL  AUROC 0.9576 | AUPRC 0.5997 (base 0.0141) | F1 0.5918 (thr 0.780) | P 0.7465 R 0.4902 | MCC 0.6005
13:08:52 │ best AUPRC 0.5997 @ ep17   ** improved **
13:08:52 └────────────────────────────────────────────────────────────────────────────
13:08:52 [train] ep18 step   1/19 | loss 0.0166 (pos 0.141/neg 0.007) | sup 442+/5502- | seedF1 0.540 | subgraph n=5,944 e=17,051 | lr 2.49e-04 | gpu 329MB
13:08:52 [train] ep18 step   2/19 | loss 0.0133 (pos 0.111/neg 0.006) | sup 384+/5504- | seedF1 0.550 | subgraph n=5,888 e=17,374 | lr 2.49e-04 | gpu 329MB
13:08:52 [train] ep18 step   7/19 | loss 0.0141 (pos 0.119/neg 0.007) | sup 404+/5747- | seedF1 0.563 | subgraph n=6,151 e=17,640 | lr 2.53e-04 | gpu 329MB
13:08:53 [train] ep18 step  12/19 | loss 0.0136 (pos 0.107/neg 0.006) | sup 439+/5724- | seedF1 0.559 | subgraph n=6,163 e=17,770 | lr 2.56e-04 | gpu 329MB
13:08:53 [train] ep18 step  17/19 | loss 0.0157 (pos 0.118/neg 0.007) | sup 473+/5512- | seedF1 0.565 | subgraph n=5,985 e=17,422 | lr 2.59e-04 | gpu 329MB
13:08:54 ┌────────────────────────────────────────────────────────────────────────────
13:08:54 │ EPOCH  18/80  train_loss 0.0145 (pos 0.117 / neg 0.007)  seedF1 0.570  1.0s  (111619 seeds/s)  eta ~1.1min
13:08:54 │ VAL  AUROC 0.9557 | AUPRC 0.5985 (base 0.0141) | F1 0.5935 (thr 0.814) | P 0.9135 R 0.4395 | MCC 0.6305
13:08:54 │ best AUPRC 0.5997 @ ep17   patience 19/20
13:08:54 └────────────────────────────────────────────────────────────────────────────
13:08:54 [train] ep19 step   1/19 | loss 0.0147 (pos 0.108/neg 0.007) | sup 456+/5375- | seedF1 0.493 | subgraph n=5,831 e=17,030 | lr 2.62e-04 | gpu 329MB
13:08:54 [train] ep19 step   3/19 | loss 0.0145 (pos 0.124/neg 0.006) | sup 416+/5439- | seedF1 0.480 | subgraph n=5,855 e=16,730 | lr 2.63e-04 | gpu 329MB
13:08:54 [train] ep19 step   8/19 | loss 0.0142 (pos 0.123/neg 0.006) | sup 438+/5754- | seedF1 0.512 | subgraph n=6,192 e=17,997 | lr 2.66e-04 | gpu 329MB
13:08:55 [train] ep19 step  13/19 | loss 0.0151 (pos 0.126/neg 0.007) | sup 423+/5671- | seedF1 0.536 | subgraph n=6,094 e=17,370 | lr 2.70e-04 | gpu 329MB
13:08:55 [train] ep19 step  18/19 | loss 0.0124 (pos 0.114/neg 0.005) | sup 423+/5858- | seedF1 0.540 | subgraph n=6,281 e=18,186 | lr 2.73e-04 | gpu 329MB
13:08:56 ┌────────────────────────────────────────────────────────────────────────────
13:08:56 │ EPOCH  19/80  train_loss 0.0138 (pos 0.114 / neg 0.006)  seedF1 0.537  1.0s  (117804 seeds/s)  eta ~1.0min
13:08:56 │ VAL  AUROC 0.9589 | AUPRC 0.6031 (base 0.0141) | F1 0.5906 (thr 0.826) | P 0.8687 R 0.4473 | MCC 0.6199
13:08:56 │ best AUPRC 0.6031 @ ep19   ** improved **
13:08:56 └────────────────────────────────────────────────────────────────────────────
13:08:56 [train] ep20 step   1/19 | loss 0.0128 (pos 0.122/neg 0.005) | sup 395+/5928- | seedF1 0.430 | subgraph n=6,323 e=18,404 | lr 2.74e-04 | gpu 329MB
13:08:56 [train] ep20 step   4/19 | loss 0.0155 (pos 0.125/neg 0.006) | sup 472+/5634- | seedF1 0.508 | subgraph n=6,106 e=17,485 | lr 2.76e-04 | gpu 329MB
13:08:56 [train] ep20 step   9/19 | loss 0.0139 (pos 0.109/neg 0.006) | sup 435+/5612- | seedF1 0.524 | subgraph n=6,047 e=17,720 | lr 2.80e-04 | gpu 329MB
13:08:56 [train] ep20 step  14/19 | loss 0.0152 (pos 0.119/neg 0.007) | sup 430+/5211- | seedF1 0.520 | subgraph n=5,641 e=16,605 | lr 2.83e-04 | gpu 329MB
13:08:57 [train] ep20 step  19/19 | loss 0.0140 (pos 0.109/neg 0.006) | sup 441+/5519- | seedF1 0.518 | subgraph n=5,960 e=17,603 | lr 2.86e-04 | gpu 329MB
13:08:57 ┌────────────────────────────────────────────────────────────────────────────
13:08:57 │ EPOCH  20/80  train_loss 0.0140 (pos 0.112 / neg 0.006)  seedF1 0.518  1.0s  (119347 seeds/s)  eta ~1.0min
13:08:57 │ VAL  AUROC 0.9573 | AUPRC 0.6035 (base 0.0141) | F1 0.6002 (thr 0.799) | P 0.7869 R 0.4850 | MCC 0.6137
13:08:57 │ best AUPRC 0.6035 @ ep20   ** improved **
13:08:57 └────────────────────────────────────────────────────────────────────────────
13:08:57 [train] ep21 step   1/19 | loss 0.0151 (pos 0.121/neg 0.006) | sup 446+/5319- | seedF1 0.528 | subgraph n=5,765 e=16,347 | lr 2.87e-04 | gpu 329MB
13:08:58 [train] ep21 step   5/19 | loss 0.0139 (pos 0.120/neg 0.006) | sup 432+/5496- | seedF1 0.585 | subgraph n=5,928 e=17,206 | lr 2.90e-04 | gpu 329MB
13:08:58 [train] ep21 step  10/19 | loss 0.0107 (pos 0.077/neg 0.006) | sup 424+/5452- | seedF1 0.611 | subgraph n=5,876 e=16,837 | lr 2.93e-04 | gpu 329MB
13:08:58 [train] ep21 step  15/19 | loss 0.0128 (pos 0.101/neg 0.006) | sup 438+/5449- | seedF1 0.610 | subgraph n=5,887 e=17,060 | lr 2.97e-04 | gpu 329MB
13:08:59 ┌────────────────────────────────────────────────────────────────────────────
13:08:59 │ EPOCH  21/80  train_loss 0.0133 (pos 0.106 / neg 0.006)  seedF1 0.610  1.0s  (118836 seeds/s)  eta ~0.9min
13:08:59 │ VAL  AUROC 0.9558 | AUPRC 0.6041 (base 0.0141) | F1 0.6071 (thr 0.833) | P 0.8959 R 0.4590 | MCC 0.6380
13:08:59 │ best AUPRC 0.6041 @ ep21   ** improved **
13:08:59 └────────────────────────────────────────────────────────────────────────────
13:08:59 [train] ep22 step   1/19 | loss 0.0131 (pos 0.095/neg 0.006) | sup 417+/5163- | seedF1 0.542 | subgraph n=5,580 e=16,426 | lr 3.00e-04 | gpu 329MB
13:08:59 [train] ep22 step   6/19 | loss 0.0115 (pos 0.101/neg 0.005) | sup 434+/5826- | seedF1 0.545 | subgraph n=6,260 e=18,054 | lr 3.00e-04 | gpu 329MB
13:09:00 [train] ep22 step  11/19 | loss 0.0134 (pos 0.106/neg 0.006) | sup 412+/5477- | seedF1 0.565 | subgraph n=5,889 e=17,129 | lr 3.00e-04 | gpu 329MB
13:09:00 [train] ep22 step  16/19 | loss 0.0143 (pos 0.111/neg 0.007) | sup 450+/5604- | seedF1 0.560 | subgraph n=6,054 e=17,598 | lr 3.00e-04 | gpu 329MB
13:09:01 ┌────────────────────────────────────────────────────────────────────────────
13:09:01 │ EPOCH  22/80  train_loss 0.0131 (pos 0.102 / neg 0.006)  seedF1 0.566  1.0s  (118783 seeds/s)  eta ~0.9min
13:09:01 │ VAL  AUROC 0.9592 | AUPRC 0.6151 (base 0.0141) | F1 0.6109 (thr 0.798) | P 0.8139 R 0.4889 | MCC 0.6270
13:09:01 │ best AUPRC 0.6151 @ ep22   ** improved **
13:09:01 └────────────────────────────────────────────────────────────────────────────
13:09:01 [train] ep23 step   1/19 | loss 0.0129 (pos 0.107/neg 0.005) | sup 440+/5398- | seedF1 0.611 | subgraph n=5,838 e=17,052 | lr 3.00e-04 | gpu 329MB
13:09:01 [train] ep23 step   2/19 | loss 0.0139 (pos 0.101/neg 0.006) | sup 477+/5524- | seedF1 0.599 | subgraph n=6,001 e=17,452 | lr 3.00e-04 | gpu 329MB
13:09:01 [train] ep23 step   7/19 | loss 0.0136 (pos 0.098/neg 0.006) | sup 453+/5292- | seedF1 0.605 | subgraph n=5,745 e=16,886 | lr 3.00e-04 | gpu 329MB
13:09:01 [train] ep23 step  12/19 | loss 0.0117 (pos 0.087/neg 0.006) | sup 421+/5671- | seedF1 0.602 | subgraph n=6,092 e=17,818 | lr 2.99e-04 | gpu 329MB
13:09:01 [train] ep23 step  17/19 | loss 0.0128 (pos 0.108/neg 0.005) | sup 443+/5715- | seedF1 0.613 | subgraph n=6,158 e=18,000 | lr 2.99e-04 | gpu 329MB
13:09:02 ┌────────────────────────────────────────────────────────────────────────────
13:09:02 │ EPOCH  23/80  train_loss 0.0132 (pos 0.105 / neg 0.006)  seedF1 0.612  0.9s  (121797 seeds/s)  eta ~0.9min
13:09:02 │ VAL  AUROC 0.9604 | AUPRC 0.6150 (base 0.0141) | F1 0.6100 (thr 0.827) | P 0.8492 R 0.4759 | MCC 0.6321
13:09:02 │ best AUPRC 0.6151 @ ep22   patience 19/20
13:09:02 └────────────────────────────────────────────────────────────────────────────
13:09:02 [train] ep24 step   1/19 | loss 0.0123 (pos 0.088/neg 0.006) | sup 441+/5584- | seedF1 0.590 | subgraph n=6,025 e=17,398 | lr 2.99e-04 | gpu 329MB
13:09:02 [train] ep24 step   3/19 | loss 0.0126 (pos 0.092/neg 0.006) | sup 434+/5575- | seedF1 0.609 | subgraph n=6,009 e=17,247 | lr 2.99e-04 | gpu 329MB
13:09:03 [train] ep24 step   8/19 | loss 0.0138 (pos 0.135/neg 0.006) | sup 373+/5436- | seedF1 0.581 | subgraph n=5,809 e=16,566 | lr 2.99e-04 | gpu 329MB
13:09:03 [train] ep24 step  13/19 | loss 0.0124 (pos 0.081/neg 0.007) | sup 436+/5227- | seedF1 0.587 | subgraph n=5,663 e=16,590 | lr 2.99e-04 | gpu 329MB
13:09:03 [train] ep24 step  18/19 | loss 0.0131 (pos 0.110/neg 0.005) | sup 468+/5616- | seedF1 0.588 | subgraph n=6,084 e=17,617 | lr 2.98e-04 | gpu 329MB
13:09:04 ┌────────────────────────────────────────────────────────────────────────────
13:09:04 │ EPOCH  24/80  train_loss 0.0127 (pos 0.101 / neg 0.006)  seedF1 0.588  0.9s  (121543 seeds/s)  eta ~0.9min
13:09:04 │ VAL  AUROC 0.9630 | AUPRC 0.6456 (base 0.0141) | F1 0.6417 (thr 0.787) | P 0.8894 R 0.5020 | MCC 0.6649
13:09:04 │ best AUPRC 0.6456 @ ep24   ** improved **
13:09:04 └────────────────────────────────────────────────────────────────────────────
13:09:04 [train] ep25 step   1/19 | loss 0.0119 (pos 0.096/neg 0.006) | sup 412+/5714- | seedF1 0.683 | subgraph n=6,126 e=17,662 | lr 2.98e-04 | gpu 329MB
13:09:04 [train] ep25 step   4/19 | loss 0.0137 (pos 0.109/neg 0.005) | sup 468+/5380- | seedF1 0.634 | subgraph n=5,848 e=17,054 | lr 2.98e-04 | gpu 329MB
13:09:04 [train] ep25 step   9/19 | loss 0.0135 (pos 0.102/neg 0.006) | sup 447+/5652- | seedF1 0.656 | subgraph n=6,099 e=17,814 | lr 2.98e-04 | gpu 329MB
13:09:05 [train] ep25 step  14/19 | loss 0.0118 (pos 0.103/neg 0.005) | sup 421+/5678- | seedF1 0.647 | subgraph n=6,099 e=17,751 | lr 2.97e-04 | gpu 329MB
13:09:05 [train] ep25 step  19/19 | loss 0.0119 (pos 0.089/neg 0.005) | sup 437+/5161- | seedF1 0.653 | subgraph n=5,598 e=16,353 | lr 2.97e-04 | gpu 329MB
13:09:06 ┌────────────────────────────────────────────────────────────────────────────
13:09:06 │ EPOCH  25/80  train_loss 0.0127 (pos 0.101 / neg 0.006)  seedF1 0.653  1.0s  (117999 seeds/s)  eta ~0.9min
13:09:06 │ VAL  AUROC 0.9614 | AUPRC 0.6258 (base 0.0141) | F1 0.6233 (thr 0.833) | P 0.9373 R 0.4668 | MCC 0.6585
13:09:06 │ best AUPRC 0.6456 @ ep24   patience 19/20
13:09:06 └────────────────────────────────────────────────────────────────────────────
13:09:06 [train] ep26 step   1/19 | loss 0.0127 (pos 0.101/neg 0.006) | sup 443+/5835- | seedF1 0.659 | subgraph n=6,278 e=18,223 | lr 2.97e-04 | gpu 329MB
13:09:06 [train] ep26 step   5/19 | loss 0.0123 (pos 0.091/neg 0.006) | sup 439+/5407- | seedF1 0.631 | subgraph n=5,846 e=17,195 | lr 2.96e-04 | gpu 329MB
13:09:06 [train] ep26 step  10/19 | loss 0.0118 (pos 0.104/neg 0.005) | sup 444+/5843- | seedF1 0.613 | subgraph n=6,287 e=18,339 | lr 2.96e-04 | gpu 329MB
13:09:06 [train] ep26 step  15/19 | loss 0.0117 (pos 0.088/neg 0.006) | sup 409+/5361- | seedF1 0.595 | subgraph n=5,770 e=16,857 | lr 2.95e-04 | gpu 329MB
13:09:07 ┌────────────────────────────────────────────────────────────────────────────
13:09:07 │ EPOCH  26/80  train_loss 0.0122 (pos 0.097 / neg 0.006)  seedF1 0.592  1.0s  (120141 seeds/s)  eta ~0.9min
13:09:07 │ VAL  AUROC 0.9645 | AUPRC 0.6554 (base 0.0141) | F1 0.6488 (thr 0.787) | P 0.9087 R 0.5046 | MCC 0.6740
13:09:07 │ best AUPRC 0.6554 @ ep26   ** improved **
13:09:07 └────────────────────────────────────────────────────────────────────────────
13:09:07 [train] ep27 step   1/19 | loss 0.0130 (pos 0.109/neg 0.005) | sup 443+/5379- | seedF1 0.602 | subgraph n=5,822 e=17,016 | lr 2.95e-04 | gpu 329MB
13:09:08 [train] ep27 step   6/19 | loss 0.0134 (pos 0.120/neg 0.005) | sup 456+/5886- | seedF1 0.670 | subgraph n=6,342 e=18,505 | lr 2.94e-04 | gpu 329MB
13:09:08 [train] ep27 step  11/19 | loss 0.0123 (pos 0.081/neg 0.007) | sup 474+/5648- | seedF1 0.658 | subgraph n=6,122 e=17,990 | lr 2.94e-04 | gpu 329MB
13:09:08 [train] ep27 step  16/19 | loss 0.0106 (pos 0.084/neg 0.005) | sup 441+/5839- | seedF1 0.661 | subgraph n=6,280 e=17,906 | lr 2.93e-04 | gpu 329MB
13:09:09 ┌────────────────────────────────────────────────────────────────────────────
13:09:09 │ EPOCH  27/80  train_loss 0.0120 (pos 0.098 / neg 0.005)  seedF1 0.664  1.0s  (116159 seeds/s)  eta ~0.9min
13:09:09 │ VAL  AUROC 0.9617 | AUPRC 0.6400 (base 0.0141) | F1 0.6343 (thr 0.793) | P 0.8189 R 0.5176 | MCC 0.6473
13:09:09 │ best AUPRC 0.6554 @ ep26   patience 19/20
13:09:09 └────────────────────────────────────────────────────────────────────────────
13:09:09 [train] ep28 step   1/19 | loss 0.0113 (pos 0.091/neg 0.006) | sup 395+/5554- | seedF1 0.589 | subgraph n=5,949 e=17,299 | lr 2.93e-04 | gpu 329MB
13:09:09 [train] ep28 step   2/19 | loss 0.0130 (pos 0.099/neg 0.006) | sup 460+/5541- | seedF1 0.611 | subgraph n=6,001 e=17,799 | lr 2.93e-04 | gpu 329MB
13:09:09 [train] ep28 step   7/19 | loss 0.0117 (pos 0.104/neg 0.005) | sup 406+/5725- | seedF1 0.628 | subgraph n=6,131 e=17,648 | lr 2.92e-04 | gpu 329MB
13:09:10 [train] ep28 step  12/19 | loss 0.0126 (pos 0.104/neg 0.005) | sup 456+/5499- | seedF1 0.637 | subgraph n=5,955 e=17,417 | lr 2.91e-04 | gpu 329MB
13:09:10 [train] ep28 step  17/19 | loss 0.0118 (pos 0.086/neg 0.006) | sup 427+/5326- | seedF1 0.651 | subgraph n=5,753 e=16,727 | lr 2.91e-04 | gpu 329MB
13:09:11 ┌────────────────────────────────────────────────────────────────────────────
13:09:11 │ EPOCH  28/80  train_loss 0.0121 (pos 0.098 / neg 0.005)  seedF1 0.653  0.9s  (121854 seeds/s)  eta ~0.8min
13:09:11 │ VAL  AUROC 0.9654 | AUPRC 0.6592 (base 0.0141) | F1 0.6554 (thr 0.797) | P 0.8571 R 0.5306 | MCC 0.6709
13:09:11 │ best AUPRC 0.6592 @ ep28   ** improved **
13:09:11 └────────────────────────────────────────────────────────────────────────────
13:09:11 [train] ep29 step   1/19 | loss 0.0117 (pos 0.091/neg 0.005) | sup 438+/5412- | seedF1 0.694 | subgraph n=5,850 e=16,619 | lr 2.90e-04 | gpu 329MB
13:09:11 [train] ep29 step   3/19 | loss 0.0123 (pos 0.102/neg 0.005) | sup 437+/5387- | seedF1 0.674 | subgraph n=5,824 e=17,071 | lr 2.90e-04 | gpu 329MB
13:09:11 [train] ep29 step   8/19 | loss 0.0112 (pos 0.083/neg 0.006) | sup 421+/5521- | seedF1 0.664 | subgraph n=5,942 e=17,081 | lr 2.89e-04 | gpu 329MB
13:09:11 [train] ep29 step  13/19 | loss 0.0112 (pos 0.089/neg 0.005) | sup 415+/5487- | seedF1 0.650 | subgraph n=5,902 e=17,379 | lr 2.88e-04 | gpu 329MB
13:09:12 [train] ep29 step  18/19 | loss 0.0118 (pos 0.094/neg 0.005) | sup 444+/5647- | seedF1 0.661 | subgraph n=6,091 e=17,800 | lr 2.88e-04 | gpu 329MB
13:09:12 ┌────────────────────────────────────────────────────────────────────────────
13:09:12 │ EPOCH  29/80  train_loss 0.0119 (pos 0.096 / neg 0.005)  seedF1 0.656  0.9s  (120220 seeds/s)  eta ~0.8min
13:09:12 │ VAL  AUROC 0.9642 | AUPRC 0.6577 (base 0.0141) | F1 0.6486 (thr 0.812) | P 0.9253 R 0.4993 | MCC 0.6767
13:09:12 │ best AUPRC 0.6592 @ ep28   patience 19/20
13:09:12 └────────────────────────────────────────────────────────────────────────────
13:09:12 [train] ep30 step   1/19 | loss 0.0122 (pos 0.094/neg 0.005) | sup 453+/5492- | seedF1 0.582 | subgraph n=5,945 e=17,105 | lr 2.87e-04 | gpu 329MB
13:09:13 [train] ep30 step   4/19 | loss 0.0117 (pos 0.092/neg 0.005) | sup 433+/5514- | seedF1 0.614 | subgraph n=5,947 e=17,058 | lr 2.87e-04 | gpu 329MB
13:09:13 [train] ep30 step   9/19 | loss 0.0120 (pos 0.090/neg 0.006) | sup 474+/5924- | seedF1 0.626 | subgraph n=6,398 e=18,512 | lr 2.86e-04 | gpu 329MB
13:09:13 [train] ep30 step  14/19 | loss 0.0131 (pos 0.118/neg 0.005) | sup 412+/5277- | seedF1 0.623 | subgraph n=5,689 e=16,574 | lr 2.85e-04 | gpu 329MB
13:09:13 [train] ep30 step  19/19 | loss 0.0125 (pos 0.117/neg 0.005) | sup 411+/5588- | seedF1 0.623 | subgraph n=5,999 e=17,236 | lr 2.84e-04 | gpu 329MB
13:09:14 ┌────────────────────────────────────────────────────────────────────────────
13:09:14 │ EPOCH  30/80  train_loss 0.0121 (pos 0.099 / neg 0.005)  seedF1 0.623  1.0s  (116973 seeds/s)  eta ~0.8min
13:09:14 │ VAL  AUROC 0.9632 | AUPRC 0.6516 (base 0.0141) | F1 0.6481 (thr 0.805) | P 0.8357 R 0.5293 | MCC 0.6615
13:09:14 │ best AUPRC 0.6592 @ ep28   patience 18/20
13:09:14 └────────────────────────────────────────────────────────────────────────────
13:09:14 [train] ep31 step   1/19 | loss 0.0136 (pos 0.118/neg 0.006) | sup 419+/5725- | seedF1 0.632 | subgraph n=6,144 e=18,042 | lr 2.84e-04 | gpu 329MB
13:09:14 [train] ep31 step   5/19 | loss 0.0110 (pos 0.079/neg 0.006) | sup 423+/5643- | seedF1 0.655 | subgraph n=6,066 e=17,811 | lr 2.83e-04 | gpu 329MB
13:09:15 [train] ep31 step  10/19 | loss 0.0119 (pos 0.100/neg 0.005) | sup 421+/5327- | seedF1 0.666 | subgraph n=5,748 e=17,009 | lr 2.82e-04 | gpu 329MB
13:09:15 [train] ep31 step  15/19 | loss 0.0130 (pos 0.111/neg 0.005) | sup 461+/5790- | seedF1 0.648 | subgraph n=6,251 e=18,050 | lr 2.81e-04 | gpu 329MB
13:09:16 ┌────────────────────────────────────────────────────────────────────────────
13:09:16 │ EPOCH  31/80  train_loss 0.0120 (pos 0.096 / neg 0.006)  seedF1 0.648  1.0s  (118273 seeds/s)  eta ~0.8min
13:09:16 │ VAL  AUROC 0.9589 | AUPRC 0.6398 (base 0.0141) | F1 0.6438 (thr 0.823) | P 0.8313 R 0.5254 | MCC 0.6572
13:09:16 │ best AUPRC 0.6592 @ ep28   patience 17/20
13:09:16 └────────────────────────────────────────────────────────────────────────────
13:09:16 [train] ep32 step   1/19 | loss 0.0128 (pos 0.093/neg 0.007) | sup 395+/5220- | seedF1 0.651 | subgraph n=5,615 e=16,376 | lr 2.80e-04 | gpu 329MB
13:09:16 [train] ep32 step   6/19 | loss 0.0121 (pos 0.104/neg 0.004) | sup 442+/5351- | seedF1 0.629 | subgraph n=5,793 e=16,700 | lr 2.79e-04 | gpu 329MB
13:09:16 [train] ep32 step  11/19 | loss 0.0119 (pos 0.091/neg 0.006) | sup 454+/5791- | seedF1 0.623 | subgraph n=6,245 e=18,189 | lr 2.78e-04 | gpu 329MB
13:09:17 [train] ep32 step  16/19 | loss 0.0123 (pos 0.087/neg 0.006) | sup 478+/5353- | seedF1 0.624 | subgraph n=5,831 e=17,383 | lr 2.77e-04 | gpu 329MB
13:09:17 ┌────────────────────────────────────────────────────────────────────────────
13:09:17 │ EPOCH  32/80  train_loss 0.0118 (pos 0.094 / neg 0.005)  seedF1 0.624  0.9s  (119312 seeds/s)  eta ~0.8min
13:09:17 │ VAL  AUROC 0.9644 | AUPRC 0.6650 (base 0.0141) | F1 0.6594 (thr 0.796) | P 0.9207 R 0.5137 | MCC 0.6847
13:09:17 │ best AUPRC 0.6650 @ ep32   ** improved **
13:09:17 └────────────────────────────────────────────────────────────────────────────
13:09:17 [train] ep33 step   1/19 | loss 0.0096 (pos 0.088/neg 0.004) | sup 389+/5752- | seedF1 0.628 | subgraph n=6,141 e=17,827 | lr 2.76e-04 | gpu 329MB
13:09:18 [train] ep33 step   2/19 | loss 0.0111 (pos 0.126/neg 0.004) | sup 361+/5590- | seedF1 0.625 | subgraph n=5,951 e=17,355 | lr 2.76e-04 | gpu 329MB
13:09:18 [train] ep33 step   7/19 | loss 0.0107 (pos 0.092/neg 0.004) | sup 437+/5693- | seedF1 0.674 | subgraph n=6,130 e=18,145 | lr 2.75e-04 | gpu 329MB
13:09:18 [train] ep33 step  12/19 | loss 0.0107 (pos 0.078/neg 0.006) | sup 424+/5605- | seedF1 0.681 | subgraph n=6,029 e=17,487 | lr 2.74e-04 | gpu 329MB
13:09:18 [train] ep33 step  17/19 | loss 0.0109 (pos 0.085/neg 0.005) | sup 440+/5409- | seedF1 0.675 | subgraph n=5,849 e=17,196 | lr 2.73e-04 | gpu 329MB
13:09:19 ┌────────────────────────────────────────────────────────────────────────────
13:09:19 │ EPOCH  33/80  train_loss 0.0112 (pos 0.093 / neg 0.005)  seedF1 0.676  0.9s  (121145 seeds/s)  eta ~0.7min
13:09:19 │ VAL  AUROC 0.9658 | AUPRC 0.6689 (base 0.0141) | F1 0.6644 (thr 0.828) | P 0.9538 R 0.5098 | MCC 0.6945
13:09:19 │ best AUPRC 0.6689 @ ep33   ** improved **
13:09:19 └────────────────────────────────────────────────────────────────────────────
13:09:19 [train] ep34 step   1/19 | loss 0.0105 (pos 0.083/neg 0.005) | sup 432+/5410- | seedF1 0.619 | subgraph n=5,842 e=17,020 | lr 2.72e-04 | gpu 329MB
13:09:19 [train] ep34 step   3/19 | loss 0.0122 (pos 0.091/neg 0.005) | sup 452+/5114- | seedF1 0.678 | subgraph n=5,566 e=16,149 | lr 2.71e-04 | gpu 329MB
13:09:19 [train] ep34 step   8/19 | loss 0.0116 (pos 0.093/neg 0.005) | sup 425+/5249- | seedF1 0.653 | subgraph n=5,674 e=16,580 | lr 2.70e-04 | gpu 329MB
13:09:20 [train] ep34 step  13/19 | loss 0.0110 (pos 0.082/neg 0.005) | sup 464+/5622- | seedF1 0.637 | subgraph n=6,086 e=17,548 | lr 2.69e-04 | gpu 329MB
13:09:20 [train] ep34 step  18/19 | loss 0.0115 (pos 0.097/neg 0.005) | sup 440+/5834- | seedF1 0.639 | subgraph n=6,274 e=17,856 | lr 2.68e-04 | gpu 329MB
13:09:21 ┌────────────────────────────────────────────────────────────────────────────
13:09:21 │ EPOCH  34/80  train_loss 0.0111 (pos 0.088 / neg 0.005)  seedF1 0.640  0.9s  (119030 seeds/s)  eta ~0.7min
13:09:21 │ VAL  AUROC 0.9651 | AUPRC 0.6605 (base 0.0141) | F1 0.6564 (thr 0.834) | P 0.9576 R 0.4993 | MCC 0.6887
13:09:21 │ best AUPRC 0.6689 @ ep33   patience 19/20
13:09:21 └────────────────────────────────────────────────────────────────────────────
13:09:21 [train] ep35 step   1/19 | loss 0.0110 (pos 0.083/neg 0.005) | sup 439+/5299- | seedF1 0.632 | subgraph n=5,738 e=16,867 | lr 2.67e-04 | gpu 329MB
13:09:21 [train] ep35 step   4/19 | loss 0.0120 (pos 0.114/neg 0.005) | sup 403+/5487- | seedF1 0.610 | subgraph n=5,890 e=17,087 | lr 2.66e-04 | gpu 329MB
13:09:21 [train] ep35 step   9/19 | loss 0.0123 (pos 0.111/neg 0.005) | sup 410+/5314- | seedF1 0.632 | subgraph n=5,724 e=17,017 | lr 2.65e-04 | gpu 329MB
13:09:21 [train] ep35 step  14/19 | loss 0.0118 (pos 0.097/neg 0.005) | sup 449+/5651- | seedF1 0.637 | subgraph n=6,100 e=17,561 | lr 2.64e-04 | gpu 329MB
13:09:22 [train] ep35 step  19/19 | loss 0.0103 (pos 0.080/neg 0.005) | sup 450+/5513- | seedF1 0.637 | subgraph n=5,963 e=17,715 | lr 2.62e-04 | gpu 329MB
13:09:22 ┌────────────────────────────────────────────────────────────────────────────
13:09:22 │ EPOCH  35/80  train_loss 0.0107 (pos 0.085 / neg 0.005)  seedF1 0.637  0.9s  (121828 seeds/s)  eta ~0.7min
13:09:22 │ VAL  AUROC 0.9651 | AUPRC 0.6628 (base 0.0141) | F1 0.6621 (thr 0.830) | P 0.9581 R 0.5059 | MCC 0.6934
13:09:22 │ best AUPRC 0.6689 @ ep33   patience 18/20
13:09:22 └────────────────────────────────────────────────────────────────────────────
13:09:22 [train] ep36 step   1/19 | loss 0.0118 (pos 0.103/neg 0.005) | sup 425+/5758- | seedF1 0.586 | subgraph n=6,183 e=18,297 | lr 2.62e-04 | gpu 329MB
13:09:23 [train] ep36 step   5/19 | loss 0.0129 (pos 0.111/neg 0.005) | sup 451+/5576- | seedF1 0.605 | subgraph n=6,027 e=17,632 | lr 2.61e-04 | gpu 329MB
13:09:23 [train] ep36 step  10/19 | loss 0.0106 (pos 0.084/neg 0.005) | sup 422+/5521- | seedF1 0.630 | subgraph n=5,943 e=17,227 | lr 2.60e-04 | gpu 329MB
13:09:23 [train] ep36 step  15/19 | loss 0.0126 (pos 0.101/neg 0.006) | sup 417+/5390- | seedF1 0.626 | subgraph n=5,807 e=16,872 | lr 2.58e-04 | gpu 329MB
13:09:24 ┌────────────────────────────────────────────────────────────────────────────
13:09:24 │ EPOCH  36/80  train_loss 0.0113 (pos 0.091 / neg 0.005)  seedF1 0.629  1.0s  (120098 seeds/s)  eta ~0.7min
13:09:24 │ VAL  AUROC 0.9637 | AUPRC 0.6560 (base 0.0141) | F1 0.6541 (thr 0.827) | P 0.9527 R 0.4980 | MCC 0.6860
13:09:24 │ best AUPRC 0.6689 @ ep33   patience 17/20
13:09:24 └────────────────────────────────────────────────────────────────────────────
13:09:24 [train] ep37 step   1/19 | loss 0.0113 (pos 0.083/neg 0.006) | sup 418+/5373- | seedF1 0.599 | subgraph n=5,791 e=16,844 | lr 2.57e-04 | gpu 329MB
13:09:24 [train] ep37 step   6/19 | loss 0.0098 (pos 0.070/neg 0.005) | sup 471+/5539- | seedF1 0.612 | subgraph n=6,010 e=17,115 | lr 2.55e-04 | gpu 329MB
13:09:25 [train] ep37 step  11/19 | loss 0.0095 (pos 0.071/neg 0.005) | sup 421+/5694- | seedF1 0.625 | subgraph n=6,115 e=17,831 | lr 2.54e-04 | gpu 329MB
13:09:25 [train] ep37 step  16/19 | loss 0.0115 (pos 0.105/neg 0.005) | sup 394+/5818- | seedF1 0.623 | subgraph n=6,212 e=17,974 | lr 2.52e-04 | gpu 329MB
13:09:26 ┌────────────────────────────────────────────────────────────────────────────
13:09:26 │ EPOCH  37/80  train_loss 0.0111 (pos 0.088 / neg 0.005)  seedF1 0.625  1.0s  (116137 seeds/s)  eta ~0.7min
13:09:26 │ VAL  AUROC 0.9671 | AUPRC 0.6787 (base 0.0141) | F1 0.6695 (thr 0.827) | P 0.9704 R 0.5111 | MCC 0.7015
13:09:26 │ best AUPRC 0.6787 @ ep37   ** improved **
13:09:26 └────────────────────────────────────────────────────────────────────────────
13:09:26 [train] ep38 step   1/19 | loss 0.0113 (pos 0.092/neg 0.005) | sup 423+/5424- | seedF1 0.586 | subgraph n=5,847 e=16,905 | lr 2.51e-04 | gpu 329MB
13:09:26 [train] ep38 step   2/19 | loss 0.0103 (pos 0.091/neg 0.005) | sup 414+/5880- | seedF1 0.641 | subgraph n=6,294 e=18,345 | lr 2.51e-04 | gpu 329MB
13:09:26 [train] ep38 step   7/19 | loss 0.0096 (pos 0.077/neg 0.005) | sup 402+/5481- | seedF1 0.630 | subgraph n=5,883 e=17,244 | lr 2.49e-04 | gpu 329MB
13:09:26 [train] ep38 step  12/19 | loss 0.0108 (pos 0.094/neg 0.005) | sup 403+/5660- | seedF1 0.633 | subgraph n=6,063 e=17,657 | lr 2.48e-04 | gpu 329MB
13:09:27 [train] ep38 step  17/19 | loss 0.0117 (pos 0.115/neg 0.004) | sup 415+/5815- | seedF1 0.640 | subgraph n=6,230 e=18,183 | lr 2.46e-04 | gpu 329MB
13:09:27 ┌────────────────────────────────────────────────────────────────────────────
13:09:27 │ EPOCH  38/80  train_loss 0.0105 (pos 0.087 / neg 0.005)  seedF1 0.642  0.9s  (120678 seeds/s)  eta ~0.7min
13:09:27 │ VAL  AUROC 0.9654 | AUPRC 0.6714 (base 0.0141) | F1 0.6667 (thr 0.819) | P 0.9451 R 0.5150 | MCC 0.6948
13:09:27 │ best AUPRC 0.6787 @ ep37   patience 19/20
13:09:27 └────────────────────────────────────────────────────────────────────────────
13:09:28 [train] ep39 step   1/19 | loss 0.0100 (pos 0.078/neg 0.004) | sup 449+/5430- | seedF1 0.652 | subgraph n=5,879 e=17,334 | lr 2.45e-04 | gpu 329MB
13:09:28 [train] ep39 step   3/19 | loss 0.0103 (pos 0.085/neg 0.004) | sup 439+/5519- | seedF1 0.667 | subgraph n=5,958 e=17,413 | lr 2.45e-04 | gpu 329MB
13:09:28 [train] ep39 step   8/19 | loss 0.0104 (pos 0.085/neg 0.005) | sup 405+/5893- | seedF1 0.671 | subgraph n=6,298 e=18,309 | lr 2.43e-04 | gpu 329MB
13:09:28 [train] ep39 step  13/19 | loss 0.0102 (pos 0.074/neg 0.005) | sup 457+/5726- | seedF1 0.675 | subgraph n=6,183 e=18,098 | lr 2.42e-04 | gpu 329MB
13:09:28 [train] ep39 step  18/19 | loss 0.0114 (pos 0.101/neg 0.004) | sup 450+/5541- | seedF1 0.670 | subgraph n=5,991 e=17,409 | lr 2.40e-04 | gpu 329MB
13:09:29 ┌────────────────────────────────────────────────────────────────────────────
13:09:29 │ EPOCH  39/80  train_loss 0.0105 (pos 0.084 / neg 0.005)  seedF1 0.670  1.0s  (120770 seeds/s)  eta ~0.7min
13:09:29 │ VAL  AUROC 0.9662 | AUPRC 0.6802 (base 0.0141) | F1 0.6776 (thr 0.786) | P 0.8538 R 0.5618 | MCC 0.6891
13:09:29 │ best AUPRC 0.6802 @ ep39   ** improved **
13:09:29 └────────────────────────────────────────────────────────────────────────────
13:09:29 [train] ep40 step   1/19 | loss 0.0106 (pos 0.086/neg 0.005) | sup 453+/5601- | seedF1 0.688 | subgraph n=6,054 e=17,727 | lr 2.39e-04 | gpu 329MB
13:09:29 [train] ep40 step   4/19 | loss 0.0104 (pos 0.082/neg 0.005) | sup 425+/5924- | seedF1 0.701 | subgraph n=6,349 e=18,474 | lr 2.38e-04 | gpu 329MB
13:09:30 [train] ep40 step   9/19 | loss 0.0106 (pos 0.081/neg 0.005) | sup 449+/5448- | seedF1 0.685 | subgraph n=5,897 e=17,279 | lr 2.37e-04 | gpu 329MB
13:09:30 [train] ep40 step  14/19 | loss 0.0115 (pos 0.102/neg 0.004) | sup 444+/5743- | seedF1 0.695 | subgraph n=6,187 e=17,736 | lr 2.35e-04 | gpu 329MB
13:09:30 [train] ep40 step  19/19 | loss 0.0101 (pos 0.074/neg 0.005) | sup 438+/5761- | seedF1 0.695 | subgraph n=6,199 e=18,171 | lr 2.33e-04 | gpu 329MB
13:09:31 ┌────────────────────────────────────────────────────────────────────────────
13:09:31 │ EPOCH  40/80  train_loss 0.0107 (pos 0.084 / neg 0.005)  seedF1 0.695  1.0s  (114034 seeds/s)  eta ~0.7min
13:09:31 │ VAL  AUROC 0.9665 | AUPRC 0.6805 (base 0.0141) | F1 0.6772 (thr 0.800) | P 0.8646 R 0.5566 | MCC 0.6904
13:09:31 │ best AUPRC 0.6805 @ ep40   ** improved **
13:09:31 └────────────────────────────────────────────────────────────────────────────
13:09:31 [train] ep41 step   1/19 | loss 0.0112 (pos 0.079/neg 0.006) | sup 465+/5708- | seedF1 0.712 | subgraph n=6,173 e=18,059 | lr 2.33e-04 | gpu 329MB
13:09:31 [train] ep41 step   5/19 | loss 0.0104 (pos 0.091/neg 0.004) | sup 451+/5773- | seedF1 0.710 | subgraph n=6,224 e=18,426 | lr 2.32e-04 | gpu 329MB
13:09:31 [train] ep41 step  10/19 | loss 0.0107 (pos 0.083/neg 0.005) | sup 433+/5631- | seedF1 0.693 | subgraph n=6,064 e=17,897 | lr 2.30e-04 | gpu 329MB
13:09:32 [train] ep41 step  15/19 | loss 0.0116 (pos 0.100/neg 0.005) | sup 445+/5703- | seedF1 0.693 | subgraph n=6,148 e=18,239 | lr 2.28e-04 | gpu 329MB
13:09:33 ┌────────────────────────────────────────────────────────────────────────────
13:09:33 │ EPOCH  41/80  train_loss 0.0108 (pos 0.085 / neg 0.005)  seedF1 0.684  1.0s  (116474 seeds/s)  eta ~0.6min
13:09:33 │ VAL  AUROC 0.9666 | AUPRC 0.6780 (base 0.0141) | F1 0.6672 (thr 0.806) | P 0.9140 R 0.5254 | MCC 0.6899
13:09:33 │ best AUPRC 0.6805 @ ep40   patience 19/20
13:09:33 └────────────────────────────────────────────────────────────────────────────
13:09:33 [train] ep42 step   1/19 | loss 0.0100 (pos 0.082/neg 0.005) | sup 449+/5971- | seedF1 0.700 | subgraph n=6,420 e=18,435 | lr 2.26e-04 | gpu 329MB
13:09:33 [train] ep42 step   6/19 | loss 0.0106 (pos 0.087/neg 0.005) | sup 408+/5534- | seedF1 0.674 | subgraph n=5,942 e=17,324 | lr 2.25e-04 | gpu 329MB
13:09:33 [train] ep42 step  11/19 | loss 0.0112 (pos 0.096/neg 0.005) | sup 407+/5682- | seedF1 0.674 | subgraph n=6,089 e=17,681 | lr 2.23e-04 | gpu 329MB
13:09:33 [train] ep42 step  16/19 | loss 0.0095 (pos 0.087/neg 0.004) | sup 384+/5508- | seedF1 0.683 | subgraph n=5,892 e=17,302 | lr 2.21e-04 | gpu 329MB
13:09:34 ┌────────────────────────────────────────────────────────────────────────────
13:09:34 │ EPOCH  42/80  train_loss 0.0104 (pos 0.085 / neg 0.005)  seedF1 0.688  0.9s  (122313 seeds/s)  eta ~0.6min
13:09:34 │ VAL  AUROC 0.9674 | AUPRC 0.6825 (base 0.0141) | F1 0.6782 (thr 0.794) | P 0.8554 R 0.5618 | MCC 0.6898
13:09:34 │ best AUPRC 0.6825 @ ep42   ** improved **
13:09:34 └────────────────────────────────────────────────────────────────────────────
13:09:34 [train] ep43 step   1/19 | loss 0.0098 (pos 0.078/neg 0.004) | sup 426+/5344- | seedF1 0.743 | subgraph n=5,770 e=16,746 | lr 2.20e-04 | gpu 329MB
13:09:34 [train] ep43 step   2/19 | loss 0.0101 (pos 0.084/neg 0.004) | sup 452+/5861- | seedF1 0.739 | subgraph n=6,313 e=18,233 | lr 2.19e-04 | gpu 329MB
13:09:35 [train] ep43 step   7/19 | loss 0.0097 (pos 0.073/neg 0.005) | sup 453+/5491- | seedF1 0.705 | subgraph n=5,944 e=17,001 | lr 2.18e-04 | gpu 329MB
13:09:35 [train] ep43 step  12/19 | loss 0.0098 (pos 0.072/neg 0.005) | sup 445+/5357- | seedF1 0.710 | subgraph n=5,802 e=16,994 | lr 2.16e-04 | gpu 329MB
13:09:35 [train] ep43 step  17/19 | loss 0.0096 (pos 0.084/neg 0.004) | sup 403+/5509- | seedF1 0.705 | subgraph n=5,912 e=17,139 | lr 2.14e-04 | gpu 329MB
13:09:36 ┌────────────────────────────────────────────────────────────────────────────
13:09:36 │ EPOCH  43/80  train_loss 0.0100 (pos 0.080 / neg 0.005)  seedF1 0.705  0.9s  (120341 seeds/s)  eta ~0.6min
13:09:36 │ VAL  AUROC 0.9678 | AUPRC 0.6806 (base 0.0141) | F1 0.6750 (thr 0.810) | P 0.9482 R 0.5241 | MCC 0.7021
13:09:36 │ best AUPRC 0.6825 @ ep42   patience 19/20
13:09:36 └────────────────────────────────────────────────────────────────────────────
13:09:36 [train] ep44 step   1/19 | loss 0.0105 (pos 0.085/neg 0.004) | sup 443+/5303- | seedF1 0.674 | subgraph n=5,746 e=16,761 | lr 2.13e-04 | gpu 329MB
13:09:36 [train] ep44 step   3/19 | loss 0.0111 (pos 0.104/neg 0.005) | sup 405+/5742- | seedF1 0.676 | subgraph n=6,147 e=17,857 | lr 2.12e-04 | gpu 329MB
13:09:36 [train] ep44 step   8/19 | loss 0.0110 (pos 0.082/neg 0.006) | sup 442+/5852- | seedF1 0.694 | subgraph n=6,294 e=18,271 | lr 2.10e-04 | gpu 329MB
13:09:37 [train] ep44 step  13/19 | loss 0.0089 (pos 0.074/neg 0.004) | sup 432+/5557- | seedF1 0.686 | subgraph n=5,989 e=17,557 | lr 2.08e-04 | gpu 329MB
13:09:37 [train] ep44 step  18/19 | loss 0.0093 (pos 0.078/neg 0.004) | sup 437+/5738- | seedF1 0.681 | subgraph n=6,175 e=18,095 | lr 2.06e-04 | gpu 329MB
13:09:38 ┌────────────────────────────────────────────────────────────────────────────
13:09:38 │ EPOCH  44/80  train_loss 0.0104 (pos 0.083 / neg 0.005)  seedF1 0.681  0.9s  (120507 seeds/s)  eta ~0.6min
13:09:38 │ VAL  AUROC 0.9651 | AUPRC 0.6746 (base 0.0141) | F1 0.6794 (thr 0.812) | P 0.8717 R 0.5566 | MCC 0.6933
13:09:38 │ best AUPRC 0.6825 @ ep42   patience 18/20
13:09:38 └────────────────────────────────────────────────────────────────────────────
13:09:38 [train] ep45 step   1/19 | loss 0.0101 (pos 0.075/neg 0.005) | sup 422+/5425- | seedF1 0.718 | subgraph n=5,847 e=17,174 | lr 2.06e-04 | gpu 329MB
13:09:38 [train] ep45 step   4/19 | loss 0.0099 (pos 0.088/neg 0.004) | sup 390+/5580- | seedF1 0.707 | subgraph n=5,970 e=17,636 | lr 2.05e-04 | gpu 329MB
13:09:38 [train] ep45 step   9/19 | loss 0.0108 (pos 0.084/neg 0.005) | sup 427+/5294- | seedF1 0.689 | subgraph n=5,721 e=16,709 | lr 2.03e-04 | gpu 329MB
13:09:38 [train] ep45 step  14/19 | loss 0.0116 (pos 0.096/neg 0.004) | sup 462+/5342- | seedF1 0.687 | subgraph n=5,804 e=16,659 | lr 2.01e-04 | gpu 329MB
13:09:38 [train] ep45 step  19/19 | loss 0.0103 (pos 0.079/neg 0.005) | sup 455+/5694- | seedF1 0.685 | subgraph n=6,149 e=17,702 | lr 1.99e-04 | gpu 329MB
13:09:39 ┌────────────────────────────────────────────────────────────────────────────
13:09:39 │ EPOCH  45/80  train_loss 0.0105 (pos 0.082 / neg 0.005)  seedF1 0.685  0.9s  (120579 seeds/s)  eta ~0.5min
13:09:39 │ VAL  AUROC 0.9653 | AUPRC 0.6706 (base 0.0141) | F1 0.6672 (thr 0.827) | P 0.8571 R 0.5462 | MCC 0.6808
13:09:39 │ best AUPRC 0.6825 @ ep42   patience 17/20
13:09:39 └────────────────────────────────────────────────────────────────────────────
13:09:39 [train] ep46 step   1/19 | loss 0.0100 (pos 0.065/neg 0.005) | sup 466+/5507- | seedF1 0.718 | subgraph n=5,973 e=17,409 | lr 1.98e-04 | gpu 329MB
13:09:39 [train] ep46 step   5/19 | loss 0.0101 (pos 0.079/neg 0.005) | sup 463+/5726- | seedF1 0.660 | subgraph n=6,189 e=17,849 | lr 1.97e-04 | gpu 329MB
13:09:40 [train] ep46 step  10/19 | loss 0.0088 (pos 0.074/neg 0.004) | sup 436+/5888- | seedF1 0.662 | subgraph n=6,324 e=18,170 | lr 1.95e-04 | gpu 329MB
13:09:40 [train] ep46 step  15/19 | loss 0.0115 (pos 0.095/neg 0.004) | sup 472+/5488- | seedF1 0.666 | subgraph n=5,960 e=17,497 | lr 1.93e-04 | gpu 329MB
13:09:41 ┌────────────────────────────────────────────────────────────────────────────
13:09:41 │ EPOCH  46/80  train_loss 0.0103 (pos 0.081 / neg 0.005)  seedF1 0.665  1.0s  (118701 seeds/s)  eta ~0.5min
13:09:41 │ VAL  AUROC 0.9656 | AUPRC 0.6764 (base 0.0141) | F1 0.6778 (thr 0.827) | P 0.9464 R 0.5280 | MCC 0.7041
13:09:41 │ best AUPRC 0.6825 @ ep42   patience 16/20
13:09:41 └────────────────────────────────────────────────────────────────────────────
13:09:41 [train] ep47 step   1/19 | loss 0.0095 (pos 0.080/neg 0.004) | sup 420+/5587- | seedF1 0.675 | subgraph n=6,007 e=17,688 | lr 1.91e-04 | gpu 329MB
13:09:41 [train] ep47 step   6/19 | loss 0.0099 (pos 0.080/neg 0.004) | sup 436+/5532- | seedF1 0.680 | subgraph n=5,968 e=17,633 | lr 1.89e-04 | gpu 329MB
13:09:41 [train] ep47 step  11/19 | loss 0.0110 (pos 0.101/neg 0.005) | sup 398+/5720- | seedF1 0.677 | subgraph n=6,118 e=17,510 | lr 1.87e-04 | gpu 329MB
13:09:42 [train] ep47 step  16/19 | loss 0.0111 (pos 0.089/neg 0.005) | sup 436+/5468- | seedF1 0.683 | subgraph n=5,904 e=17,376 | lr 1.85e-04 | gpu 329MB
13:09:42 ┌────────────────────────────────────────────────────────────────────────────
13:09:42 │ EPOCH  47/80  train_loss 0.0102 (pos 0.083 / neg 0.005)  seedF1 0.677  1.0s  (120829 seeds/s)  eta ~0.5min
13:09:42 │ VAL  AUROC 0.9669 | AUPRC 0.6876 (base 0.0141) | F1 0.6849 (thr 0.813) | P 0.9451 R 0.5371 | MCC 0.7096
13:09:42 │ best AUPRC 0.6876 @ ep47   ** improved **
13:09:42 └────────────────────────────────────────────────────────────────────────────
13:09:43 [train] ep48 step   1/19 | loss 0.0085 (pos 0.057/neg 0.005) | sup 414+/5668- | seedF1 0.716 | subgraph n=6,082 e=17,493 | lr 1.84e-04 | gpu 329MB
13:09:43 [train] ep48 step   2/19 | loss 0.0094 (pos 0.070/neg 0.005) | sup 413+/5677- | seedF1 0.709 | subgraph n=6,090 e=17,756 | lr 1.83e-04 | gpu 329MB
13:09:43 [train] ep48 step   7/19 | loss 0.0087 (pos 0.074/neg 0.004) | sup 444+/5929- | seedF1 0.686 | subgraph n=6,373 e=18,277 | lr 1.81e-04 | gpu 329MB
13:09:43 [train] ep48 step  12/19 | loss 0.0108 (pos 0.093/neg 0.004) | sup 443+/5704- | seedF1 0.681 | subgraph n=6,147 e=17,916 | lr 1.79e-04 | gpu 329MB
13:09:43 [train] ep48 step  17/19 | loss 0.0095 (pos 0.064/neg 0.005) | sup 425+/5376- | seedF1 0.684 | subgraph n=5,801 e=17,158 | lr 1.77e-04 | gpu 329MB
13:09:44 ┌────────────────────────────────────────────────────────────────────────────
13:09:44 │ EPOCH  48/80  train_loss 0.0097 (pos 0.077 / neg 0.004)  seedF1 0.685  0.9s  (121089 seeds/s)  eta ~0.5min
13:09:44 │ VAL  AUROC 0.9665 | AUPRC 0.6849 (base 0.0141) | F1 0.6846 (thr 0.825) | P 0.9645 R 0.5306 | MCC 0.7127
13:09:44 │ best AUPRC 0.6876 @ ep47   patience 19/20
13:09:44 └────────────────────────────────────────────────────────────────────────────
13:09:44 [train] ep49 step   1/19 | loss 0.0109 (pos 0.090/neg 0.004) | sup 461+/5657- | seedF1 0.598 | subgraph n=6,118 e=17,903 | lr 1.76e-04 | gpu 329MB
13:09:44 [train] ep49 step   3/19 | loss 0.0119 (pos 0.089/neg 0.005) | sup 473+/5429- | seedF1 0.626 | subgraph n=5,902 e=17,308 | lr 1.75e-04 | gpu 329MB
13:09:45 [train] ep49 step   8/19 | loss 0.0110 (pos 0.087/neg 0.005) | sup 459+/5487- | seedF1 0.654 | subgraph n=5,946 e=17,413 | lr 1.73e-04 | gpu 329MB
13:09:45 [train] ep49 step  13/19 | loss 0.0094 (pos 0.066/neg 0.005) | sup 459+/5424- | seedF1 0.663 | subgraph n=5,883 e=17,428 | lr 1.71e-04 | gpu 329MB
13:09:45 [train] ep49 step  18/19 | loss 0.0113 (pos 0.094/neg 0.004) | sup 463+/5366- | seedF1 0.666 | subgraph n=5,829 e=17,006 | lr 1.69e-04 | gpu 329MB
13:09:46 ┌────────────────────────────────────────────────────────────────────────────
13:09:46 │ EPOCH  49/80  train_loss 0.0101 (pos 0.081 / neg 0.005)  seedF1 0.664  0.9s  (121380 seeds/s)  eta ~0.5min
13:09:46 │ VAL  AUROC 0.9665 | AUPRC 0.6810 (base 0.0141) | F1 0.6783 (thr 0.816) | P 0.8649 R 0.5579 | MCC 0.6913
13:09:46 │ best AUPRC 0.6876 @ ep47   patience 18/20
13:09:46 └────────────────────────────────────────────────────────────────────────────
13:09:46 [train] ep50 step   1/19 | loss 0.0103 (pos 0.072/neg 0.005) | sup 423+/5286- | seedF1 0.671 | subgraph n=5,709 e=16,794 | lr 1.69e-04 | gpu 329MB
13:09:46 [train] ep50 step   4/19 | loss 0.0108 (pos 0.082/neg 0.005) | sup 439+/5667- | seedF1 0.675 | subgraph n=6,106 e=17,684 | lr 1.67e-04 | gpu 329MB
13:09:46 [train] ep50 step   9/19 | loss 0.0109 (pos 0.087/neg 0.005) | sup 454+/5604- | seedF1 0.677 | subgraph n=6,058 e=17,693 | lr 1.65e-04 | gpu 329MB
13:09:46 [train] ep50 step  14/19 | loss 0.0105 (pos 0.083/neg 0.005) | sup 413+/5669- | seedF1 0.669 | subgraph n=6,082 e=17,839 | lr 1.63e-04 | gpu 329MB
13:09:47 [train] ep50 step  19/19 | loss 0.0099 (pos 0.088/neg 0.004) | sup 404+/5577- | seedF1 0.665 | subgraph n=5,981 e=17,349 | lr 1.61e-04 | gpu 329MB
13:09:47 ┌────────────────────────────────────────────────────────────────────────────
13:09:47 │ EPOCH  50/80  train_loss 0.0102 (pos 0.080 / neg 0.005)  seedF1 0.665  1.0s  (120257 seeds/s)  eta ~0.5min
13:09:47 │ VAL  AUROC 0.9662 | AUPRC 0.6741 (base 0.0141) | F1 0.6731 (thr 0.816) | P 0.8734 R 0.5475 | MCC 0.6882
13:09:47 │ best AUPRC 0.6876 @ ep47   patience 17/20
13:09:47 └────────────────────────────────────────────────────────────────────────────
13:09:47 [train] ep51 step   1/19 | loss 0.0103 (pos 0.081/neg 0.005) | sup 436+/5625- | seedF1 0.623 | subgraph n=6,061 e=17,633 | lr 1.61e-04 | gpu 329MB
13:09:48 [train] ep51 step   5/19 | loss 0.0098 (pos 0.081/neg 0.004) | sup 447+/5874- | seedF1 0.691 | subgraph n=6,321 e=17,993 | lr 1.59e-04 | gpu 329MB
13:09:48 [train] ep51 step  10/19 | loss 0.0109 (pos 0.084/neg 0.005) | sup 448+/5384- | seedF1 0.696 | subgraph n=5,832 e=17,228 | lr 1.57e-04 | gpu 329MB
13:09:48 [train] ep51 step  15/19 | loss 0.0116 (pos 0.089/neg 0.005) | sup 442+/5254- | seedF1 0.702 | subgraph n=5,696 e=16,854 | lr 1.56e-04 | gpu 329MB
13:09:49 ┌────────────────────────────────────────────────────────────────────────────
13:09:49 │ EPOCH  51/80  train_loss 0.0102 (pos 0.078 / neg 0.005)  seedF1 0.704  0.9s  (119510 seeds/s)  eta ~0.5min
13:09:49 │ VAL  AUROC 0.9680 | AUPRC 0.6897 (base 0.0141) | F1 0.6871 (thr 0.815) | P 0.9495 R 0.5384 | MCC 0.7122
13:09:49 │ best AUPRC 0.6897 @ ep51   ** improved **
13:09:49 └────────────────────────────────────────────────────────────────────────────
13:09:49 [train] ep52 step   1/19 | loss 0.0115 (pos 0.093/neg 0.004) | sup 467+/5436- | seedF1 0.690 | subgraph n=5,903 e=16,967 | lr 1.54e-04 | gpu 329MB
13:09:49 [train] ep52 step   6/19 | loss 0.0082 (pos 0.054/neg 0.004) | sup 444+/5363- | seedF1 0.677 | subgraph n=5,807 e=16,876 | lr 1.52e-04 | gpu 329MB
13:09:50 [train] ep52 step  11/19 | loss 0.0107 (pos 0.080/neg 0.005) | sup 452+/5541- | seedF1 0.676 | subgraph n=5,993 e=17,311 | lr 1.50e-04 | gpu 329MB
13:09:50 [train] ep52 step  16/19 | loss 0.0102 (pos 0.080/neg 0.004) | sup 455+/5533- | seedF1 0.681 | subgraph n=5,988 e=17,608 | lr 1.48e-04 | gpu 329MB
13:09:51 ┌────────────────────────────────────────────────────────────────────────────
13:09:51 │ EPOCH  52/80  train_loss 0.0102 (pos 0.079 / neg 0.005)  seedF1 0.683  0.9s  (119390 seeds/s)  eta ~0.4min
13:09:51 │ VAL  AUROC 0.9679 | AUPRC 0.6913 (base 0.0141) | F1 0.6861 (thr 0.809) | P 0.9079 R 0.5514 | MCC 0.7045
13:09:51 │ best AUPRC 0.6913 @ ep52   ** improved **
13:09:51 └────────────────────────────────────────────────────────────────────────────
13:09:51 [train] ep53 step   1/19 | loss 0.0094 (pos 0.077/neg 0.004) | sup 426+/5632- | seedF1 0.667 | subgraph n=6,058 e=17,596 | lr 1.46e-04 | gpu 329MB
13:09:51 [train] ep53 step   2/19 | loss 0.0099 (pos 0.085/neg 0.004) | sup 435+/5720- | seedF1 0.670 | subgraph n=6,155 e=17,908 | lr 1.46e-04 | gpu 329MB
13:09:51 [train] ep53 step   7/19 | loss 0.0093 (pos 0.066/neg 0.005) | sup 451+/5502- | seedF1 0.696 | subgraph n=5,953 e=17,730 | lr 1.44e-04 | gpu 329MB
13:09:51 [train] ep53 step  12/19 | loss 0.0108 (pos 0.089/neg 0.005) | sup 448+/5619- | seedF1 0.695 | subgraph n=6,067 e=17,716 | lr 1.42e-04 | gpu 329MB
13:09:52 [train] ep53 step  17/19 | loss 0.0103 (pos 0.092/neg 0.004) | sup 428+/5690- | seedF1 0.692 | subgraph n=6,118 e=18,032 | lr 1.40e-04 | gpu 329MB
13:09:52 ┌────────────────────────────────────────────────────────────────────────────
13:09:52 │ EPOCH  53/80  train_loss 0.0100 (pos 0.079 / neg 0.005)  seedF1 0.693  0.9s  (120655 seeds/s)  eta ~0.4min
13:09:52 │ VAL  AUROC 0.9674 | AUPRC 0.6881 (base 0.0141) | F1 0.6898 (thr 0.819) | P 0.9436 R 0.5436 | MCC 0.7134
13:09:52 │ best AUPRC 0.6913 @ ep52   patience 19/20
13:09:52 └────────────────────────────────────────────────────────────────────────────
13:09:52 [train] ep54 step   1/19 | loss 0.0084 (pos 0.057/neg 0.004) | sup 450+/5395- | seedF1 0.737 | subgraph n=5,845 e=16,910 | lr 1.38e-04 | gpu 329MB
13:09:53 [train] ep54 step   3/19 | loss 0.0094 (pos 0.077/neg 0.005) | sup 403+/5594- | seedF1 0.700 | subgraph n=5,997 e=17,922 | lr 1.38e-04 | gpu 329MB
13:09:53 [train] ep54 step   8/19 | loss 0.0093 (pos 0.068/neg 0.005) | sup 440+/5583- | seedF1 0.703 | subgraph n=6,023 e=17,258 | lr 1.36e-04 | gpu 329MB
13:09:53 [train] ep54 step  13/19 | loss 0.0102 (pos 0.085/neg 0.004) | sup 415+/5314- | seedF1 0.705 | subgraph n=5,729 e=16,418 | lr 1.34e-04 | gpu 329MB
13:09:53 [train] ep54 step  18/19 | loss 0.0096 (pos 0.075/neg 0.005) | sup 455+/5922- | seedF1 0.699 | subgraph n=6,377 e=18,573 | lr 1.32e-04 | gpu 329MB
13:09:54 ┌────────────────────────────────────────────────────────────────────────────
13:09:54 │ EPOCH  54/80  train_loss 0.0101 (pos 0.077 / neg 0.005)  seedF1 0.699  0.9s  (119452 seeds/s)  eta ~0.4min
13:09:54 │ VAL  AUROC 0.9676 | AUPRC 0.6871 (base 0.0141) | F1 0.6909 (thr 0.818) | P 0.9478 R 0.5436 | MCC 0.7150
13:09:54 │ best AUPRC 0.6913 @ ep52   patience 18/20
13:09:54 └────────────────────────────────────────────────────────────────────────────
13:09:54 [train] ep55 step   1/19 | loss 0.0094 (pos 0.072/neg 0.005) | sup 423+/5471- | seedF1 0.697 | subgraph n=5,894 e=17,031 | lr 1.31e-04 | gpu 329MB
13:09:54 [train] ep55 step   4/19 | loss 0.0095 (pos 0.070/neg 0.005) | sup 437+/5661- | seedF1 0.682 | subgraph n=6,098 e=17,724 | lr 1.30e-04 | gpu 329MB
13:09:55 [train] ep55 step   9/19 | loss 0.0098 (pos 0.072/neg 0.005) | sup 438+/5579- | seedF1 0.684 | subgraph n=6,017 e=17,320 | lr 1.28e-04 | gpu 329MB
13:09:55 [train] ep55 step  14/19 | loss 0.0093 (pos 0.066/neg 0.005) | sup 441+/5410- | seedF1 0.688 | subgraph n=5,851 e=17,336 | lr 1.26e-04 | gpu 329MB
13:09:55 [train] ep55 step  19/19 | loss 0.0112 (pos 0.099/neg 0.005) | sup 420+/5683- | seedF1 0.682 | subgraph n=6,103 e=17,897 | lr 1.24e-04 | gpu 329MB
13:09:56 ┌────────────────────────────────────────────────────────────────────────────
13:09:56 │ EPOCH  55/80  train_loss 0.0099 (pos 0.077 / neg 0.005)  seedF1 0.682  0.9s  (121160 seeds/s)  eta ~0.4min
13:09:56 │ VAL  AUROC 0.9670 | AUPRC 0.6791 (base 0.0141) | F1 0.6767 (thr 0.841) | P 0.9550 R 0.5241 | MCC 0.7047
13:09:56 │ best AUPRC 0.6913 @ ep52   patience 17/20
13:09:56 └────────────────────────────────────────────────────────────────────────────
13:09:56 [train] ep56 step   1/19 | loss 0.0077 (pos 0.056/neg 0.004) | sup 409+/5602- | seedF1 0.635 | subgraph n=6,011 e=17,615 | lr 1.23e-04 | gpu 329MB
13:09:56 [train] ep56 step   5/19 | loss 0.0105 (pos 0.083/neg 0.004) | sup 446+/5342- | seedF1 0.663 | subgraph n=5,788 e=16,927 | lr 1.22e-04 | gpu 329MB
13:09:56 [train] ep56 step  10/19 | loss 0.0095 (pos 0.075/neg 0.004) | sup 426+/5424- | seedF1 0.669 | subgraph n=5,850 e=16,817 | lr 1.20e-04 | gpu 329MB
13:09:56 [train] ep56 step  15/19 | loss 0.0104 (pos 0.084/neg 0.004) | sup 464+/5714- | seedF1 0.658 | subgraph n=6,178 e=17,793 | lr 1.18e-04 | gpu 329MB
13:09:57 ┌────────────────────────────────────────────────────────────────────────────
13:09:57 │ EPOCH  56/80  train_loss 0.0096 (pos 0.078 / neg 0.004)  seedF1 0.658  1.0s  (119200 seeds/s)  eta ~0.4min
13:09:57 │ VAL  AUROC 0.9668 | AUPRC 0.6893 (base 0.0141) | F1 0.6897 (thr 0.814) | P 0.9354 R 0.5462 | MCC 0.7119
13:09:57 │ best AUPRC 0.6913 @ ep52   patience 16/20
13:09:57 └────────────────────────────────────────────────────────────────────────────
13:09:57 [train] ep57 step   1/19 | loss 0.0111 (pos 0.091/neg 0.004) | sup 480+/5824- | seedF1 0.710 | subgraph n=6,304 e=18,422 | lr 1.16e-04 | gpu 329MB
13:09:58 [train] ep57 step   6/19 | loss 0.0099 (pos 0.064/neg 0.005) | sup 492+/5356- | seedF1 0.689 | subgraph n=5,848 e=16,991 | lr 1.14e-04 | gpu 329MB
13:09:58 [train] ep57 step  11/19 | loss 0.0095 (pos 0.084/neg 0.004) | sup 409+/5761- | seedF1 0.678 | subgraph n=6,170 e=17,775 | lr 1.12e-04 | gpu 329MB
13:09:58 [train] ep57 step  16/19 | loss 0.0112 (pos 0.097/neg 0.005) | sup 415+/5525- | seedF1 0.676 | subgraph n=5,940 e=17,267 | lr 1.10e-04 | gpu 329MB
13:09:59 ┌────────────────────────────────────────────────────────────────────────────
13:09:59 │ EPOCH  57/80  train_loss 0.0099 (pos 0.080 / neg 0.004)  seedF1 0.675  0.9s  (120373 seeds/s)  eta ~0.4min
13:09:59 │ VAL  AUROC 0.9674 | AUPRC 0.6888 (base 0.0141) | F1 0.6884 (thr 0.813) | P 0.9234 R 0.5488 | MCC 0.7089
13:09:59 │ best AUPRC 0.6913 @ ep52   patience 15/20
13:09:59 └────────────────────────────────────────────────────────────────────────────
13:09:59 [train] ep58 step   1/19 | loss 0.0103 (pos 0.091/neg 0.004) | sup 433+/5655- | seedF1 0.622 | subgraph n=6,088 e=17,946 | lr 1.09e-04 | gpu 329MB
13:09:59 [train] ep58 step   2/19 | loss 0.0096 (pos 0.074/neg 0.004) | sup 459+/5766- | seedF1 0.631 | subgraph n=6,225 e=17,980 | lr 1.09e-04 | gpu 329MB
13:09:59 [train] ep58 step   7/19 | loss 0.0091 (pos 0.071/neg 0.004) | sup 421+/5631- | seedF1 0.686 | subgraph n=6,052 e=17,736 | lr 1.07e-04 | gpu 329MB
13:10:00 [train] ep58 step  12/19 | loss 0.0096 (pos 0.066/neg 0.005) | sup 466+/5631- | seedF1 0.698 | subgraph n=6,097 e=17,818 | lr 1.05e-04 | gpu 329MB
13:10:00 [train] ep58 step  17/19 | loss 0.0091 (pos 0.063/neg 0.005) | sup 420+/5399- | seedF1 0.700 | subgraph n=5,819 e=16,744 | lr 1.03e-04 | gpu 329MB
13:10:01 ┌────────────────────────────────────────────────────────────────────────────
13:10:01 │ EPOCH  58/80  train_loss 0.0097 (pos 0.074 / neg 0.005)  seedF1 0.701  1.0s  (118195 seeds/s)  eta ~0.4min
13:10:01 │ VAL  AUROC 0.9671 | AUPRC 0.6872 (base 0.0141) | F1 0.6884 (thr 0.833) | P 0.9671 R 0.5345 | MCC 0.7163
13:10:01 │ best AUPRC 0.6913 @ ep52   patience 14/20
13:10:01 └────────────────────────────────────────────────────────────────────────────
13:10:01 [train] ep59 step   1/19 | loss 0.0100 (pos 0.082/neg 0.004) | sup 430+/5466- | seedF1 0.671 | subgraph n=5,896 e=16,826 | lr 1.02e-04 | gpu 329MB
13:10:01 [train] ep59 step   3/19 | loss 0.0088 (pos 0.067/neg 0.005) | sup 409+/5599- | seedF1 0.678 | subgraph n=6,008 e=17,686 | lr 1.01e-04 | gpu 329MB
13:10:01 [train] ep59 step   8/19 | loss 0.0087 (pos 0.070/neg 0.004) | sup 432+/5819- | seedF1 0.687 | subgraph n=6,251 e=18,239 | lr 9.93e-05 | gpu 329MB
13:10:01 [train] ep59 step  13/19 | loss 0.0094 (pos 0.075/neg 0.004) | sup 440+/5419- | seedF1 0.683 | subgraph n=5,859 e=17,043 | lr 9.75e-05 | gpu 329MB
13:10:02 [train] ep59 step  18/19 | loss 0.0111 (pos 0.090/neg 0.004) | sup 461+/5439- | seedF1 0.679 | subgraph n=5,900 e=17,232 | lr 9.57e-05 | gpu 329MB
13:10:02 ┌────────────────────────────────────────────────────────────────────────────
13:10:02 │ EPOCH  59/80  train_loss 0.0096 (pos 0.077 / neg 0.004)  seedF1 0.679  0.9s  (120555 seeds/s)  eta ~0.3min
13:10:02 │ VAL  AUROC 0.9676 | AUPRC 0.6901 (base 0.0141) | F1 0.6928 (thr 0.828) | P 0.9674 R 0.5397 | MCC 0.7199
13:10:02 │ best AUPRC 0.6913 @ ep52   patience 13/20
13:10:02 └────────────────────────────────────────────────────────────────────────────
13:10:02 [train] ep60 step   1/19 | loss 0.0110 (pos 0.099/neg 0.004) | sup 448+/5743- | seedF1 0.689 | subgraph n=6,191 e=18,030 | lr 9.50e-05 | gpu 329MB
13:10:03 [train] ep60 step   4/19 | loss 0.0100 (pos 0.085/neg 0.005) | sup 429+/5891- | seedF1 0.705 | subgraph n=6,320 e=18,365 | lr 9.39e-05 | gpu 329MB
13:10:03 [train] ep60 step   9/19 | loss 0.0087 (pos 0.065/neg 0.004) | sup 431+/5550- | seedF1 0.692 | subgraph n=5,981 e=17,211 | lr 9.21e-05 | gpu 329MB
13:10:03 [train] ep60 step  14/19 | loss 0.0094 (pos 0.073/neg 0.005) | sup 422+/5630- | seedF1 0.679 | subgraph n=6,052 e=17,265 | lr 9.03e-05 | gpu 329MB
13:10:03 [train] ep60 step  19/19 | loss 0.0106 (pos 0.088/neg 0.004) | sup 421+/5180- | seedF1 0.676 | subgraph n=5,601 e=16,253 | lr 8.86e-05 | gpu 329MB
13:10:04 ┌────────────────────────────────────────────────────────────────────────────
13:10:04 │ EPOCH  60/80  train_loss 0.0098 (pos 0.080 / neg 0.004)  seedF1 0.676  0.9s  (121819 seeds/s)  eta ~0.3min
13:10:04 │ VAL  AUROC 0.9681 | AUPRC 0.6966 (base 0.0141) | F1 0.6965 (thr 0.813) | P 0.9611 R 0.5462 | MCC 0.7219
13:10:04 │ best AUPRC 0.6966 @ ep60   ** improved **
13:10:04 └────────────────────────────────────────────────────────────────────────────
13:10:04 [train] ep61 step   1/19 | loss 0.0097 (pos 0.074/neg 0.004) | sup 471+/5781- | seedF1 0.674 | subgraph n=6,252 e=18,075 | lr 8.82e-05 | gpu 329MB
13:10:04 [train] ep61 step   5/19 | loss 0.0096 (pos 0.064/neg 0.005) | sup 492+/5853- | seedF1 0.684 | subgraph n=6,345 e=18,216 | lr 8.68e-05 | gpu 329MB
13:10:05 [train] ep61 step  10/19 | loss 0.0106 (pos 0.099/neg 0.004) | sup 418+/5758- | seedF1 0.673 | subgraph n=6,176 e=17,805 | lr 8.51e-05 | gpu 329MB
13:10:05 [train] ep61 step  15/19 | loss 0.0099 (pos 0.077/neg 0.004) | sup 454+/5616- | seedF1 0.682 | subgraph n=6,070 e=17,447 | lr 8.34e-05 | gpu 329MB
13:10:06 ┌────────────────────────────────────────────────────────────────────────────
13:10:06 │ EPOCH  61/80  train_loss 0.0098 (pos 0.075 / neg 0.005)  seedF1 0.684  1.0s  (112578 seeds/s)  eta ~0.3min
13:10:06 │ VAL  AUROC 0.9672 | AUPRC 0.6834 (base 0.0141) | F1 0.6869 (thr 0.815) | P 0.9290 R 0.5449 | MCC 0.7086
13:10:06 │ best AUPRC 0.6966 @ ep60   patience 19/20
13:10:06 └────────────────────────────────────────────────────────────────────────────
13:10:06 [train] ep62 step   1/19 | loss 0.0090 (pos 0.071/neg 0.004) | sup 408+/5279- | seedF1 0.668 | subgraph n=5,687 e=16,693 | lr 8.17e-05 | gpu 329MB
13:10:06 [train] ep62 step   6/19 | loss 0.0094 (pos 0.074/neg 0.004) | sup 434+/5466- | seedF1 0.685 | subgraph n=5,900 e=17,295 | lr 8.00e-05 | gpu 329MB
13:10:06 [train] ep62 step  11/19 | loss 0.0095 (pos 0.077/neg 0.004) | sup 413+/5453- | seedF1 0.681 | subgraph n=5,866 e=16,796 | lr 7.83e-05 | gpu 332MB
13:10:06 [train] ep62 step  16/19 | loss 0.0091 (pos 0.080/neg 0.004) | sup 409+/5582- | seedF1 0.687 | subgraph n=5,991 e=17,381 | lr 7.67e-05 | gpu 332MB
13:10:07 ┌────────────────────────────────────────────────────────────────────────────
13:10:07 │ EPOCH  62/80  train_loss 0.0095 (pos 0.076 / neg 0.004)  seedF1 0.687  0.9s  (120713 seeds/s)  eta ~0.3min
13:10:07 │ VAL  AUROC 0.9682 | AUPRC 0.6900 (base 0.0141) | F1 0.6918 (thr 0.826) | P 0.9718 R 0.5371 | MCC 0.7198
13:10:07 │ best AUPRC 0.6966 @ ep60   patience 18/20
13:10:07 └────────────────────────────────────────────────────────────────────────────
13:10:07 [train] ep63 step   1/19 | loss 0.0107 (pos 0.084/neg 0.005) | sup 418+/5363- | seedF1 0.623 | subgraph n=5,781 e=16,562 | lr 7.54e-05 | gpu 332MB
13:10:07 [train] ep63 step   2/19 | loss 0.0102 (pos 0.089/neg 0.004) | sup 427+/5598- | seedF1 0.673 | subgraph n=6,025 e=17,415 | lr 7.50e-05 | gpu 332MB
13:10:08 [train] ep63 step   7/19 | loss 0.0093 (pos 0.075/neg 0.004) | sup 461+/5693- | seedF1 0.668 | subgraph n=6,154 e=17,898 | lr 7.34e-05 | gpu 332MB
13:10:08 [train] ep63 step  12/19 | loss 0.0096 (pos 0.076/neg 0.004) | sup 465+/5543- | seedF1 0.677 | subgraph n=6,008 e=17,584 | lr 7.18e-05 | gpu 332MB
13:10:08 [train] ep63 step  17/19 | loss 0.0080 (pos 0.071/neg 0.003) | sup 421+/5753- | seedF1 0.685 | subgraph n=6,174 e=18,030 | lr 7.02e-05 | gpu 332MB
13:10:09 ┌────────────────────────────────────────────────────────────────────────────
13:10:09 │ EPOCH  63/80  train_loss 0.0094 (pos 0.076 / neg 0.004)  seedF1 0.685  1.0s  (119811 seeds/s)  eta ~0.3min
13:10:09 │ VAL  AUROC 0.9675 | AUPRC 0.6838 (base 0.0141) | F1 0.6873 (thr 0.832) | P 0.9625 R 0.5345 | MCC 0.7146
13:10:09 │ best AUPRC 0.6966 @ ep60   patience 17/20
13:10:09 └────────────────────────────────────────────────────────────────────────────
13:10:09 [train] ep64 step   1/19 | loss 0.0108 (pos 0.096/neg 0.004) | sup 392+/5033- | seedF1 0.590 | subgraph n=5,425 e=15,920 | lr 6.93e-05 | gpu 332MB
13:10:09 [train] ep64 step   3/19 | loss 0.0093 (pos 0.071/neg 0.004) | sup 439+/5425- | seedF1 0.674 | subgraph n=5,864 e=16,954 | lr 6.87e-05 | gpu 332MB
13:10:09 [train] ep64 step   8/19 | loss 0.0102 (pos 0.086/neg 0.004) | sup 453+/5910- | seedF1 0.663 | subgraph n=6,363 e=18,316 | lr 6.71e-05 | gpu 332MB
13:10:10 [train] ep64 step  13/19 | loss 0.0099 (pos 0.064/neg 0.005) | sup 452+/5248- | seedF1 0.670 | subgraph n=5,700 e=16,781 | lr 6.56e-05 | gpu 332MB
13:10:10 [train] ep64 step  18/19 | loss 0.0085 (pos 0.055/neg 0.005) | sup 404+/5157- | seedF1 0.676 | subgraph n=5,561 e=16,358 | lr 6.40e-05 | gpu 332MB
13:10:11 ┌────────────────────────────────────────────────────────────────────────────
13:10:11 │ EPOCH  64/80  train_loss 0.0100 (pos 0.078 / neg 0.004)  seedF1 0.679  0.9s  (120696 seeds/s)  eta ~0.2min
13:10:11 │ VAL  AUROC 0.9673 | AUPRC 0.6884 (base 0.0141) | F1 0.6900 (thr 0.825) | P 0.9606 R 0.5384 | MCC 0.7164
13:10:11 │ best AUPRC 0.6966 @ ep60   patience 16/20
13:10:11 └────────────────────────────────────────────────────────────────────────────
13:10:11 [train] ep65 step   1/19 | loss 0.0087 (pos 0.066/neg 0.004) | sup 411+/5524- | seedF1 0.692 | subgraph n=5,935 e=17,271 | lr 6.34e-05 | gpu 332MB
13:10:11 [train] ep65 step   4/19 | loss 0.0093 (pos 0.080/neg 0.004) | sup 434+/5996- | seedF1 0.677 | subgraph n=6,430 e=18,340 | lr 6.25e-05 | gpu 332MB
13:10:11 [train] ep65 step   9/19 | loss 0.0097 (pos 0.075/neg 0.005) | sup 432+/5531- | seedF1 0.682 | subgraph n=5,963 e=17,341 | lr 6.11e-05 | gpu 332MB
13:10:11 [train] ep65 step  14/19 | loss 0.0079 (pos 0.055/neg 0.004) | sup 472+/5506- | seedF1 0.690 | subgraph n=5,978 e=17,340 | lr 5.96e-05 | gpu 332MB
13:10:12 [train] ep65 step  19/19 | loss 0.0098 (pos 0.078/neg 0.005) | sup 422+/5510- | seedF1 0.679 | subgraph n=5,932 e=17,368 | lr 5.82e-05 | gpu 332MB
13:10:12 ┌────────────────────────────────────────────────────────────────────────────
13:10:12 │ EPOCH  65/80  train_loss 0.0096 (pos 0.076 / neg 0.004)  seedF1 0.679  0.9s  (121317 seeds/s)  eta ~0.2min
13:10:12 │ VAL  AUROC 0.9677 | AUPRC 0.6882 (base 0.0141) | F1 0.6906 (thr 0.830) | P 0.9628 R 0.5384 | MCC 0.7173
13:10:12 │ best AUPRC 0.6966 @ ep60   patience 15/20
13:10:12 └────────────────────────────────────────────────────────────────────────────
13:10:12 [train] ep66 step   1/19 | loss 0.0099 (pos 0.083/neg 0.004) | sup 425+/5697- | seedF1 0.680 | subgraph n=6,122 e=17,868 | lr 5.79e-05 | gpu 332MB
13:10:13 [train] ep66 step   5/19 | loss 0.0095 (pos 0.074/neg 0.004) | sup 444+/5712- | seedF1 0.677 | subgraph n=6,156 e=17,789 | lr 5.67e-05 | gpu 332MB
13:10:13 [train] ep66 step  10/19 | loss 0.0083 (pos 0.066/neg 0.004) | sup 417+/5526- | seedF1 0.681 | subgraph n=5,943 e=17,313 | lr 5.53e-05 | gpu 332MB
13:10:13 [train] ep66 step  15/19 | loss 0.0090 (pos 0.068/neg 0.004) | sup 422+/5428- | seedF1 0.686 | subgraph n=5,850 e=16,881 | lr 5.40e-05 | gpu 332MB
13:10:14 ┌────────────────────────────────────────────────────────────────────────────
13:10:14 │ EPOCH  66/80  train_loss 0.0095 (pos 0.073 / neg 0.004)  seedF1 0.686  1.0s  (118732 seeds/s)  eta ~0.2min
13:10:14 │ VAL  AUROC 0.9681 | AUPRC 0.6925 (base 0.0141) | F1 0.6910 (thr 0.820) | P 0.9563 R 0.5410 | MCC 0.7166
13:10:14 │ best AUPRC 0.6966 @ ep60   patience 14/20
13:10:14 └────────────────────────────────────────────────────────────────────────────
13:10:14 [train] ep67 step   1/19 | loss 0.0102 (pos 0.075/neg 0.005) | sup 438+/5355- | seedF1 0.694 | subgraph n=5,793 e=16,842 | lr 5.26e-05 | gpu 332MB
13:10:14 [train] ep67 step   6/19 | loss 0.0096 (pos 0.080/neg 0.004) | sup 409+/5435- | seedF1 0.687 | subgraph n=5,844 e=17,140 | lr 5.12e-05 | gpu 332MB
13:10:15 [train] ep67 step  11/19 | loss 0.0090 (pos 0.074/neg 0.004) | sup 432+/5844- | seedF1 0.685 | subgraph n=6,276 e=18,114 | lr 4.99e-05 | gpu 332MB
13:10:15 [train] ep67 step  16/19 | loss 0.0104 (pos 0.081/neg 0.005) | sup 438+/5558- | seedF1 0.685 | subgraph n=5,996 e=17,654 | lr 4.86e-05 | gpu 332MB
13:10:16 ┌────────────────────────────────────────────────────────────────────────────
13:10:16 │ EPOCH  67/80  train_loss 0.0097 (pos 0.076 / neg 0.004)  seedF1 0.682  0.9s  (118165 seeds/s)  eta ~0.2min
13:10:16 │ VAL  AUROC 0.9677 | AUPRC 0.6912 (base 0.0141) | F1 0.6905 (thr 0.825) | P 0.9584 R 0.5397 | MCC 0.7165
13:10:16 │ best AUPRC 0.6966 @ ep60   patience 13/20
13:10:16 └────────────────────────────────────────────────────────────────────────────
13:10:16 [train] ep68 step   1/19 | loss 0.0099 (pos 0.076/neg 0.004) | sup 471+/5538- | seedF1 0.679 | subgraph n=6,009 e=17,322 | lr 4.76e-05 | gpu 332MB
13:10:16 [train] ep68 step   2/19 | loss 0.0097 (pos 0.074/neg 0.005) | sup 449+/5761- | seedF1 0.684 | subgraph n=6,210 e=18,111 | lr 4.73e-05 | gpu 332MB
13:10:16 [train] ep68 step   7/19 | loss 0.0103 (pos 0.077/neg 0.005) | sup 452+/5341- | seedF1 0.688 | subgraph n=5,793 e=16,772 | lr 4.61e-05 | gpu 332MB
13:10:16 [train] ep68 step  12/19 | loss 0.0080 (pos 0.054/neg 0.004) | sup 421+/5340- | seedF1 0.675 | subgraph n=5,761 e=16,870 | lr 4.49e-05 | gpu 332MB
13:10:17 [train] ep68 step  17/19 | loss 0.0096 (pos 0.082/neg 0.004) | sup 431+/5688- | seedF1 0.680 | subgraph n=6,119 e=17,551 | lr 4.36e-05 | gpu 332MB
13:10:17 ┌────────────────────────────────────────────────────────────────────────────
13:10:17 │ EPOCH  68/80  train_loss 0.0093 (pos 0.072 / neg 0.004)  seedF1 0.681  1.0s  (119968 seeds/s)  eta ~0.2min
13:10:17 │ VAL  AUROC 0.9680 | AUPRC 0.6913 (base 0.0141) | F1 0.6905 (thr 0.822) | P 0.9541 R 0.5410 | MCC 0.7157
13:10:17 │ best AUPRC 0.6966 @ ep60   patience 12/20
13:10:17 └────────────────────────────────────────────────────────────────────────────
13:10:17 [train] ep69 step   1/19 | loss 0.0088 (pos 0.069/neg 0.004) | sup 404+/5358- | seedF1 0.710 | subgraph n=5,762 e=16,645 | lr 4.29e-05 | gpu 332MB
13:10:17 [train] ep69 step   3/19 | loss 0.0101 (pos 0.083/neg 0.004) | sup 462+/5597- | seedF1 0.688 | subgraph n=6,059 e=17,425 | lr 4.25e-05 | gpu 332MB
13:10:18 [train] ep69 step   8/19 | loss 0.0088 (pos 0.073/neg 0.004) | sup 452+/5951- | seedF1 0.704 | subgraph n=6,403 e=18,530 | lr 4.13e-05 | gpu 332MB
13:10:18 [train] ep69 step  13/19 | loss 0.0087 (pos 0.066/neg 0.004) | sup 427+/5798- | seedF1 0.713 | subgraph n=6,225 e=18,007 | lr 4.01e-05 | gpu 332MB
13:10:18 [train] ep69 step  18/19 | loss 0.0095 (pos 0.076/neg 0.004) | sup 441+/5551- | seedF1 0.705 | subgraph n=5,992 e=17,331 | lr 3.90e-05 | gpu 332MB
13:10:19 ┌────────────────────────────────────────────────────────────────────────────
13:10:19 │ EPOCH  69/80  train_loss 0.0095 (pos 0.075 / neg 0.004)  seedF1 0.704  1.0s  (120335 seeds/s)  eta ~0.2min
13:10:19 │ VAL  AUROC 0.9681 | AUPRC 0.6922 (base 0.0141) | F1 0.6920 (thr 0.815) | P 0.9480 R 0.5449 | MCC 0.7159
13:10:19 │ best AUPRC 0.6966 @ ep60   patience 11/20
13:10:19 └────────────────────────────────────────────────────────────────────────────
13:10:19 [train] ep70 step   1/19 | loss 0.0114 (pos 0.096/neg 0.005) | sup 440+/5404- | seedF1 0.670 | subgraph n=5,844 e=16,535 | lr 3.86e-05 | gpu 332MB
13:10:19 [train] ep70 step   4/19 | loss 0.0105 (pos 0.088/neg 0.004) | sup 439+/5644- | seedF1 0.687 | subgraph n=6,083 e=17,714 | lr 3.79e-05 | gpu 332MB
13:10:19 [train] ep70 step   9/19 | loss 0.0089 (pos 0.079/neg 0.004) | sup 417+/5803- | seedF1 0.699 | subgraph n=6,220 e=17,957 | lr 3.68e-05 | gpu 332MB
13:10:20 [train] ep70 step  14/19 | loss 0.0107 (pos 0.081/neg 0.005) | sup 439+/5309- | seedF1 0.698 | subgraph n=5,748 e=16,751 | lr 3.58e-05 | gpu 332MB
13:10:20 [train] ep70 step  19/19 | loss 0.0105 (pos 0.080/neg 0.005) | sup 422+/5127- | seedF1 0.696 | subgraph n=5,549 e=16,262 | lr 3.48e-05 | gpu 332MB
13:10:21 ┌────────────────────────────────────────────────────────────────────────────
13:10:21 │ EPOCH  70/80  train_loss 0.0097 (pos 0.075 / neg 0.004)  seedF1 0.696  0.9s  (120593 seeds/s)  eta ~0.2min
13:10:21 │ VAL  AUROC 0.9679 | AUPRC 0.6920 (base 0.0141) | F1 0.6931 (thr 0.813) | P 0.9481 R 0.5462 | MCC 0.7168
13:10:21 │ best AUPRC 0.6966 @ ep60   patience 10/20
13:10:21 └────────────────────────────────────────────────────────────────────────────
13:10:21 [train] ep71 step   1/19 | loss 0.0105 (pos 0.076/neg 0.005) | sup 421+/5349- | seedF1 0.676 | subgraph n=5,770 e=16,822 | lr 3.46e-05 | gpu 332MB
13:10:21 [train] ep71 step   5/19 | loss 0.0100 (pos 0.085/neg 0.004) | sup 406+/5322- | seedF1 0.698 | subgraph n=5,728 e=16,473 | lr 3.38e-05 | gpu 332MB
13:10:21 [train] ep71 step  10/19 | loss 0.0092 (pos 0.077/neg 0.004) | sup 434+/5401- | seedF1 0.695 | subgraph n=5,835 e=17,094 | lr 3.28e-05 | gpu 332MB
13:10:21 [train] ep71 step  15/19 | loss 0.0084 (pos 0.067/neg 0.004) | sup 429+/5834- | seedF1 0.692 | subgraph n=6,263 e=18,142 | lr 3.18e-05 | gpu 332MB
13:10:22 ┌────────────────────────────────────────────────────────────────────────────
13:10:22 │ EPOCH  71/80  train_loss 0.0097 (pos 0.076 / neg 0.004)  seedF1 0.691  0.9s  (119354 seeds/s)  eta ~0.1min
13:10:22 │ VAL  AUROC 0.9677 | AUPRC 0.6912 (base 0.0141) | F1 0.6910 (thr 0.818) | P 0.9563 R 0.5410 | MCC 0.7166
13:10:22 │ best AUPRC 0.6966 @ ep60   patience 9/20
13:10:22 └────────────────────────────────────────────────────────────────────────────
13:10:22 [train] ep72 step   1/19 | loss 0.0081 (pos 0.062/neg 0.004) | sup 414+/5792- | seedF1 0.684 | subgraph n=6,206 e=18,291 | lr 3.09e-05 | gpu 332MB
13:10:23 [train] ep72 step   6/19 | loss 0.0091 (pos 0.078/neg 0.004) | sup 421+/5957- | seedF1 0.700 | subgraph n=6,378 e=18,560 | lr 3.00e-05 | gpu 332MB
13:10:23 [train] ep72 step  11/19 | loss 0.0100 (pos 0.080/neg 0.004) | sup 462+/5713- | seedF1 0.684 | subgraph n=6,175 e=18,165 | lr 2.91e-05 | gpu 332MB
13:10:23 [train] ep72 step  16/19 | loss 0.0095 (pos 0.091/neg 0.004) | sup 403+/5707- | seedF1 0.685 | subgraph n=6,110 e=17,812 | lr 2.83e-05 | gpu 332MB
13:10:24 ┌────────────────────────────────────────────────────────────────────────────
13:10:24 │ EPOCH  72/80  train_loss 0.0095 (pos 0.077 / neg 0.004)  seedF1 0.680  0.9s  (119862 seeds/s)  eta ~0.1min
13:10:24 │ VAL  AUROC 0.9678 | AUPRC 0.6919 (base 0.0141) | F1 0.6911 (thr 0.822) | P 0.9606 R 0.5397 | MCC 0.7173
13:10:24 │ best AUPRC 0.6966 @ ep60   patience 8/20
13:10:24 └────────────────────────────────────────────────────────────────────────────
13:10:24 [train] ep73 step   1/19 | loss 0.0099 (pos 0.076/neg 0.004) | sup 449+/5265- | seedF1 0.708 | subgraph n=5,714 e=16,709 | lr 2.76e-05 | gpu 332MB
13:10:24 [train] ep73 step   2/19 | loss 0.0097 (pos 0.078/neg 0.004) | sup 433+/5557- | seedF1 0.734 | subgraph n=5,990 e=17,389 | lr 2.74e-05 | gpu 332MB
13:10:24 [train] ep73 step   7/19 | loss 0.0092 (pos 0.073/neg 0.004) | sup 440+/5583- | seedF1 0.702 | subgraph n=6,023 e=17,727 | lr 2.66e-05 | gpu 332MB
13:10:25 [train] ep73 step  12/19 | loss 0.0096 (pos 0.076/neg 0.004) | sup 462+/5777- | seedF1 0.704 | subgraph n=6,239 e=18,131 | lr 2.58e-05 | gpu 332MB
13:10:25 [train] ep73 step  17/19 | loss 0.0093 (pos 0.071/neg 0.004) | sup 450+/5518- | seedF1 0.703 | subgraph n=5,968 e=17,212 | lr 2.51e-05 | gpu 332MB
13:10:26 ┌────────────────────────────────────────────────────────────────────────────
13:10:26 │ EPOCH  73/80  train_loss 0.0095 (pos 0.073 / neg 0.004)  seedF1 0.702  0.9s  (120492 seeds/s)  eta ~0.1min
13:10:26 │ VAL  AUROC 0.9682 | AUPRC 0.6962 (base 0.0141) | F1 0.6927 (thr 0.797) | P 0.8967 R 0.5644 | MCC 0.7083
13:10:26 │ best AUPRC 0.6966 @ ep60   patience 7/20
13:10:26 └────────────────────────────────────────────────────────────────────────────
13:10:26 [train] ep74 step   1/19 | loss 0.0088 (pos 0.074/neg 0.004) | sup 414+/5997- | seedF1 0.733 | subgraph n=6,411 e=18,649 | lr 2.47e-05 | gpu 332MB
13:10:26 [train] ep74 step   3/19 | loss 0.0092 (pos 0.072/neg 0.004) | sup 436+/5521- | seedF1 0.716 | subgraph n=5,957 e=17,533 | lr 2.44e-05 | gpu 332MB
13:10:26 [train] ep74 step   8/19 | loss 0.0107 (pos 0.088/neg 0.004) | sup 428+/5134- | seedF1 0.714 | subgraph n=5,562 e=16,115 | lr 2.37e-05 | gpu 332MB
13:10:26 [train] ep74 step  13/19 | loss 0.0096 (pos 0.082/neg 0.004) | sup 426+/5558- | seedF1 0.711 | subgraph n=5,984 e=17,661 | lr 2.30e-05 | gpu 332MB
13:10:27 [train] ep74 step  18/19 | loss 0.0079 (pos 0.053/neg 0.004) | sup 421+/5470- | seedF1 0.715 | subgraph n=5,891 e=17,291 | lr 2.23e-05 | gpu 332MB
13:10:27 ┌────────────────────────────────────────────────────────────────────────────
13:10:27 │ EPOCH  74/80  train_loss 0.0093 (pos 0.072 / neg 0.004)  seedF1 0.714  0.9s  (119559 seeds/s)  eta ~0.1min
13:10:27 │ VAL  AUROC 0.9677 | AUPRC 0.6911 (base 0.0141) | F1 0.6910 (thr 0.821) | P 0.9521 R 0.5423 | MCC 0.7158
13:10:27 │ best AUPRC 0.6966 @ ep60   patience 6/20
13:10:27 └────────────────────────────────────────────────────────────────────────────
13:10:27 [train] ep75 step   1/19 | loss 0.0095 (pos 0.070/neg 0.004) | sup 453+/5435- | seedF1 0.669 | subgraph n=5,888 e=16,961 | lr 2.21e-05 | gpu 332MB
13:10:27 [train] ep75 step   4/19 | loss 0.0093 (pos 0.078/neg 0.004) | sup 450+/5964- | seedF1 0.696 | subgraph n=6,414 e=18,406 | lr 2.17e-05 | gpu 332MB
13:10:28 [train] ep75 step   9/19 | loss 0.0089 (pos 0.067/neg 0.004) | sup 411+/5394- | seedF1 0.693 | subgraph n=5,805 e=16,792 | lr 2.11e-05 | gpu 332MB
13:10:28 [train] ep75 step  14/19 | loss 0.0098 (pos 0.077/neg 0.004) | sup 445+/5515- | seedF1 0.693 | subgraph n=5,960 e=17,075 | lr 2.06e-05 | gpu 332MB
13:10:28 [train] ep75 step  19/19 | loss 0.0092 (pos 0.070/neg 0.004) | sup 444+/5441- | seedF1 0.691 | subgraph n=5,885 e=16,990 | lr 2.00e-05 | gpu 332MB
13:10:29 ┌────────────────────────────────────────────────────────────────────────────
13:10:29 │ EPOCH  75/80  train_loss 0.0096 (pos 0.074 / neg 0.004)  seedF1 0.691  0.9s  (119879 seeds/s)  eta ~0.1min
13:10:29 │ VAL  AUROC 0.9682 | AUPRC 0.6927 (base 0.0141) | F1 0.6920 (thr 0.817) | P 0.9480 R 0.5449 | MCC 0.7159
13:10:29 │ best AUPRC 0.6966 @ ep60   patience 5/20
13:10:29 └────────────────────────────────────────────────────────────────────────────
13:10:29 [train] ep76 step   1/19 | loss 0.0093 (pos 0.080/neg 0.004) | sup 422+/5383- | seedF1 0.695 | subgraph n=5,805 e=16,928 | lr 1.99e-05 | gpu 332MB
13:10:29 [train] ep76 step   5/19 | loss 0.0095 (pos 0.074/neg 0.004) | sup 420+/5177- | seedF1 0.687 | subgraph n=5,597 e=16,364 | lr 1.95e-05 | gpu 332MB
13:10:29 [train] ep76 step  10/19 | loss 0.0102 (pos 0.076/neg 0.004) | sup 490+/5462- | seedF1 0.696 | subgraph n=5,952 e=16,987 | lr 1.90e-05 | gpu 332MB
13:10:30 [train] ep76 step  15/19 | loss 0.0088 (pos 0.075/neg 0.004) | sup 430+/5680- | seedF1 0.706 | subgraph n=6,110 e=17,909 | lr 1.86e-05 | gpu 332MB
13:10:31 ┌────────────────────────────────────────────────────────────────────────────
13:10:31 │ EPOCH  76/80  train_loss 0.0093 (pos 0.072 / neg 0.004)  seedF1 0.705  1.0s  (114892 seeds/s)  eta ~0.1min
13:10:31 │ VAL  AUROC 0.9682 | AUPRC 0.6928 (base 0.0141) | F1 0.6921 (thr 0.820) | P 0.9522 R 0.5436 | MCC 0.7167
13:10:31 │ best AUPRC 0.6966 @ ep60   patience 4/20
13:10:31 └────────────────────────────────────────────────────────────────────────────
13:10:31 [train] ep77 step   1/19 | loss 0.0091 (pos 0.068/neg 0.004) | sup 467+/5803- | seedF1 0.759 | subgraph n=6,270 e=18,068 | lr 1.81e-05 | gpu 332MB
13:10:31 [train] ep77 step   6/19 | loss 0.0105 (pos 0.082/neg 0.005) | sup 467+/5570- | seedF1 0.726 | subgraph n=6,037 e=17,439 | lr 1.77e-05 | gpu 332MB
13:10:31 [train] ep77 step  11/19 | loss 0.0106 (pos 0.081/neg 0.005) | sup 450+/5307- | seedF1 0.718 | subgraph n=5,757 e=16,696 | lr 1.74e-05 | gpu 332MB
13:10:31 [train] ep77 step  16/19 | loss 0.0090 (pos 0.088/neg 0.004) | sup 399+/5916- | seedF1 0.712 | subgraph n=6,315 e=18,319 | lr 1.70e-05 | gpu 332MB
13:10:32 ┌────────────────────────────────────────────────────────────────────────────
13:10:32 │ EPOCH  77/80  train_loss 0.0092 (pos 0.072 / neg 0.004)  seedF1 0.715  1.0s  (118645 seeds/s)  eta ~0.0min
13:10:32 │ VAL  AUROC 0.9683 | AUPRC 0.6932 (base 0.0141) | F1 0.6924 (thr 0.813) | P 0.9418 R 0.5475 | MCC 0.7153
13:10:32 │ best AUPRC 0.6966 @ ep60   patience 3/20
13:10:32 └────────────────────────────────────────────────────────────────────────────
13:10:32 [train] ep78 step   1/19 | loss 0.0089 (pos 0.067/neg 0.004) | sup 407+/5200- | seedF1 0.696 | subgraph n=5,607 e=16,284 | lr 1.68e-05 | gpu 332MB
13:10:32 [train] ep78 step   2/19 | loss 0.0095 (pos 0.076/neg 0.004) | sup 421+/5321- | seedF1 0.686 | subgraph n=5,742 e=16,788 | lr 1.67e-05 | gpu 332MB
13:10:33 [train] ep78 step   7/19 | loss 0.0088 (pos 0.068/neg 0.004) | sup 421+/5531- | seedF1 0.690 | subgraph n=5,952 e=17,427 | lr 1.64e-05 | gpu 332MB
13:10:33 [train] ep78 step  12/19 | loss 0.0102 (pos 0.077/neg 0.004) | sup 446+/5206- | seedF1 0.697 | subgraph n=5,652 e=16,669 | lr 1.61e-05 | gpu 332MB
13:10:33 [train] ep78 step  17/19 | loss 0.0090 (pos 0.067/neg 0.004) | sup 431+/5275- | seedF1 0.705 | subgraph n=5,706 e=16,613 | lr 1.59e-05 | gpu 332MB
13:10:34 ┌────────────────────────────────────────────────────────────────────────────
13:10:34 │ EPOCH  78/80  train_loss 0.0093 (pos 0.071 / neg 0.004)  seedF1 0.705  0.9s  (120202 seeds/s)  eta ~0.0min
13:10:34 │ VAL  AUROC 0.9679 | AUPRC 0.6915 (base 0.0141) | F1 0.6920 (thr 0.820) | P 0.9480 R 0.5449 | MCC 0.7159
13:10:34 │ best AUPRC 0.6966 @ ep60   patience 2/20
13:10:34 └────────────────────────────────────────────────────────────────────────────
13:10:34 [train] ep79 step   1/19 | loss 0.0099 (pos 0.084/neg 0.005) | sup 417+/5922- | seedF1 0.659 | subgraph n=6,339 e=18,838 | lr 1.58e-05 | gpu 332MB
13:10:34 [train] ep79 step   3/19 | loss 0.0084 (pos 0.077/neg 0.004) | sup 373+/5885- | seedF1 0.687 | subgraph n=6,258 e=18,235 | lr 1.57e-05 | gpu 332MB
13:10:34 [train] ep79 step   8/19 | loss 0.0097 (pos 0.077/neg 0.004) | sup 414+/5122- | seedF1 0.686 | subgraph n=5,536 e=16,428 | lr 1.55e-05 | gpu 332MB
13:10:35 [train] ep79 step  13/19 | loss 0.0104 (pos 0.075/neg 0.005) | sup 450+/5339- | seedF1 0.684 | subgraph n=5,789 e=16,922 | lr 1.54e-05 | gpu 332MB
13:10:35 [train] ep79 step  18/19 | loss 0.0085 (pos 0.060/neg 0.004) | sup 426+/5285- | seedF1 0.692 | subgraph n=5,711 e=16,445 | lr 1.52e-05 | gpu 332MB
13:10:36 ┌────────────────────────────────────────────────────────────────────────────
13:10:36 │ EPOCH  79/80  train_loss 0.0094 (pos 0.073 / neg 0.004)  seedF1 0.693  0.9s  (120736 seeds/s)  eta ~0.0min
13:10:36 │ VAL  AUROC 0.9680 | AUPRC 0.6930 (base 0.0141) | F1 0.6926 (thr 0.818) | P 0.9543 R 0.5436 | MCC 0.7175
13:10:36 │ best AUPRC 0.6966 @ ep60   patience 1/20
13:10:36 └────────────────────────────────────────────────────────────────────────────
13:10:36 [train] ep80 step   1/19 | loss 0.0091 (pos 0.071/neg 0.004) | sup 457+/5511- | seedF1 0.678 | subgraph n=5,968 e=17,276 | lr 1.52e-05 | gpu 332MB
13:10:36 [train] ep80 step   4/19 | loss 0.0093 (pos 0.073/neg 0.004) | sup 424+/5325- | seedF1 0.702 | subgraph n=5,749 e=16,729 | lr 1.51e-05 | gpu 332MB
13:10:36 [train] ep80 step   9/19 | loss 0.0096 (pos 0.079/neg 0.005) | sup 380+/5584- | seedF1 0.690 | subgraph n=5,964 e=17,060 | lr 1.51e-05 | gpu 332MB
13:10:36 [train] ep80 step  14/19 | loss 0.0081 (pos 0.066/neg 0.004) | sup 433+/5911- | seedF1 0.703 | subgraph n=6,344 e=18,348 | lr 1.50e-05 | gpu 332MB
13:10:37 [train] ep80 step  19/19 | loss 0.0097 (pos 0.083/neg 0.004) | sup 421+/5653- | seedF1 0.700 | subgraph n=6,074 e=17,699 | lr 1.50e-05 | gpu 332MB
13:10:37 ┌────────────────────────────────────────────────────────────────────────────
13:10:37 │ EPOCH  80/80  train_loss 0.0094 (pos 0.075 / neg 0.004)  seedF1 0.700  1.0s  (119987 seeds/s)  eta ~0.0min
13:10:37 │ VAL  AUROC 0.9679 | AUPRC 0.6912 (base 0.0141) | F1 0.6919 (thr 0.815) | P 0.9438 R 0.5462 | MCC 0.7152
13:10:37 │ best AUPRC 0.6966 @ ep60   patience 0/20
13:10:37 └────────────────────────────────────────────────────────────────────────────
13:10:37 [train] early stopping: no AUPRC improvement for 20 epochs.
13:10:38 [eval] loaded checkpoint runs\20260807_130821_exp2_bidir\best.pt (epoch 60)
13:10:39 ── VALIDATION ────────────────────────────────────────────────────
  events=54,356  positives=769  pos_rate=1.41%
  ranking:   AUROC=0.9681   AUPRC=0.6966   (baseline AP=0.0141, lift x49.2)
  @thr=0.813:  F1=0.6965   P=0.9611   R=0.5462   MCC=0.7219
  @thr=0.50:  F1=0.3472
  confusion: TN=53,570  FP=17  FN=349  TP=420
  triage:    precision@K(=n_pos)=0.6242  (lift x44.1 over random)
──────────────────────────────────────────────────────────────────
13:10:40 ── TEST ──────────────────────────────────────────────────────────
  events=60,664  positives=779  pos_rate=1.28%
  ranking:   AUROC=0.9764   AUPRC=0.7034   (baseline AP=0.0128, lift x54.8)
  @thr=0.813:  F1=0.7002   P=0.9535   R=0.5533   MCC=0.7239
  @thr=0.50:  F1=0.3466
  confusion: TN=59,864  FP=21  FN=348  TP=431
  triage:    precision@K(=n_pos)=0.6329  (lift x49.3 over random)
──────────────────────────────────────────────────────────────────
13:10:40 [eval] mean attention per edge, per provenance relation (what the model leans on, normalised for edge volume):
13:10:40 [eval]   NET_TRIGGER       19.2%  #######
13:10:40 [eval]   CONFIG_TRIGGER    18.4%  #######
13:10:40 [eval]   PROCESS_CHILD     17.4%  ######
13:10:40 [eval]   SESSION_ACTION    15.4%  ######
13:10:40 [eval]   HOST_SEQUENCE     15.2%  ######
13:10:40 [eval]   USER_SEQUENCE     14.4%  #####
13:10:40 ── TEST (alt operating point: recall) ────────────────────────────
  events=60,664  positives=779  pos_rate=1.28%
  ranking:   AUROC=0.9764   AUPRC=0.7034   (baseline AP=0.0128, lift x54.8)
  @thr=0.329:  F1=0.2206   P=0.1253   R=0.9191   MCC=0.3221
  @thr=0.50:  F1=0.3466
  confusion: TN=54,888  FP=4,997  FN=63  TP=716
  triage:    precision@K(=n_pos)=0.6329  (lift x49.3 over random)
──────────────────────────────────────────────────────────────────
13:10:40 [eval] rewire ablation: permuting edge destinations (degrees kept, topology destroyed) ...
13:10:46 ── TEST (REWIRE ablation) ────────────────────────────────────────
  events=60,664  positives=779  pos_rate=1.28%
  ranking:   AUROC=0.7653   AUPRC=0.2357   (baseline AP=0.0128, lift x18.4)
  @thr=0.813:  F1=0.2354   P=0.6768   R=0.1425   MCC=0.3070
  @thr=0.50:  F1=0.2193
  confusion: TN=59,832  FP=53  FN=668  TP=111
  triage:    precision@K(=n_pos)=0.2824  (lift x22.0 over random)
──────────────────────────────────────────────────────────────────
13:10:46 [eval] AUPRC drop from rewiring: 0.7034 -> 0.2357  (delta +0.4678). Model depends on graph structure as intended.
13:10:47 [eval] report -> runs\20260807_130821_exp2_bidir\eval_report.json
13:10:47 [mlp ] training feature-only baseline (no edges) ...
13:10:49 [mlp ] ep 1 val AUPRC 0.3615  AUROC 0.8936  F1 0.4098
13:10:58 [mlp ] ep 5 val AUPRC 0.4639  AUROC 0.8976  F1 0.4921
13:11:09 [mlp ] ep10 val AUPRC 0.4851  AUROC 0.8885  F1 0.5128
13:11:21 [mlp ] ep15 val AUPRC 0.4791  AUROC 0.8741  F1 0.5203
13:11:33 [mlp ] ep20 val AUPRC 0.4712  AUROC 0.8646  F1 0.5266
13:11:44 [mlp ] ep25 val AUPRC 0.4627  AUROC 0.8553  F1 0.5191
13:11:44 ── TEST (MLP feature-only baseline) ──────────────────────────────
  events=60,664  positives=779  pos_rate=1.28%
  ranking:   AUROC=0.8852   AUPRC=0.5398   (baseline AP=0.0128, lift x42.0)
  @thr=0.847:  F1=0.5821   P=0.7614   R=0.4711   MCC=0.5950
  @thr=0.50:  F1=0.0558
  confusion: TN=59,770  FP=115  FN=412  TP=367
  triage:    precision@K(=n_pos)=0.5212  (lift x40.6 over random)
──────────────────────────────────────────────────────────────────
13:11:44 ── TEST (MLP baseline, alt operating point: recall) ──────────────
  events=60,664  positives=779  pos_rate=1.28%
  ranking:   AUROC=0.8852   AUPRC=0.5398   (baseline AP=0.0128, lift x42.0)
  @thr=0.516:  F1=0.0584   P=0.0302   R=0.8498   MCC=0.1161
  @thr=0.50:  F1=0.0558
  confusion: TN=38,653  FP=21,232  FN=117  TP=662
  triage:    precision@K(=n_pos)=0.5212  (lift x40.6 over random)
──────────────────────────────────────────────────────────────────
13:11:44 [run ] Compare: if RGAT test AUPRC >> MLP AUPRC, the model is reading TOPOLOGY, not just features — exactly the point of event-centric provenance graphs.
13:11:44 [run ] done.
